row_id,partition,x1,x2,y,mu_truth,sigma_truth
C0001,train,-1.83427318946,-1.38504356339,-1.11182459553,-1.04038127307,0.880169174103
C0002,train,-0.197037194979,-1.72355586401,-0.222455707284,0.833361681468,0.585466695096
C0003,train,0.84180303045,-0.025334133135,2.13349274162,3.46521700084,0.701524545481
C0004,train,-0.785064337082,0.742745417575,0.902892881351,0.935145432858,0.691311580675
C0005,train,0.233456709505,-0.0226641084066,2.12910000802,2.45168021493,0.592022207711
C0006,train,1.63423940306,1.76154053706,4.30918790852,5.04266462197,0.84416309255
C0007,train,0.417877042081,1.46030089615,3.72363582455,3.46470398979,0.625217867575
C0008,train,-2.30855238418,1.30927082539,-0.355521258366,-0.344162298528,0.965539429152
C0009,train,0.0781059757278,-0.863511095894,1.05341746547,1.76744159516,0.564059075631
C0010,train,1.27986854844,0.921776247723,3.6427537706,4.37148780819,0.780376338719
C0011,train,1.43768482091,0.718663844377,4.55213358752,4.41508429668,0.808783267763
C0012,train,0.13924734187,-0.660210947049,2.99229466399,1.98032394553,0.575064521537
C0013,train,-1.26202608519,-0.222369580199,0.0564253791449,-0.0406123275851,0.777164695335
C0014,train,-2.08870714393,0.789524781931,-0.180906029446,-0.310819390101,0.925967285908
C0015,train,1.84493472353,1.75112092215,5.14107549334,5.21454781457,0.882088250236
C0016,train,-1.87152252169,-1.33706880131,-1.59768884603,-1.05206031502,0.886874053905
C0017,train,-1.27367716296,0.737757553365,1.88142503691,0.380879526619,0.779261889333
C0018,train,2.30885489821,1.08811131783,3.78972196909,5.42339056855,0.965593881678
C0019,train,-2.10814682136,-0.014349783754,-0.962785250332,-0.694028593988,0.929466427844
C0020,train,-0.791156413702,0.356287452045,0.158247986936,0.752730268486,0.692408154466
C0021,train,0.0718121676442,-0.817790266938,2.12401887276,1.7754707341,0.562926190176
C0022,train,0.844811096125,-1.42013204838,2.61376752192,2.84156066572,0.702065997302
C0023,train,-0.315946740609,-0.317030486671,0.584061461674,1.2378087384,0.60687041331
C0024,train,-0.145323247217,0.898409405828,2.13685594672,2.11486018713,0.576158184499
C0025,train,-0.504025012747,0.0920547997509,0.992614296293,1.08205170591,0.640724502294
C0026,train,0.0533196976471,0.91182622576,4.00278222218,2.5169005964,0.559597545576
C0027,train,0.88342475411,0.517350129675,3.35088286644,3.76385513036,0.70901645574
C0028,train,-0.768566948737,0.324759988204,0.407561688847,0.770318224282,0.688342050773
C0029,train,-1.8548811898,0.389263836654,-0.369711365171,-0.260237868338,0.883878614163
C0030,train,-0.451666854791,0.0336533114728,1.06459796474,1.14719194742,0.631300033862
C0031,train,2.02230859314,0.142157325746,4.34222613473,4.65964180591,0.914015546766
C0032,train,0.620044517833,0.198477798486,2.97610717784,3.24112120853,0.66160801321
C0033,train,-1.16518100976,-0.143746234383,-0.621847446236,0.0865202370697,0.759732581758
C0034,train,1.96568503817,-0.727465584566,5.33075441869,4.21154056192,0.903823306871
C0035,train,0.398209625698,-0.243412946499,2.09669900737,2.66241467979,0.621677732626
C0036,train,-0.520978723319,-0.331962252353,0.886142859844,0.862228731726,0.643776170198
C0037,train,1.21713191357,1.52028139099,4.70636340869,4.58305302448,0.769083744443
C0038,train,-0.0907806271976,-0.89363448016,0.0397170194341,1.41660199038,0.566340512896
C0039,train,-0.363942161733,-0.0809047363136,2.01226072821,1.25448636352,0.615509589112
C0040,train,1.75218992809,-0.867457328797,5.58325499916,3.95624568268,0.865394187056
C0041,train,1.72820300726,-0.126092386195,4.40517966854,4.26985093335,0.861076541307
C0042,train,-2.33452483609,-0.382046413333,-0.2305070568,-1.14053735677,0.970214470495
C0043,train,-0.414431651947,0.875000109732,2.58757466458,1.59239660689,0.62459769735
C0044,train,0.94511433945,-0.125631037648,3.72635073116,3.55145025674,0.720120581101
C0045,train,-1.16765372889,-1.29021955515,-0.453366406326,-0.431830269592,0.7601776712
C0046,train,1.0263992703,-0.204838599412,4.26802371166,3.61060217813,0.734751868654
C0047,train,0.584202906333,-0.953306869352,3.21289709794,2.66493421359,0.65515652314
C0048,train,-2.49403728172,0.371292380895,0.384567527468,-1.03589898197,0.99892671071
C0049,train,-1.89008276337,-0.894148152091,-2.24277849375,-0.869667494795,0.890214897406
C0050,train,-1.1685152575,1.43097027836,1.30265985748,0.791857138587,0.76033274635
C0051,train,1.39695350883,-0.241722257642,3.77163006741,3.94917674861,0.801451631589
C0052,train,2.09084997089,-0.553837137912,4.2526802387,4.41922568707,0.926352994761
C0053,train,1.05449793805,-1.63099100638,3.22167144127,2.99994105055,0.739809628849
C0054,train,-1.56900304116,-1.47943060146,-2.21441212877,-0.863423997358,0.832420547409
C0055,train,-1.67524226259,0.82732544354,-1.33599922828,0.0891700784357,0.851543607267
C0056,train,0.303841943578,-0.338911692553,1.3933150578,2.44415871775,0.604691549844
C0057,train,-0.0889710240924,0.478022392951,3.13718398697,2.03744929525,0.566014784337
C0058,train,-1.97105838262,0.054525449873,-0.276873779514,-0.519628939886,0.904790508871
C0059,train,-2.4298475874,-0.432020741102,-1.52712000719,-1.29944494171,0.987372565733
C0060,train,-0.375550859163,-0.156111093893,1.00420836304,1.19924546656,0.617599154649
C0061,train,0.253076612185,-0.30001191935,3.80414021682,2.36474681063,0.595553790193
C0062,train,-1.37422362447,-1.14809834851,-1.357815037,-0.555486053949,0.797360252404
C0063,train,0.316276629415,0.468492688703,2.53317676779,2.83097077271,0.606929793295
C0064,train,2.22412533056,0.424437892123,2.99876101276,5.01517716682,0.950342559501
C0065,train,0.569101733489,-0.607364883753,3.14302465924,2.79579277156,0.652438312028
C0066,train,0.0117170311925,1.65319081959,2.90598109215,2.76736928777,0.552109065615
C0067,train,-0.664983632929,0.511777008021,1.36332511698,1.00798039618,0.669697053927
C0068,train,1.17705688968,-0.0451206226119,3.63777733063,3.84014832564,0.761870240143
C0069,train,2.23404903181,1.01473300644,7.0507182264,5.29320577533,0.952128825726
C0070,train,0.762606540281,0.789291211896,3.82444952536,3.72251858086,0.687269177251
C0071,train,2.28586350796,0.633431014617,6.89519233038,5.18821584572,0.961455431434
C0072,train,-0.715174443886,0.966127077935,1.9513875061,1.13646692561,0.6787313999
C0073,train,-0.963622634625,0.90757455365,0.640567002496,0.778194300778,0.723452074233
C0074,train,-2.15749746736,0.664792324309,-0.6147376699,-0.444718106825,0.938349544125
C0075,train,2.47908484912,-0.868031872762,6.35695540313,4.78912014764,0.996235272841
C0076,train,1.69583671474,0.449514806243,4.66697605749,4.50220839648,0.855250608653
C0077,train,-1.45671936333,1.14443461061,1.5438838883,0.407734563076,0.8122094854
C0078,train,2.15775103216,0.965021427986,5.35881085238,5.17843044134,0.938395185788
C0079,train,0.0723375285108,-0.0608519239155,3.86042976309,2.11714044088,0.563020755132
C0080,train,-1.7067515801,-0.854685395745,-1.77706577166,-0.693488968393,0.857215284418
C0081,train,1.94536915598,-1.10155061358,4.87084922487,4.02351502254,0.900166448077
C0082,train,-2.3480379349,-1.70458001399,-1.94274178884,-1.7543540319,0.972646828282
C0083,train,-1.39916914806,0.457306051002,-1.42901591269,0.145984901225,0.801850446652
C0084,train,1.43500156924,0.960004484356,4.94460025436,4.52148312314,0.808300282463
C0085,train,-1.99895962205,0.895561408118,0.0571202150287,-0.168908601666,0.909812731969
C0086,train,-0.978700581078,0.810981211811,1.47302287678,0.716902373145,0.726166104594
C0087,train,1.24087032958,-1.38851258889,5.49151053442,3.29628777301,0.773356659324
C0088,train,1.71207630872,-0.315699917663,5.59243298049,4.171197367,0.85817373557
C0089,train,-1.9761627696,0.860200189507,0.619596905674,-0.162100101177,0.905709298528
C0090,train,0.1979675504,-0.804939251294,2.08051396634,2.03063324206,0.585634159072
C0091,train,-1.86735440065,0.67025066264,0.121704523257,-0.144999067306,0.886123792117
C0092,train,0.888478044304,-0.489670319285,4.04102427851,3.31716488936,0.709926047975
C0093,train,1.11089304244,-0.302324157355,3.32907320259,3.65784971477,0.749960747638
C0094,train,-0.0697515969124,-1.72284822115,-0.366408977466,1.0853507192,0.562555287444
C0095,train,0.0428252796633,0.319108888727,2.42036300268,2.22921815407,0.557708550339
C0096,train,-0.883351067933,0.153837600554,0.521200057058,0.538273899658,0.709003192228
C0097,train,1.17019177237,0.100182904871,4.60686373816,3.89881017669,0.760634519027
C0098,train,1.30922061427,0.490605338282,4.05228909406,4.20356502212,0.785659710569
C0099,train,2.23034391274,-0.911506763659,6.15234302766,4.42175638995,0.951461904294
C0100,train,0.665313189259,-1.57711261165,2.65511079987,2.51312705882,0.669756374067
C0101,train,-1.03013902921,0.550129271448,1.11991575009,0.540590536077,0.735425025257
C0102,train,-0.313626368649,1.17742716848,2.47340331074,1.91468850762,0.606452746357
C0103,train,-2.41672778994,-0.65052737719,-0.736855689554,-1.3783521098,0.98501100219
C0104,train,2.39652217321,-0.316177962427,4.82843886602,4.91382622375,0.981373991179
C0105,train,-1.99320249479,0.184663878293,1.12168030836,-0.483030785311,0.908776449061
C0106,train,1.88095031961,-0.349622955711,4.23886609143,4.30161437863,0.88857105753
C0107,train,0.165360398703,-1.07217236628,1.18391246268,1.84644444807,0.579764871767
C0108,train,2.41261527592,1.43062072848,4.06617126978,5.72334867132,0.984270749666
C0109,train,0.669254422237,0.0143729816204,2.1222330193,3.23536673892,0.670465796003
C0110,train,1.49033721205,-1.25041401142,2.40514641346,3.57185318389,0.818260698169
C0111,train,1.3363112765,-1.42315501927,3.79279628017,3.36600637434,0.790536029769
C0112,train,-2.2202512536,-0.45820385111,-2.00998296487,-1.02556368803,0.949645225649
C0113,train,1.74858794945,0.0740841813854,5.25819656104,4.37691985565,0.864745830901
C0114,train,-1.58772464121,0.677722149382,-0.801940207023,0.0923155178454,0.835790435418
C0115,train,1.74304981238,0.447739323846,4.74399329711,4.54043263541,0.863748966228
C0116,train,-1.82496057822,-0.0415811586105,0.510540688754,-0.427640998191,0.87849290408
C0117,train,1.16548437221,1.41904003881,4.64809683312,4.48766130389,0.759787186997
C0118,train,1.92299468235,-1.11950694754,4.18571383466,3.99414215694,0.896139042822
C0119,train,0.8683259504,-0.181889902278,2.81188823664,3.42968911383,0.706298671072
C0120,train,-2.44040103935,0.483703554168,-1.32761019147,-0.903139255246,0.989272187084
C0121,train,-2.06813702004,1.06024471683,-0.880478110054,-0.166706074201,0.922264663608
C0122,train,-0.617144182401,-0.235308429662,0.812502945358,0.7469353119,0.661085952832
C0123,train,-1.47137939951,-0.674228334453,-0.34087874765,-0.422591798561,0.814848291912
C0124,train,2.15927919977,-1.21754435292,5.71721421643,4.19806214031,0.938670255959
C0125,train,-1.65612172044,-1.31430238687,-0.485301826487,-0.859059366935,0.848101909679
C0126,train,-2.15201711532,0.207798815118,0.361368227163,-0.643981876635,0.937363080758
C0127,train,-1.23196725598,0.467475395959,-0.525457744473,0.297518668936,0.771754106076
C0128,train,-0.0835988333656,-0.512143173108,1.810156316,1.60257127997,0.565047790006
C0129,train,-2.41644596619,0.334198066961,-0.66386722727,-0.934810732294,0.984960273914
C0130,train,-0.0331404191854,-1.86019307771,1.92493706417,1.09664683254,0.555965275453
C0131,train,1.88693651712,2.42890926876,5.43233025881,5.55742454447,0.889648573082
C0132,train,-1.26836621604,1.47685060914,0.984605474312,0.718275940882,0.778305918886
C0133,train,0.110175101757,3.56360370998,4.06923727259,3.82343822367,0.569831518316
C0134,train,1.89375852431,-0.815352948492,3.79412821514,4.10377204759,0.890876534375
C0135,train,2.31433451759,-0.970639038467,3.99377856162,4.50433149776,0.966580213166
C0136,train,1.50636794013,1.27694310504,4.74528600396,4.72208965689,0.821146229223
C0137,train,1.54496899606,1.04460793598,3.95422577585,4.64851967378,0.828094419291
C0138,train,1.93718779355,-0.500891511315,5.04739544897,4.28597948464,0.898693802839
C0139,train,-2.03229393693,0.0993111166367,-0.524191551795,-0.561297725213,0.915812908647
C0140,train,-1.8435008854,-0.0857162433957,-0.75282520741,-0.463843180771,0.881830159373
C0141,train,-1.91055618657,0.328091666844,-1.49675382347,-0.338611561556,0.893900113582
C0142,train,1.16036052433,0.893403277891,5.02980514799,4.2460582629,0.758864894379
C0143,train,1.23845866008,-0.447259030553,3.45440929097,3.71761664476,0.772922558815
C0144,train,0.659023344573,-0.525951666793,2.55857251728,2.97642297892,0.668624202023
C0145,train,2.45997635948,-0.679865332336,4.98071495475,4.84446674135,0.992795744706
C0146,train,-1.63795534647,0.822710702387,0.9148456845,0.117256688228,0.844831962365
C0147,train,-1.44227891323,-1.55163096245,-1.99222758271,-0.793688585402,0.809610204381
C0148,train,-1.37154871246,1.72971714183,1.22745391759,0.741794941646,0.796878768243
C0149,train,0.502465184262,-0.0894916273526,2.07637998296,2.91641741647,0.640443733167
C0150,train,2.34568570565,1.17087644685,4.54996051002,5.51092064729,0.972223427017
C0151,train,0.738628356779,0.184311421103,4.0143285508,3.41570834678,0.68295310422
C0152,train,-0.717536753917,0.616747116139,0.425359067145,0.9757436104,0.679156615705
C0153,train,-1.71907986062,-2.02092442287,-1.70892020386,-1.22845613529,0.859434374911
C0154,train,0.970370013877,-1.27692638202,2.43481863567,3.06360545834,0.724666602498
C0155,train,1.85748910691,-0.229618642353,4.50180750725,4.33441258348,0.884348039243
C0156,train,-2.26167945514,0.554981234514,-0.403886332371,-0.621953595745,0.957102301925
C0157,train,1.77842820411,0.242078520167,4.16790693176,4.47770543508,0.870117076741
C0158,train,-2.3109002642,-0.331636737422,-0.196627264437,-1.08572700031,0.965962047556
C0159,train,2.40302431602,-0.596954926689,3.84992350425,4.79691918338,0.982544376884
C0160,train,0.841595840266,0.19442857706,2.15212437535,3.5638341227,0.701487251248
C0161,train,0.281264371623,1.18523733462,3.27468469829,3.08712501723,0.600627586892
C0162,train,-0.637034654611,-1.16594420682,-0.515284991101,0.296587009615,0.66466623783
C0163,train,-0.963215684395,0.680332480207,0.0891201288242,0.676419988354,0.723378823191
C0164,train,-1.01905134436,1.36487730536,1.62564986222,0.919687416106,0.733429241985
C0165,train,-0.562328177248,-0.781493470397,1.03479531946,0.590432679488,0.651219071905
C0166,train,1.28450458876,-1.56563066952,3.3762003211,3.25631420592,0.781210825976
C0167,train,1.09770936527,2.02222343866,4.116067037,4.69014885644,0.747587685748
C0168,train,2.1315166688,-0.44673912264,4.50025058833,4.51287257456,0.933673000385
C0169,train,2.42379787778,0.565600597991,5.6762784638,5.35057525396,0.986283618
C0170,train,1.20738482753,-0.66429506847,3.64749171383,3.59075563373,0.767329268955
C0171,train,1.29404214983,1.52026977007,4.80890941774,4.65348289543,0.782927586969
C0172,train,0.905032804132,-0.562119549277,3.31482427495,3.30554555138,0.712905904744
C0173,train,1.88245831156,-0.121177383687,4.27567975509,4.40579063766,0.888842496081
C0174,train,-0.99100714932,1.17736470317,0.482517400781,0.867413713054,0.728381286878
C0175,train,1.67445825599,-0.346733983361,2.78734409023,4.12645872369,0.851402486078
C0176,train,-1.26375348662,0.0870160429428,-0.411515630008,0.0970388912959,0.777475627591
C0177,train,-2.30616712623,0.344053693129,-0.316059347282,-0.77531020478,0.965110082721
C0178,train,-1.21656411393,-0.748285172455,0.579733465447,-0.235118631702,0.768981540507
C0179,train,2.25662138169,-0.629526919436,4.47789177522,4.58191206829,0.956191848704
C0180,train,-0.144813704591,-0.636252045658,2.03022817923,1.42526884131,0.576066466826
C0181,train,0.358570187117,1.25997609184,4.33097509022,3.26615713204,0.614542633681
C0182,train,0.0261961795381,-0.692624222805,0.999558518174,1.74070426906,0.554715312317
C0183,train,0.917635079315,-1.26593446728,2.41185845196,3.00458765344,0.715174314277
C0184,train,0.230729305344,0.9275074161,3.22753943607,2.87397575252,0.591531274962
C0185,train,2.25800368391,0.960467446688,4.6718208646,5.29918180158,0.956440663104
C0186,train,1.43843459091,-2.75847797085,2.99396908791,2.85098605524,0.808918226364
C0187,train,-1.06982898291,-1.18504402128,-0.00949516209751,-0.283784803335,0.742569216925
C0188,train,-0.273305950692,0.244694603429,0.711377655218,1.57154550139,0.599195071124
C0189,train,0.723683840999,1.30606384323,4.10519189564,3.898603812,0.68026309138
C0190,train,0.511406308213,-0.338418276333,1.90832549525,2.81975361032,0.642053135478
C0191,train,0.06415504061,1.63676806749,3.72966522792,2.864750177,0.56154790731
C0192,train,-0.289896483325,0.573031637297,2.21501156088,1.68765393531,0.602181366999
C0193,train,0.298907689075,0.266417057909,2.27198479357,2.70720986513,0.603803384033
C0194,train,-1.41467655563,-2.09501401732,-1.22617846171,-1.01546068397,0.804641780013
C0195,train,1.99601882331,-0.499636690492,4.43198024326,4.34411763632,0.909283388197
C0196,train,-1.70159631315,0.794239941787,-0.514260439465,0.0527610613288,0.856287336366
C0197,train,0.326036667837,0.550095779926,3.37684457427,2.88604513176,0.608686600211
C0198,train,-0.0600033152271,-0.769473913243,1.85052433098,1.53381646071,0.560800596741
C0199,train,-0.628366955793,0.336855999159,1.75674058802,0.986545529459,0.663106052043
C0200,train,-0.473281255437,-0.111089401671,1.28260007238,1.04399265954,0.635190625979
C0201,train,0.691492685701,-0.740606634969,2.02139914503,2.92954136499,0.674468683426
C0202,train,-1.73022132719,0.0485718678094,-1.90776042424,-0.306410097689,0.861439838894
C0203,train,0.249730792818,-0.638344018974,1.78349840233,2.20605419123,0.594951542707
C0204,train,0.0536842512079,-0.66747487128,1.62418393406,1.80694295882,0.559663165217
C0205,train,-0.881364971451,1.58907177017,0.537850460878,1.18668017086,0.708645694861
C0206,train,-1.08153125023,0.365527784139,0.0339810626664,0.4014404318,0.744675625041
C0207,train,-2.14911056398,-1.27543324166,-0.979284834607,-1.30806429318,0.936839901517
C0208,train,-0.189008717707,-0.0847285314238,1.62986920656,1.58653637486,0.584021569187
C0209,train,1.10131724126,-1.81614979525,2.70969449189,2.96665969111,0.748237103427
C0210,train,-1.0812125072,1.03120633865,0.842951488822,0.701335310586,0.744618251295
C0211,train,0.237772085765,-0.856209857357,1.32616541045,2.08493317643,0.592798975438
C0212,train,2.25191758727,-0.30558220154,6.89954790677,4.72167322188,0.955345165708
C0213,train,1.50782071258,-0.249258024534,3.88596201405,4.03646843162,0.821407728265
C0214,train,-2.28611875492,-1.12834264214,-2.04075772744,-1.4112619914,0.961501375886
C0215,train,1.83576619469,1.05093642443,4.30672134467,4.89134966039,0.880437915044
C0216,train,-0.62080305382,-0.036955930868,0.121777696527,0.830354224615,0.661744549688
C0217,train,1.50934009117,-0.302508607105,4.02873893679,4.01372822107,0.821681216411
C0218,train,1.83829673062,-1.2226709601,3.3636249331,3.87046097055,0.880893411511
C0219,train,0.402835798966,-1.14581922208,2.08778378159,2.26474026036,0.622510443814
C0220,train,0.76970384076,0.230946251085,3.16103839609,3.48136341513,0.688546691337
C0221,train,-2.14989801034,0.163495703944,0.417222264768,-0.661458898814,0.936981641861
C0222,train,-0.324459446855,0.0619201602139,1.82319153299,1.39232322619,0.608402700434
C0223,train,-2.48844735781,-0.81112904836,0.177871060205,-1.55926782204,0.997920524405
C0224,train,0.757672602742,0.791456037082,2.6590305964,3.71643575467,0.686381068494
C0225,train,0.0717897970869,0.490862102808,2.40424061859,2.36431969753,0.562922163476
C0226,train,-2.00479891862,-0.670158905823,-1.31710000583,-0.879377661706,0.910863805351
C0227,train,-1.63568188953,1.52804837544,-0.467013403276,0.436489282398,0.844422740115
C0228,train,-1.02592933004,-0.926572844399,-0.848962746079,-0.119209999726,0.734667279407
C0229,train,0.980287415301,-1.37369668257,3.51710791578,3.0317368485,0.726451734754
C0230,train,1.52417653676,-0.794772280285,4.51259324181,3.8041309875,0.824351776617
C0231,train,-0.0137473552983,0.131856980655,2.23975056046,2.0318419699,0.552474523954
C0232,train,-1.15019116514,1.09953967106,1.06297538179,0.660890094733,0.757034409724
C0233,train,0.806293877741,0.145950143989,4.92220781245,3.49422705323,0.695132897993
C0234,train,-1.9149030803,0.876113357878,0.265016880251,-0.0960657988995,0.894682554454
C0235,train,-1.43516825992,-0.368571141036,-1.63984026718,-0.25547513268,0.808330286786
C0236,train,1.37453136943,1.12152774732,4.35436468224,4.54378954459,0.797415646498
C0237,train,-2.35177535613,-1.35780643013,-1.76945865296,-1.60351010931,0.973319564104
C0238,train,0.662056385028,0.417705998425,2.89247395055,3.40576491622,0.669170149305
C0239,train,0.206877253158,0.216124337286,2.72626964286,2.50749906011,0.587237905568
C0240,train,0.198615443382,0.147233327053,1.60824324271,2.46037651701,0.585750779809
C0241,train,-2.16396269734,0.340413078901,-1.05814295572,-0.598261964384,0.939513285521
C0242,train,2.3846323238,-0.143679226814,4.07529701597,4.9743146967,0.979233818284
C0243,train,-1.68956461158,0.396072561095,-0.386871447599,-0.116565078498,0.854121630085
C0244,train,-1.70441309847,-0.30334231733,-0.921710724254,-0.443463123959,0.856794357725
C0245,train,-1.20640090018,-0.761709144704,-0.283033838055,-0.231520812125,0.767152162033
C0246,train,1.24803951354,-0.115133060942,3.50951435888,3.87592808094,0.774647112438
C0247,train,0.23155708271,0.998105075028,2.76449805166,2.90734812119,0.591680274888
C0248,train,0.0385198242142,-0.520480577198,2.35664687242,1.84280053354,0.556933568359
C0249,train,-0.341618598025,-0.0280130694899,2.64740372143,1.31973601742,0.611491347644
C0250,train,-1.38488465975,-1.47285247198,0.141872593281,-0.710616568284,0.799279238754
C0251,train,0.144308035921,-0.333501765801,2.03696768704,2.13734319898,0.575975446466
C0252,train,0.256683966487,0.396386915883,3.60971345549,2.68506581052,0.596203113968
C0253,train,1.44324394885,0.192817525348,4.1726477696,4.1830134475,0.809783910792
C0254,train,-1.9572311974,0.434077983663,-0.623038113301,-0.335330807569,0.902301615533
C0255,train,0.0680360964409,-0.533178868142,1.26347497599,1.89601584559,0.562246497359
C0256,train,0.163312892302,0.919841344215,2.70062877199,2.73882136586,0.579396320614
C0257,train,0.440629257951,-1.32433644315,2.81963393956,2.25239160166,0.629313266431
C0258,train,-2.30730860714,0.553024788232,-1.6874726587,-0.682803651134,0.965315549285
C0259,train,2.11473400207,0.815099290724,4.83844283501,5.0617295953,0.930652120372
C0260,train,-0.64600485755,0.30986915997,0.990701952301,0.94661730418,0.666280874359
C0261,train,0.824499575861,-0.0280062057663,2.61028485143,3.44077972876,0.698409923655
C0262,train,-1.3000648619,-0.411932715054,0.413109398222,-0.160077591018,0.784011675142
C0263,train,-1.0884271359,1.88159965143,1.33579205491,1.07635187735,0.745916884462
C0264,train,2.24591790133,-0.359920964694,5.50749597179,4.68958765367,0.954265222239
C0265,train,0.966964696654,-0.812594444685,4.10328125494,3.26851963524,0.724053645398
C0266,train,0.527768773758,-0.848949458471,3.17397493243,2.61789859755,0.644998379276
C0267,train,0.994871675315,0.0170569651411,3.9540190717,3.67455131858,0.729076901557
C0268,train,1.71892278636,1.62694720855,4.44886338763,5.05103661955,0.859406101544
C0269,train,0.550169084283,0.256325191415,3.95703705533,3.15299126445,0.649030435171
C0270,train,-2.2977781968,0.97369525878,0.363960053867,-0.480771759149,0.963600075424
C0271,train,-1.14006466104,-0.782101645647,0.224425142351,-0.175675211035,0.755211638987
C0272,train,-1.7781884331,-0.297434449321,-1.57132399672,-0.502411573407,0.870073917959
C0273,train,2.44723784993,-0.277192483363,5.26239139465,5.00635598243,0.990502812987
C0274,train,-2.43853666741,-0.183931817597,-2.6990361806,-1.20077960677,0.988936600133
C0275,train,-1.37864398129,0.943852781078,1.55648327306,0.382157787258,0.798155916632
C0276,train,-1.38421248761,0.564476546495,0.456201636044,0.20674688549,0.799158247769
C0277,train,-0.350047936804,0.759713111649,1.24455059848,1.65851648498,0.613008628625
C0278,train,-0.0792643302433,0.147378006999,2.35036056386,1.90799039436,0.564267579444
C0279,train,-0.390665759755,1.60315669445,3.38210946304,1.96322083163,0.620319836756
C0280,train,-1.21807142765,0.615162967779,-0.906922373065,0.377010436126,0.769252856977
C0281,train,1.86737490791,-0.125957989334,2.3694562617,4.38994927779,0.886127483424
C0282,train,-2.24671037969,-0.710469835798,-1.76774555376,-1.1722693293,0.954407868343
C0283,train,-0.224678876535,-2.46678863585,-0.51117148858,0.445078546201,0.590442197776
C0284,train,1.46554703766,-0.0665120111166,3.53741615973,4.08451969739,0.81379846678
C0285,train,-1.93029661928,0.0655942271155,0.131900119719,-0.475307971732,0.89745339147
C0286,train,0.65545505741,-0.20449937856,3.1149603057,3.11553812739,0.667981910334
C0287,train,-0.830263201484,-2.57795595799,-1.54558324421,-0.6212417503,0.699447376267
C0288,train,0.281763972027,-0.627968445218,2.69756061457,2.27213534689,0.600717514965
C0289,train,2.29496923309,0.840205264746,5.68456196381,5.29329560583,0.963094461956
C0290,train,2.09862038836,0.492870562463,5.18020499258,4.89879438163,0.927751669904
C0291,train,-1.69765894348,-1.07159364047,-0.638878744252,-0.783636161344,0.855578609826
C0292,train,-0.474861618595,0.0939256720775,1.51903292315,1.13348394078,0.635475091347
C0293,train,-2.48066969437,0.691823127609,0.265991308512,-0.870865696363,0.996520544986
C0294,train,-1.01150585533,-0.11481054344,0.470649446364,0.262382674631,0.73207105396
C0295,train,1.11221237122,-1.32258007143,3.79942789999,3.20010109611,0.750198226819
C0296,train,-0.736248212415,-0.658409089906,0.808156132269,0.374416676007,0.682524678235
C0297,train,2.38057880914,1.147130457,4.68212897214,5.54937572475,0.978504185645
C0298,train,-1.56992198754,-1.24271303394,0.216746083168,-0.757636251117,0.832585957758
C0299,train,1.3138133265,0.126164821247,3.39909971295,4.04360323778,0.786486398769
C0300,train,2.25085838349,1.37375009587,6.3830843717,5.47602211076,0.955154509028
C0301,train,-0.0216999897203,0.671250966894,1.74861058069,2.2586670426,0.55390599815
C0302,train,-1.66970133048,-1.16256097278,-1.21930737539,-0.801777545168,0.850546239487
C0303,train,-0.259105694721,0.973448672592,2.48485170584,1.92670578406,0.59663902505
C0304,train,1.99796757092,-0.148237568388,3.43097971093,4.50420590901,0.909634162765
C0305,train,0.981027192397,1.11717019112,4.38462527808,4.15349366405,0.726584894631
C0306,train,1.41083379254,0.619021144508,3.29019257584,4.34807545422,0.803950082658
C0307,train,-0.0114092102057,-0.653886968327,1.0897571115,1.68293303788,0.552053657837
C0308,train,-1.175772275,-1.55447357872,-0.804848722065,-0.558710434143,0.761639009499
C0309,train,-0.195558286298,0.120821196627,0.684380905616,1.66622166586,0.585200491534
C0310,train,-0.853650740218,-0.427350092057,1.1670539777,0.315372133345,0.703657133239
C0311,train,-1.42420172713,1.21214708033,-0.54623956468,0.464881729234,0.806356310884
C0312,train,-0.639709109376,-0.192922524262,0.972551175471,0.730237443164,0.665147639688
C0313,train,-0.396368550158,-1.43142153242,0.59548361892,0.587261208878,0.621346339029
C0314,train,0.985816261402,2.10707534459,5.43590560383,4.60454718362,0.727446927052
C0315,train,-2.08085753184,0.653828929001,-0.749612277801,-0.363325902274,0.924554355731
C0316,train,-2.25969984331,0.239872371903,-0.85486095111,-0.761206625164,0.956745971796
C0317,train,1.95828991867,-0.547347237739,4.06536882122,4.28538755343,0.90249218536
C0318,train,1.3745281925,-0.49086846006,5.13404976574,3.81820856475,0.79741507465
C0319,train,-0.704100589189,-0.239557383725,1.46007238339,0.61041520094,0.676738106054
C0320,train,2.21362518717,-0.845570186528,3.81283506422,4.43068187611,0.948452533691
C0321,train,-0.501813578722,0.677673104472,1.25550956913,1.34938632478,0.64032644417
C0322,train,-0.649500629241,-1.0138769372,-0.974279707355,0.345467334511,0.666910113263
C0323,train,-0.776011860428,1.71870617211,1.49722544725,1.38705403291,0.689682134877
C0324,train,-1.35958418034,0.998286163771,1.09588833995,0.42281906691,0.794725152462
C0325,train,1.06320459021,1.17230444235,3.86819122593,4.27089662783,0.741376826238
C0326,train,-1.23110188089,0.498944262719,0.420207703447,0.312486967302,0.771598338561
C0327,train,-2.31070750445,-1.27190371859,-1.34315714074,-1.50858776315,0.9659273508
C0328,train,0.287457939625,0.380690175519,1.90776558679,2.73688095304,0.601742429132
C0329,train,-1.2719124462,0.494793346269,1.313783239,0.273139964553,0.778944240316
C0330,train,-1.27376108897,0.517111597577,1.61761064321,0.281513075872,0.779276996014
C0331,train,1.55128797615,0.586062317661,4.92425883222,4.44723325041,0.829231835708
C0332,train,-0.706086121086,0.516046071656,0.96446127926,0.947466495567,0.677095501795
C0333,train,2.15093067508,-0.470496649642,4.73133258413,4.52450633972,0.937167521514
C0334,train,0.0125103068882,0.645170188983,2.45637627174,2.31534641566,0.55225185524
C0335,train,2.44650605493,-1.45336157609,5.16842638221,4.47597618471,0.990371089888
C0336,train,1.11796032788,0.948676264447,4.76397169347,4.22810079625,0.751232859018
C0337,train,1.11299392248,-2.16828063545,3.15372872433,2.82034458007,0.750338906046
C0338,train,-1.97360056624,-0.66119844813,-0.104033416761,-0.844204418473,0.905248101924
C0339,train,-1.34295773826,-0.0938174228941,-0.619868899163,-0.0543798222931,0.791732392886
C0340,train,1.25822549498,-1.87069896191,1.85977781513,3.09526480543,0.776480589097
C0341,train,-2.43418823621,0.518574455703,-1.01580533875,-0.878147445649,0.988153882519
C0342,train,1.20913695893,0.320590630737,3.80022218655,4.03562035055,0.767644652608
C0343,train,0.988195399419,-0.589013161352,3.80305214819,3.39407803707,0.727875171895
C0344,train,-1.83593042138,-1.50278438787,-2.2136224749,-1.09482614891,0.880467475848
C0345,train,1.90127928109,-1.08714533692,4.97635257034,3.98841170408,0.892230270597
C0346,train,2.22474711833,-0.554902420191,3.17087718003,4.57524735221,0.9504544813
C0347,train,1.39687374867,1.10019795781,4.63512358906,4.5529741726,0.80143727476
C0348,train,1.74836611021,-0.887868794088,4.08321888407,3.94385522909,0.864705899838
C0349,train,-2.31741009635,-0.386251685697,-0.617222892557,-1.11908947853,0.967133817344
C0350,train,2.29407689316,-2.60240127426,2.27004440237,3.74293925831,0.96293384077
C0351,train,0.352472671693,-0.559931427088,2.16621326782,2.43589025862,0.613445080905
C0352,train,-0.818445508481,-0.749493121927,0.548119875883,0.217559420957,0.697320191526
C0353,train,-2.38003095532,2.28545265917,0.309522872288,-0.0039304824984,0.978405571957
C0354,train,1.06975672809,0.759992000373,4.2839517488,4.09243358758,0.742556211057
C0355,train,0.135777565749,-1.20537356001,2.20580718113,1.72813946125,0.574439961835
C0356,train,1.83218587936,-0.436226116335,4.23911548159,4.21897148576,0.879793458286
C0357,train,-1.82110904527,0.786711931067,-0.511898445818,-0.0515399991886,0.877799628148
C0358,train,-2.37973587831,-0.328982601061,-0.595203571042,-1.18000485686,0.978352458096
C0359,train,1.90766683693,-0.595452847677,3.19357656536,4.21560561199,0.893380030647
C0360,train,0.0211119835032,-1.03544650375,1.46207201432,1.57626927668,0.553800157031
C0361,train,2.20597612241,-0.746068410281,4.18917308925,4.4660735866,0.947075702034
C0362,train,-1.82910554869,-0.439386313545,1.02246037099,-0.610288792296,0.879238998764
C0363,train,0.982608824324,0.271997620351,3.97252487794,3.77501701018,0.726869588378
C0364,train,0.773137180302,1.06889626945,4.06345984865,3.86330517917,0.689164692454
C0365,train,-1.29043394186,-0.373348456795,0.062803724986,-0.134154361162,0.782278109535
C0366,train,-2.24460941386,-0.306366823952,1.13790485384,-0.987758032541,0.954029694494
C0367,train,0.212505249855,0.678472953809,2.8831912359,2.72651928322,0.588250944974
C0368,train,2.44919501716,-0.883100365576,5.26356320945,4.73665237419,0.990855103089
C0369,train,-0.0127240912019,1.04613521375,2.75775889936,2.44531348778,0.552290336416
C0370,train,0.167773327145,-0.627115446556,2.24917998433,2.05146632306,0.580199198886
C0371,train,1.56926375828,2.50934002189,4.79807336903,5.32709181111,0.832467476491
C0372,train,-2.1920855281,0.140487681896,-1.32200240047,-0.721714789409,0.944575395058
C0373,train,-2.04521801522,0.0761305379715,-0.565166441669,-0.585223827401,0.918139242739
C0374,train,0.138842619783,0.43449138345,2.61046274076,2.47213987937,0.574991671561
C0375,train,1.42857750186,-0.770960647826,4.14843865244,3.73726153339,0.807143950335
C0376,train,0.993035757302,-1.0376674147,3.26430610073,3.19780132347,0.728746436314
C0377,train,0.589698743298,-0.458058958516,2.32470341621,2.89676460897,0.656145773794
C0378,train,-0.290961084029,-0.972971725454,2.22387691148,0.989927982349,0.602372995125
C0379,train,-0.110273373448,-0.146036353524,0.650826306205,1.71427197028,0.569849207221
C0380,train,1.03234742351,0.209317455591,2.91891756795,3.80362667203,0.735822536231
C0381,train,2.48720123091,-0.4971787113,5.36821017908,4.9685901854,0.997696221565
C0382,train,0.8408422788,0.149732886663,5.6206965066,3.54271644854,0.701351610184
C0383,train,0.751270275954,0.827818769333,3.29727023033,3.72359827618,0.685228649672
C0384,train,-2.12583422058,0.428120479783,-1.08512212584,-0.514793978032,0.932650159704
C0385,train,0.402610673874,-0.902087075046,2.79330556771,2.37401097284,0.622469921297
C0386,train,2.41320481088,-0.826424487904,5.35277699512,4.70854370987,0.984376865959
C0387,train,-2.43069864784,1.34337440948,-1.22243992096,-0.501783986544,0.987525756612
C0388,train,-0.142217625504,-1.64908407446,0.728649631496,0.974622859227,0.575599172591
C0389,train,-1.48768234489,1.60775496768,1.13643183582,0.591095404743,0.817782822081
C0390,train,-1.75854696463,-0.565159153298,-1.65785365117,-0.606265692302,0.866538453633
C0391,train,-0.0753144952106,0.408449524551,2.06536091216,2.03334398363,0.563556609138
C0392,train,1.25141477696,-1.8585741869,0.945423747828,3.09448316532,0.775254659853
C0393,train,0.49023342451,0.972640829548,3.56532382099,3.37324236523,0.638242016412
C0394,train,2.10780347722,0.480726080573,4.61564919602,4.90351536606,0.929404625899
C0395,train,-1.98527775763,-1.4244290863,-1.02006085022,-1.19921263906,0.907349996373
C0396,train,-0.248822452669,-0.560071147148,2.31631561179,1.25640932376,0.59478804148
C0397,train,2.02825463194,-0.801910586056,3.47400631853,4.24094320083,0.915085833749
C0398,train,0.357440548979,-0.791567393501,3.25949783338,2.34086973048,0.614339298816
C0399,train,0.203073173736,-0.64062120422,1.36182136703,2.11454453492,0.586553171272
C0400,train,2.19233923393,-1.49955844736,3.08558677707,4.11043909943,0.944621062107
C0401,train,1.0409657079,0.311612119946,3.22192250347,3.85923439131,0.737373827422
C0402,train,-0.201336515658,-2.2676913081,-0.427916282973,0.580104097519,0.586240572818
C0403,train,1.41326530932,0.305543231961,4.80281083765,4.2090285234,0.804387755678
C0404,train,2.16061396353,0.301137336644,5.01705139239,4.88303124518,0.938910513436
C0405,train,0.346312959335,-0.330739213751,1.32692448898,2.52757356126,0.61233633268
C0406,train,1.71637997142,-1.23454521246,3.73392629259,3.76126544103,0.858948394855
C0407,train,1.56019998002,-0.25402682247,5.26181791071,4.07632523408,0.830835996404
C0408,train,-1.33944353643,-0.241174270586,-0.514566455755,-0.117660619217,0.791099836558
C0409,train,-1.77069656706,1.0475479951,-0.760853683817,0.1091917734,0.86872538207
C0410,train,1.26492357111,-0.498496088444,3.43686286703,3.71885894723,0.777686242799
C0411,train,0.846521409383,-0.622748247531,4.41611999137,3.20265442125,0.702373853689
C0412,train,2.19678324448,-0.498104691423,4.62490820831,4.56646788171,0.945420984007
C0413,train,-1.07386361967,-1.17441463462,0.187145586482,-0.283337845487,0.743295451541
C0414,train,0.558557125431,-0.907733504452,3.43287986794,2.64315172636,0.650540282578
C0415,train,-1.38705837165,-0.546371538199,0.58487402187,-0.295527213905,0.799670506898
C0416,train,-0.821896238035,0.788987676093,0.919081064575,0.905188631824,0.697941322846
C0417,train,-0.219238706884,-1.31067939751,1.4817577712,0.975891658649,0.589462967239
C0418,train,2.21787337234,-0.600645489634,5.25968466792,4.54613886415,0.949217207021
C0419,train,-2.32592705316,-0.227551580126,-1.39463834114,-1.05924558829,0.968666869569
C0420,train,1.33861644146,0.23048856721,4.15865514995,4.11213801093,0.790950959463
C0421,train,0.163876764234,-0.734304134849,1.98716380033,1.99556569584,0.579497817562
C0422,train,1.70203816888,0.917895534751,4.98490922603,4.71806243787,0.856366870399
C0423,train,1.99842527623,0.959833252716,6.04834935988,5.00329831173,0.909716549721
C0424,train,0.386649932408,-0.248417086881,2.57533464634,2.63907235198,0.619596987833
C0425,train,0.829166226197,0.145989088446,2.52001257588,3.52537915423,0.699249920716
C0426,train,-0.63191359624,-1.38772138115,-1.33483655179,0.204870207919,0.663744447323
C0427,train,1.14465757878,2.11521411539,4.61737349818,4.78020143153,0.75603836418
C0428,train,-1.42235466358,0.339246353617,0.325939432057,0.0736019388548,0.806023839444
C0429,train,-0.528231874136,-0.179677863456,0.353564909882,0.918433960623,0.645081737344
C0430,train,2.44562209044,0.847026009455,5.59362361288,5.50981823056,0.990211976279
C0431,train,0.826804692677,-0.848374937541,3.78647356892,3.07472973522,0.698824844682
C0432,train,-0.665019073173,-0.638324601124,1.30826129681,0.49037998479,0.669703433171
C0433,train,-1.2584191819,-0.462185662249,0.804844018253,-0.145239800678,0.776515452741
C0434,train,0.553104199369,-0.190811172357,2.98634714818,2.95668273321,0.649558755886
C0435,train,-1.16030136785,0.00255799659017,-2.92049541747,0.157182939167,0.758854246213
C0436,train,-0.0521780219777,0.271418091321,1.37685992428,2.01783888903,0.559392043956
C0437,train,-2.48378729902,-0.0739303593811,-0.789509787304,-1.220285943,0.997081713824
C0438,train,2.14665728265,-0.845370130189,3.69778055785,4.35086384731,0.936398310878
C0439,train,-1.65893819718,-1.21492856641,-0.695000489192,-0.816619692725,0.848608875493
C0440,train,-2.19455339975,0.107328479563,-0.848670146446,-0.739617591044,0.945019611955
C0441,train,0.372191992158,-1.67168007492,0.773663215571,1.97206841216,0.616994558588
C0442,train,1.30689132167,0.0552377585402,4.96986433159,4.00559761921,0.7852404379
C0443,train,-2.41992670046,0.634176707667,-0.464358487155,-0.804951641115,0.985586806082
C0444,train,1.09792440831,0.153136606309,4.23029011075,3.84928536649,0.747626393495
C0445,train,-0.313180354118,-0.680096674132,0.450404369168,1.07964393634,0.606372463741
C0446,train,1.82441938953,0.995336409037,5.29700306991,4.85635693843,0.878395490115
C0447,train,-1.40434702794,0.827531652622,0.764141352843,0.308268246733,0.802782465029
C0448,train,0.960713594093,-1.24306951149,2.36573667807,3.06736461304,0.722928446937
C0449,train,1.90139785269,1.24671521781,4.3998256425,5.0387587989,0.892251613485
C0450,train,-0.49405445391,-0.45605434869,0.875467378015,0.852603249255,0.638929801704
C0451,train,2.10007080951,1.1350497619,5.22339973136,5.18937796799,0.928012745712
C0452,train,-0.802533777353,-0.723089671359,1.4938780136,0.25123851991,0.694456079924
C0453,train,1.83688906553,-1.37908631792,3.75310107226,3.79883051533,0.880640031796
C0454,train,-1.20529470457,1.51834168751,0.0864011611847,0.795556105572,0.766953046823
C0455,train,-1.19423043285,0.90657408568,0.559317113816,0.530857660219,0.764961477913
C0456,train,-2.33729172401,0.441733171678,-2.24195472019,-0.773642849563,0.970712510321
C0457,train,0.120701072412,1.82465935649,1.79133800951,3.06179751645,0.571726193034
C0458,train,1.23115059977,0.796251510319,3.75211621236,4.27039659539,0.771607107959
C0459,train,-0.638929984493,0.277712213595,-0.0430580696577,0.943248491551,0.665007397209
C0460,train,-2.25850748879,-0.484075981818,0.409253166,-1.08545213661,0.956531347983
C0461,train,1.48481478824,3.15803364497,5.89980128434,5.55119088399,0.817266661883
C0462,train,-0.686760592314,-2.75361302733,-1.636549948,-0.494771976869,0.673616906616
C0463,train,2.15373446285,1.51252433544,5.66727789587,5.42012403068,0.937672203313
C0464,train,-1.69868913344,0.301309184638,1.29200640998,-0.166673991775,0.85576404402
C0465,train,-2.12950505572,-0.722776965651,-0.0414153687749,-1.03686503049,0.933310910029
C0466,train,-2.00836975918,-0.00873034532678,0.190371878435,-0.585355028102,0.911506556652
C0467,train,-0.408344355653,-1.03346047897,0.186190519539,0.744595848316,0.623501984017
C0468,train,-0.0295479289109,-0.310485956182,3.06895783833,1.80119577918,0.555318627204
C0469,train,-2.19830972499,-0.223512215299,-0.00676056557626,-0.893046806603,0.945695750498
C0470,train,-0.0177170730732,-0.0578051207945,1.41466646648,1.93855577387,0.553189073153
C0471,train,0.44256905494,0.820451194064,3.21467417989,3.22100044723,0.629662429889
C0472,train,0.221144822653,1.14964300771,3.27370650912,2.95534507733,0.589806068077
C0473,train,-1.88006521311,0.168137398181,-1.22893805772,-0.38247612984,0.88841173836
C0474,train,1.21499071159,-0.602642741377,3.01622763875,3.62571420864,0.768698328086
C0475,train,0.704670220853,1.32834541864,2.4952267597,3.88039203404,0.676840639753
C0476,train,-0.29089597587,-1.98452699813,0.338819514846,0.53485189758,0.602361275657
C0477,train,1.13034717581,-0.459359884235,4.09658909651,3.60716737482,0.753462491645
C0478,train,0.381716043326,0.536855051884,3.71557698763,2.98340875883,0.618708887799
C0479,train,-1.30154633229,-1.28605577921,-1.21955503875,-0.554744618238,0.784278339813
C0480,train,0.707313128207,-1.02177229053,2.87590722236,2.82678991442,0.677316363077
C0481,train,-1.52862916792,0.947381899164,1.84231273908,0.260970704,0.825153250226
C0482,train,1.92295848062,1.21767674198,6.22706579493,5.04584068679,0.896132526511
C0483,train,1.28683160871,-0.994735945607,3.42341495576,3.51529938173,0.781629689569
C0484,train,2.21560130294,-1.3211831372,4.13158455853,4.21909134216,0.94880823453
C0485,train,-2.05280752377,1.80776871158,-0.428140804455,0.186012944418,0.919505354279
C0486,train,0.117910895788,-0.871227960146,0.621007554378,1.8431153053,0.571223961242
C0487,train,-2.39407145007,-0.981405250674,-2.71367169978,-1.49419277978,0.980932861012
C0488,train,-0.161344397201,0.650143532965,1.66164388858,1.97154711796,0.579041991496
C0489,train,1.21218446934,-1.30679340214,3.52298855527,3.30618969804,0.768193204481
C0490,train,-0.621944555548,-0.914714238893,1.28818758786,0.433544210972,0.661950019999
C0491,train,-1.06714061709,-0.988746352102,0.886353962866,-0.19255237296,0.742085311077
C0492,train,0.853951099876,-2.33938591822,1.66472101723,2.43999258787,0.703711197978
C0493,train,-2.30406535839,1.45612270307,0.47705716527,-0.272065276824,0.96473176451
C0494,train,-0.750453833838,0.598779668913,1.30578798749,0.919547849167,0.685081690091
C0495,train,1.89632931851,-0.856966523248,3.8438099676,4.08741570829,0.891339277331
C0496,train,-0.124153079715,-0.451157515859,1.68262852437,1.54943607967,0.572347554349
C0497,train,-1.64637612745,0.461833884167,-0.299368276665,-0.0519259469616,0.846347702941
C0498,train,2.00987738593,-0.561317828537,5.90276466738,4.33036534664,0.911777929467
C0499,train,-2.14419724688,-0.717676611467,-2.21274779441,-1.05139476087,0.935955504438
C0500,train,1.37296865309,1.18525596143,3.75023456405,4.57114519383,0.797134357556
C0501,calibration,0.267702834553,0.0496237535158,1.85922972952,2.55017165202,0.59818651022
C0502,calibration,-1.54324085527,0.0416640937506,-0.997758069558,-0.158313270184,0.827783353949
C0503,calibration,-0.873394352607,0.668458503426,-0.269087282425,0.782688251026,0.707210983469
C0504,calibration,-2.30787986119,-2.03748750798,-0.964857316154,-1.84930067683,0.965418375014
C0505,calibration,-0.819337905991,-0.31989248859,-0.253769864208,0.409666190086,0.697480823078
C0506,calibration,-0.97655679969,-0.518296666841,0.257901925859,0.121246194607,0.725780223944
C0507,calibration,-1.34398700724,-2.49919500106,-0.254229978825,-1.13768588229,0.791917661303
C0508,calibration,-2.48718913311,0.762010987009,-1.68073217845,-0.849396844307,0.99769404396
C0509,calibration,1.04418931773,0.285675720591,2.92745585133,3.85112450259,0.737954077191
C0510,calibration,-0.895482678871,-2.20400196904,-1.53891770564,-0.538234800835,0.711186882197
C0511,calibration,-0.794782620256,-0.974036504149,0.145161502985,0.149040744042,0.693060871646
C0512,calibration,2.32223346585,-0.817422469056,5.30797576608,4.58397848582,0.968002023853
C0513,calibration,-0.475897725412,0.424910673544,1.30037718984,1.28061541456,0.635661590574
C0514,calibration,2.35696025526,0.176563985044,4.54450497768,5.07919850248,0.974252845947
C0515,calibration,2.06916333225,-1.48805987173,2.67133062525,3.97529115928,0.922449399806
C0516,calibration,-1.77619706359,0.505721964343,-1.04489066254,-0.139297730676,0.869715471447
C0517,calibration,0.326998586921,0.677994807381,3.25081325595,2.9454047794,0.608859745646
C0518,calibration,0.95691139517,-1.42500979416,2.73517497281,2.98094386476,0.722244051131
C0519,calibration,-0.719996448216,-0.163808591984,1.52205339606,0.620853879598,0.679599360679
C0520,calibration,-2.01347137737,1.98984327323,-0.515801789904,0.308810541157,0.912424847927
C0521,calibration,-1.57617029686,1.02711080805,-0.000974275887123,0.25878576798,0.833710653434
C0522,calibration,1.61704743439,1.8689138941,5.4413938009,5.0771665545,0.841068538189
C0523,calibration,1.54035989137,-0.653958050184,3.83709171319,3.88047331044,0.827264780447
C0524,calibration,2.35446617987,0.912766819747,5.22264700266,5.40699951294,0.973803912377
C0525,calibration,-1.30392342315,0.14979252643,-0.296424655504,0.0892853356621,0.784706216167
C0526,calibration,0.874545737929,-0.73362695124,3.62596294865,3.18947614952,0.707418232827
C0527,calibration,-0.941121693225,1.12620001136,2.12948763468,0.903652294126,0.71940190478
C0528,calibration,2.18739061762,-0.869023455516,3.34384950478,4.38822138371,0.943730311171
C0529,calibration,1.30350856535,-0.0412325075982,3.98471371385,3.95920011182,0.784631541762
C0530,calibration,-1.45532216593,-0.622668438309,-0.359221088565,-0.386322060507,0.811957989868
C0531,calibration,0.434341536915,1.27667915644,3.58419274369,3.41162749774,0.628181476645
C0532,calibration,-0.440309089322,-1.12006325813,0.735847238018,0.648199027339,0.629255636078
C0533,calibration,1.29840666796,-0.739521844721,4.82616236702,3.64045331494,0.783713200232
C0534,calibration,-0.979439438343,-0.572116410707,0.93774810457,0.0936414960633,0.726299098902
C0535,calibration,-2.46670182522,-1.38704035024,-1.33100211143,-1.78484805813,0.994006328539
C0536,calibration,0.874809832719,-0.359040470842,2.71323244256,3.35838165458,0.707465769889
C0537,calibration,-1.3800976937,0.626702988226,-0.68665726411,0.238214263943,0.798417584865
C0538,calibration,-0.56694429245,0.06523290472,0.643670268504,0.963813462621,0.652049972641
C0539,calibration,-1.42587787913,-0.613133576318,1.44131475809,-0.357877918298,0.806658018243
C0540,calibration,-1.13705686308,-1.76064735293,-0.990454232748,-0.612981173711,0.754670235355
C0541,calibration,-0.960388920868,1.75646355374,0.863327909761,1.16405039462,0.722870005756
C0542,calibration,0.742408561755,0.618396025783,4.00027255028,3.61654201748,0.683633541116
C0543,calibration,-2.49258003083,-0.467262802245,-1.41742994741,-1.41097188542,0.998664405549
C0544,calibration,0.26402880902,-0.691452383049,2.34349004962,2.20964370657,0.597525185624
C0545,calibration,0.277543108507,-0.155770766118,1.92545693559,2.47656847939,0.599957759531
C0546,calibration,1.46646751172,-2.62777578118,1.43176433403,2.93269946484,0.813964152109
C0547,calibration,2.37251252011,0.887160068824,5.33606824722,5.4208993118,0.977052253619
C0548,calibration,-0.247446449456,0.34396077125,2.00213553981,1.66587609694,0.594540360902
C0549,calibration,-1.6967345612,-0.313876592532,-0.475605377012,-0.44190635535,0.855412221015
C0550,calibration,1.92465633803,0.511966295564,4.53611644971,4.72987279717,0.896438140846
C0551,calibration,-0.537621947791,0.947363201066,0.51177211859,1.40973086759,0.646771950602
C0552,calibration,1.2635425608,-0.285933935903,2.8046178543,3.81325617923,0.777437660944
C0553,calibration,-2.31440798532,0.0740796041293,-1.96864291416,-0.90788241515,0.966593437358
C0554,calibration,-1.69230744395,-1.30052060775,-0.765189376357,-0.882273550813,0.85461533991
C0555,calibration,2.45877591486,1.24046339682,5.58503626208,5.70678646314,0.992579664675
C0556,calibration,-1.07784747334,1.11002284699,1.22555900675,0.74039339938,0.744012545201
C0557,calibration,-2.42699394006,-0.31500510927,-0.516245678527,-1.24254633072,0.986858909212
C0558,calibration,-0.383262508833,0.567605565692,1.32635991116,1.5107640981,0.61898725159
C0559,calibration,1.95107420555,1.41055472098,4.76170134874,5.15945626068,0.901193356998
C0560,calibration,-1.15085526019,1.37666014449,-0.164171511792,0.78493036783,0.757153946834
C0561,calibration,1.29696177388,-1.47501624891,4.32029656885,3.30819877134,0.783453119298
C0562,calibration,-1.52561022696,3.19308981908,1.69051191646,1.27396132997,0.824609840852
C0563,calibration,1.82770511157,1.72240452813,6.36408697435,5.18641756056,0.878986920083
C0564,calibration,-0.0686618843663,0.306102732555,1.03899367158,2.00055182021,0.562359139186
C0565,calibration,-1.52634589402,-0.579911713587,-1.91485250157,-0.424479665496,0.824742260924
C0566,calibration,1.1508756736,-1.02105994276,3.43542813146,3.37511012536,0.757157621249
C0567,calibration,0.338199210874,-0.0146934578646,2.85247579807,2.65466337806,0.610875857957
C0568,calibration,-1.98268344231,0.354014986154,0.147183098849,-0.396335432496,0.906883019615
C0569,calibration,0.58022509006,1.08876767616,3.94086793983,3.57735541753,0.654440516211
C0570,calibration,1.30858183944,-2.12684499626,3.19385704484,3.02514996724,0.785544731099
C0571,calibration,1.40755734043,0.982869762646,5.30586929112,4.50908438135,0.803360321278
C0572,calibration,-1.86150912436,-0.686465378592,-0.888245185092,-0.750257443497,0.885071642385
C0573,calibration,-0.82123279532,0.579535850536,1.33630928164,0.811835362064,0.697821903158
C0574,calibration,1.32656965313,1.41651747196,5.01600363646,4.63540857577,0.788782537564
C0575,calibration,0.34586532181,0.122879973806,1.13014006109,2.73086873284,0.612255757926
C0576,calibration,-0.242055710857,-0.856498125339,0.717967158259,1.13607122663,0.593570027954
C0577,calibration,0.144895363306,-0.802443966955,1.81494250139,1.92747922867,0.576081165395
C0578,calibration,0.850680949581,-2.24174414606,2.59904251322,2.47961498898,0.703122570925
C0579,calibration,1.00585471142,1.15259800459,4.00472420328,4.19817440679,0.731053848056
C0580,calibration,1.17461554789,1.34899661386,2.95654257403,4.46511428172,0.761430798619
C0581,calibration,2.47520200907,1.02994309957,4.72730871921,5.63721483999,0.995536361632
C0582,calibration,0.632373741999,0.0813772127096,3.46332655095,3.20800242481,0.66382727356
C0583,calibration,0.324295626388,0.202781837489,4.36616074157,2.72648500124,0.60837321275
C0584,calibration,-0.57875773283,2.18294028509,2.16538754329,1.89731987013,0.654176391909
C0585,calibration,1.32229857294,-1.16040188622,2.99993067393,3.47207315991,0.788013743128
C0586,calibration,0.399931468478,-0.91728835209,2.11142814804,2.36230247486,0.621987664326
C0587,calibration,-0.881095989587,1.14129706328,1.05275636535,0.98552738382,0.708597278126
C0588,calibration,-1.69985231878,-0.731566342615,-1.81613337141,-0.632421439966,0.855973417381
C0589,calibration,-0.256414374256,-0.0717131093161,1.04695751051,1.4615557573,0.596154587366
C0590,calibration,-1.45406662246,1.08576769949,2.23163002012,0.383498854539,0.811731992043
C0591,calibration,-0.482751591222,-2.03474972228,0.493835356152,0.16180979739,0.63689528642
C0592,calibration,0.541165325851,-0.948183301648,1.64381846146,2.59586514428,0.647409758653
C0593,calibration,0.311810276014,0.310131503189,2.50446966131,2.75128697341,0.606125849682
C0594,calibration,0.731377579469,0.0488025505014,2.72360879238,3.34414052743,0.681647964304
C0595,calibration,0.67310222354,-0.960754170114,2.16052561479,2.80246926044,0.671158400237
C0596,calibration,0.87645823307,-0.746056980955,1.96025324909,3.18635445914,0.707762481953
C0597,calibration,1.38740463636,0.385026442456,4.54677694645,4.22321277733,0.799732834545
C0598,calibration,2.34117469563,0.520231056094,4.70034459062,5.21188389548,0.971411445213
C0599,calibration,-0.504264705451,-0.0868855334619,1.39563308641,1.00111628812,0.640767646981
C0600,calibration,-0.00493995510638,0.366162680397,2.46995652098,2.15489334419,0.550889191919
C0601,calibration,-0.557968455779,1.01448497429,1.39561207524,1.40586556004,0.65043432204
C0602,calibration,-0.287909585707,-0.0267838617574,0.351038671335,1.42151722707,0.601823725427
C0603,calibration,-1.77183190537,0.85906578409,-0.420911423452,0.0234124856522,0.868929742967
C0604,calibration,0.274172411111,-1.24991169344,2.51873809887,1.97776374369,0.599351034
C0605,calibration,-0.764028623216,1.725907153,0.412061050703,1.40729209899,0.687525152179
C0606,calibration,-1.58388946131,-0.0156638700455,0.340126451677,-0.21663900444,0.835100103036
C0607,calibration,-1.68676545086,1.28476257789,-0.296369010599,0.285630819197,0.853617781156
C0608,calibration,0.432990406027,-0.302736599434,3.0865512385,2.69847442614,0.627938273085
C0609,calibration,1.80872994318,0.345117984864,5.02868561449,4.55009216398,0.875571389773
C0610,calibration,-2.426079883,0.794389295025,-1.63859548413,-0.741962266787,0.986694378939
C0611,calibration,-0.633079571323,-0.168364407447,1.48151238114,0.751737864524,0.663954322838
C0612,calibration,-1.73341916123,1.10626992154,-1.39053342721,0.16689711432,0.862015449021
C0613,calibration,0.913108896578,0.545582370408,3.60520068733,3.81413159093,0.714359601384
C0614,calibration,-2.48799653768,0.902718057412,-1.64826403754,-0.787334878628,0.997839376782
C0615,calibration,-0.534708504472,-0.588961847505,0.0048224319681,0.723299128236,0.646247530805
C0616,calibration,2.35321494751,-0.955251799489,5.61576229824,4.56464294334,0.973578690552
C0617,calibration,-1.50768334114,-1.27787108862,-0.41254244985,-0.723565981051,0.821383001404
C0618,calibration,-1.2187888805,0.648341961944,0.377136250946,0.39126447636,0.769381998491
C0619,calibration,-2.38903789637,-0.606866815254,-0.315660648183,-1.3183901027,0.980026821346
C0620,calibration,-0.322000927983,-1.11370106847,1.4360472708,0.867913063265,0.607960167037
C0621,calibration,-2.37106351253,-0.422396777107,-0.116821411533,-1.20970011016,0.976791432256
C0622,calibration,0.483387767826,-0.491693554186,2.97711099288,2.7023983676,0.637009798209
C0623,calibration,0.704229258723,-0.40249444718,2.22961588274,3.10085410009,0.67676126657
C0624,calibration,0.828098505199,0.766250758691,3.93568107174,3.80305742191,0.699057730936
C0625,calibration,1.73131380201,-0.294228633617,5.03260495078,4.19677179662,0.861636484362
C0626,calibration,1.31847748777,0.325847626978,3.70888983009,4.13754700911,0.787325947799
C0627,calibration,-1.63334438869,-1.34094698466,-0.580055047489,-0.852677255283,0.844001989964
C0628,calibration,-0.508302231785,0.618825384014,0.152598087603,1.31175049682,0.641494401721
C0629,calibration,2.32750884616,-0.751608383018,4.35569941335,4.62078219657,0.968951592309
C0630,calibration,0.31066728814,-0.927785125329,1.34511791873,2.1920671447,0.605920111865
C0631,calibration,1.54619822954,2.00621639987,3.90004522149,5.08222780697,0.828315681317
C0632,calibration,1.26354913047,1.07857794583,4.19358448851,4.42729250285,0.777438843484
C0633,calibration,-0.138184609653,-0.558981575235,1.7011271737,1.47314050168,0.574873229738
C0634,calibration,-1.23809266131,2.77642973333,1.90720599925,1.33084976903,0.772856679035
C0635,calibration,1.41135035462,0.199043899963,6.26304012895,4.15951462007,0.804043063832
C0636,calibration,-0.215288759103,0.683157490457,2.43399136835,1.88079790482,0.588751976639
C0637,calibration,-1.69931455124,-0.0787130732524,-0.798052361231,-0.33819661038,0.855876619224
C0638,calibration,-0.926816237695,0.44326858707,1.6690755422,0.613847794876,0.716826922785
C0639,calibration,0.360104797433,-2.42263869013,1.32730824453,1.61182197548,0.614818863538
C0640,calibration,2.1170250062,0.699994219269,6.40880853612,5.01250418871,0.931064501116
C0641,calibration,-0.686707081623,0.0322287148785,0.31184614569,0.758938016573,0.673607274692
C0642,calibration,1.25866345338,1.55302648772,4.16528191544,4.63634125312,0.776559421609
C0643,calibration,-0.75091892126,-0.0619140328293,1.25382341232,0.621565203733,0.685165405827
C0644,calibration,0.825484417875,-0.951691097275,3.67123647049,3.02645356289,0.698587195217
C0645,calibration,0.665132618392,-1.29927738848,2.63108084909,2.63787431985,0.669723871311
C0646,calibration,-0.565169036795,-0.663363637691,0.521108401917,0.638882797495,0.651730426623
C0647,calibration,-1.78003777588,0.0443995761738,-0.486053943867,-0.350160656324,0.870406799659
C0648,calibration,-1.33523507002,0.0347496520194,0.586157550779,0.0101422061824,0.790342312604
C0649,calibration,-0.0455763340039,-1.03632078458,1.50855175945,1.44254083171,0.558203740121
C0650,calibration,0.334857654496,0.993853797573,3.30880596589,3.10226376967,0.610274377809
C0651,calibration,0.640888689535,0.84821165759,4.14399984732,3.56649659579,0.665359964116
C0652,calibration,-0.0501644190213,-0.923614991234,1.12285318959,1.48409488538,0.559029595424
C0653,calibration,1.95109634827,0.47697257505,4.26851151847,4.73936567021,0.901197342689
C0654,calibration,-1.46048535964,-0.527960067497,0.507244751363,-0.347912491354,0.812887364736
C0655,calibration,-0.900242242138,-0.892049460617,0.546794498466,0.046117371505,0.712043603585
C0656,calibration,0.075385446336,0.176679381972,1.89266606048,2.23010544407,0.56356938034
C0657,calibration,1.03409585731,-1.29555878193,3.38932314166,3.12838123876,0.736137254316
C0658,calibration,0.93328967101,2.02839586197,3.79851876717,4.50635593589,0.717992140782
C0659,calibration,-0.76394009815,-0.952669971102,2.16010103038,0.202058602333,0.687509217667
C0660,calibration,2.09976129998,-0.36406240394,3.51153728951,4.51443525143,0.927957033997
C0661,calibration,2.22141970179,-2.09052820814,3.09811976933,3.88008260665,0.949855546322
C0662,calibration,0.245501857226,-0.101556373662,3.89256133547,2.43945561033,0.594190334301
C0663,calibration,-1.40937829019,1.17708275518,3.18816577407,0.461380415643,0.803688092234
C0664,calibration,-2.46760325374,-0.915325427506,-1.91262145778,-1.573957385,0.994168585673
C0665,calibration,0.831882825004,-0.395062308665,2.78332897008,3.28556235541,0.699738908501
C0666,calibration,1.67298792446,-0.485036533465,4.20070248384,4.06302768463,0.851137826402
C0667,calibration,-0.466023697399,-0.946375688244,0.791839704255,0.680845085305,0.633884265532
C0668,calibration,-1.25720931637,0.381063515538,0.60311807425,0.235327857196,0.776297676947
C0669,calibration,-0.826660062749,-0.600073042377,-0.659671729686,0.273663990085,0.698798811295
C0670,calibration,0.185370988345,-0.582757999828,1.98804109948,2.10597041302,0.583366777902
C0671,calibration,-0.409909593353,-0.662105015891,1.27742193578,0.908872573222,0.623783726803
C0672,calibration,2.05108160972,0.579904450404,5.30062750655,4.88661565653,0.91919468975
C0673,calibration,-2.43658188547,-0.633078541818,-3.53615744818,-1.39996891883,0.988584739385
C0674,calibration,-1.06350984968,0.660790034556,1.40656325776,0.553665179059,0.741431772943
C0675,calibration,-0.109473205928,-0.657760467601,2.15895670924,1.48558490883,0.569705177067
C0676,calibration,-2.3634200596,-1.38513881995,-2.66696559156,-1.63213187718,0.975415610727
C0677,calibration,0.404194460445,0.658320631017,2.72901797436,3.07906914809,0.62275500288
C0678,calibration,1.65156431059,-0.843050335843,3.51156328316,3.88456707354,0.847281575906
C0679,calibration,-2.12306573746,-0.716414933861,-0.144116369787,-1.0267016632,0.932151832742
C0680,calibration,-2.25643679061,0.152398609007,-1.09420754959,-0.796383311373,0.956158622309
C0681,calibration,-1.11720278699,-0.209370773314,-0.162158745148,0.105366990052,0.751096501659
C0682,calibration,0.271165546552,-1.27794874281,1.97850440144,1.95939502843,0.598809798379
C0683,calibration,0.0495033231787,0.194748292946,2.85564314721,2.18659487724,0.558910598172
C0684,calibration,1.02327438699,-1.05213359814,4.03476053527,3.22580852668,0.734189389657
C0685,calibration,-1.05436322695,-1.36594132643,-0.203121852176,-0.348413426443,0.739785380851
C0686,calibration,0.507795298845,-0.877948737537,2.39575627411,2.5707740909,0.641403153792
C0687,calibration,0.00130288428153,-2.35423280433,0.387028777271,0.943201005732,0.550234519171
C0688,calibration,-1.6723666126,0.651056695753,-0.0446040553576,0.0121861500276,0.851025990267
C0689,calibration,0.812482664584,2.04599716598,4.65356401421,4.3577344206,0.696246879625
C0690,calibration,1.60414201042,-2.05180695338,3.90233520715,3.30249310339,0.838745561876
C0691,calibration,-1.72188605154,-1.13585952204,-2.13434332218,-0.832496773838,0.859939489276
C0692,calibration,0.516753301081,0.715403115031,3.22228406303,3.30311571715,0.643015594195
C0693,calibration,0.0955053319499,1.59411566497,2.52437051014,2.90801489634,0.567190959751
C0694,calibration,-1.30766880719,-0.196094944746,-0.175450711116,-0.0696686427423,0.785380385295
C0695,calibration,0.413452313613,-0.542499199886,1.35279186352,2.55546025327,0.62442141645
C0696,calibration,-2.3837358218,-0.879119909755,-1.76601799749,-1.43328910982,0.979072447925
C0697,calibration,0.311911197988,-0.707254367463,2.77755713374,2.29365377403,0.606144015638
C0698,calibration,2.24757656845,0.0595177251549,5.14621119749,4.88044108979,0.954563782321
C0699,calibration,0.912294876961,0.440698738608,2.69683474519,3.76591734323,0.714213077853
C0700,calibration,0.146648082424,1.1210925221,3.40748561057,2.79653170907,0.576396654836
C0701,calibration,0.238362579814,-0.412987956476,2.0815748463,2.28552461265,0.592905264366
C0702,calibration,2.02779919614,1.89765946973,4.05710085575,5.45527886475,0.915003855305
C0703,calibration,-0.831779876385,3.00708252619,1.22388257512,1.8899851425,0.699720377749
C0704,calibration,-2.28100554614,-0.924408562549,-1.30346075401,-1.3127772568,0.960580998305
C0705,calibration,-0.22474212572,-0.0888310714864,0.984427954104,1.51503672023,0.59045358263
C0706,calibration,-2.17728357695,0.22107598479,-1.45927484828,-0.667714239375,0.941911043851
C0707,calibration,-0.361485344053,0.408675087733,1.4287726383,1.47933976596,0.615067361929
C0708,calibration,2.28932777286,1.06816890134,5.48302961534,5.38841358647,0.962078999114
C0709,calibration,-1.17362555286,0.426653406883,-0.213383727952,0.334897555228,0.761252599515
C0710,calibration,-0.0400020488674,0.947048049409,0.977936153129,2.34619312024,0.557200368796
C0711,calibration,0.0154113843829,0.389182823022,1.79792689109,2.20595357505,0.552774049189
C0712,calibration,-0.908674269314,0.0263607556665,1.82264313394,0.448790465724,0.713561368476
C0713,calibration,-1.03838459919,-1.14686822511,-0.588549911358,-0.232240153513,0.736909227854
C0714,calibration,1.77242878875,0.362125577115,3.6913726782,4.52662977731,0.869037181975
C0715,calibration,-2.39451255229,1.32620803309,0.0646266708606,-0.456404491569,0.981012259413
C0716,calibration,-0.785347935207,0.123844953005,-0.484483413448,0.656243121076,0.691362628337
C0717,calibration,1.29276864833,-0.182468722719,4.24605930543,3.88611716891,0.7826983567
C0718,calibration,-1.10198596883,-1.50545294283,-0.165569740948,-0.462079943439,0.748357474389
C0719,calibration,-0.650950188974,0.286403713788,0.93457307332,0.928331968419,0.667171034015
C0720,calibration,-1.5965085084,0.325268970949,0.0439416174439,-0.0733203644658,0.837371531512
C0721,calibration,-1.98254029999,-1.19812235236,-1.08974103646,-1.09465520002,0.906857253998
C0722,calibration,-1.906487302,-1.57741540991,-1.45324797098,-1.19229857834,0.89316771436
C0723,calibration,2.17873727394,-0.343407485947,4.89408162994,4.61439594649,0.942172709308
C0724,calibration,-2.25121803064,0.00490738630943,-1.33137082175,-0.856084700616,0.955219245515
C0725,calibration,1.60073947921,0.115446193708,3.58194371013,4.27503090341,0.838133106258
C0726,calibration,0.940641576959,-0.51225751968,3.8285066013,3.37203780775,0.719315483853
C0727,calibration,-0.938396610773,0.180107739677,0.0466733402746,0.481229092384,0.718911389939
C0728,calibration,1.97982175137,-1.40245117266,4.80643441315,3.92170301733,0.906367915246
C0729,calibration,0.951611622543,-0.0527526864681,2.93543101539,3.59209350234,0.721290092058
C0730,calibration,0.48351518734,0.289550004083,3.42460002216,3.05417976936,0.637032733721
C0731,calibration,-0.801344887822,0.509358851904,2.29309303619,0.807481206285,0.694242079808
C0732,calibration,-2.03678734943,1.38197578592,0.974252928161,0.0112278043217,0.916621722898
C0733,calibration,-2.40064331149,0.234527532277,-3.04847504675,-0.956547884725,0.982115796069
C0734,calibration,2.42824039075,-1.17785864349,5.39139745901,4.57260913979,0.987083270335
C0735,calibration,1.68867110247,0.848568498675,4.94761585783,4.67592380702,0.853960798445
C0736,calibration,-1.40275178964,-0.886915484304,-0.55845198163,-0.461903725743,0.802495322135
C0737,calibration,-0.524535257241,1.47869047356,0.384086126896,1.6709732432,0.644416346303
C0738,calibration,0.441407635853,-2.52993089212,1.21852031298,1.71126066147,0.629453374454
C0739,calibration,1.59334410093,-0.736085717316,5.00823050256,3.8859190889,0.836801938168
C0740,calibration,2.24032060895,0.457576296549,4.76216277791,5.05037824872,0.953257709612
C0741,calibration,-0.501515839142,-0.620743076379,0.185750631279,0.765611899412,0.640272851046
C0742,calibration,-1.44124567267,0.3774705987,-0.284265812418,0.075254239226,0.809424221081
C0743,calibration,1.89721502189,-0.523546039558,3.76879348986,4.23827248276,0.891498703941
C0744,calibration,0.825037456951,-1.73710695935,3.09254856224,2.67241203754,0.698506742251
C0745,calibration,-0.480332384385,-0.924275486546,0.853098420942,0.665738899283,0.636459829189
C0746,calibration,0.532020426484,0.62142742534,4.04372614662,3.286768083,0.645763676767
C0747,calibration,-1.82724121355,0.801370798358,-0.467714169153,-0.0503116680091,0.878903418439
C0748,calibration,1.71709312275,0.129586899602,5.88566116568,4.37571351044,0.859076762096
C0749,calibration,-0.278820780765,0.254036442231,1.83318694583,1.5652113489,0.600187740538
C0750,calibration,0.934755162628,-1.75240268066,2.83601946396,2.80679074293,0.718255929273
C0751,calibration,0.328822322303,0.326094273815,2.31723991446,2.7904700066,0.609188018015
C0752,calibration,-0.159483630103,1.04053421007,3.16543433299,2.15088748843,0.578707053419
C0753,calibration,-0.81404562569,-0.394161184692,-0.146638172969,0.383455862493,0.696528212624
C0754,calibration,0.226738629145,-0.738097286692,1.74907917451,2.11671849738,0.590812953246
C0755,calibration,-1.83667798229,-1.98604065428,-2.13560191449,-1.31295128413,0.880602036813
C0756,calibration,-2.29111484155,1.41595800216,-0.468389487309,-0.272917307973,0.962400671479
C0757,calibration,-2.44242542746,-1.5238293741,-0.225878443383,-1.80956923432,0.989636576943
C0758,calibration,2.37925812771,-1.75099358396,5.62976296931,4.24333336825,0.978266462987
C0759,calibration,-1.618910652,0.0972437150218,-1.89068183055,-0.193891178933,0.84140391736
C0760,calibration,0.483499095822,0.392766775655,2.68278842056,3.10059930677,0.637029837248
C0761,calibration,-1.83624846909,1.00597760735,0.53971374802,0.0338360738412,0.880524724437
C0762,calibration,-2.42248554717,-1.24876846744,-2.20084413542,-1.65605841886,0.986047398491
C0763,calibration,0.721461347687,-1.08564474957,2.89992229482,2.81905634,0.679863042584
C0764,calibration,-1.42920814753,0.541491298926,0.477466407288,0.158957606185,0.807257466556
C0765,calibration,0.442662901049,-0.786946022211,2.28544257345,2.4978387334,0.629679322189
C0766,calibration,0.0239727352694,-0.834801464502,1.94908655652,1.67227930137,0.554315092348
C0767,calibration,2.4690156656,-0.46630580639,4.39743904569,4.95438914095,0.994422819809
C0768,calibration,2.35747583638,0.264738481602,5.4128820419,5.11959947276,0.974345650548
C0769,calibration,-1.01942077163,-1.71772711329,1.09356155067,-0.467901844916,0.733495738893
C0770,calibration,-1.04993027185,1.09686342449,0.396144300382,0.764702231764,0.738987448933
C0771,calibration,2.35911343715,0.479704471739,5.59670626944,5.21863093643,0.974640418687
C0772,calibration,-2.04268966182,1.28124892986,0.187864248833,-0.0402678167168,0.917684139128
C0773,calibration,0.421220882365,1.51606601135,3.42055428024,3.49582014612,0.625819758826
C0774,calibration,-0.811400453401,-0.703489926044,-0.29896514101,0.247874478551,0.696052081612
C0775,calibration,0.451858892094,-1.75571615095,2.85517650362,2.07821993175,0.631334600577
C0776,calibration,-2.38318575096,0.577702049842,-1.0254207427,-0.776931139671,0.978973435173
C0777,calibration,0.907659742401,-0.706583857568,2.31031322692,3.24383676617,0.713378753632
C0778,calibration,-2.30208215019,-0.804033525581,-0.134042712737,-1.28648526984,0.964374787034
C0779,calibration,0.519181004415,-2.58828808947,2.31848802664,1.82059593183,0.643452580795
C0780,calibration,0.205119102711,2.46681057007,3.73640676651,3.51687983427,0.586921438488
C0781,calibration,-0.103507343649,1.54651966776,1.26257017373,2.48936179523,0.568631321857
C0782,calibration,-0.406906932997,1.17299963435,1.74487030233,1.74010666275,0.623243247939
C0783,calibration,-1.9049754487,-1.16393763708,-1.38168143652,-1.00482807287,0.892895580767
C0784,calibration,-1.96499577759,0.181246878276,-1.16666366094,-0.456665362369,0.903699239967
C0785,calibration,0.391073262177,0.718542009645,3.54891827221,3.0822876087,0.620393187192
C0786,calibration,-2.31941916674,-0.211856914743,-1.3457884496,-1.04333353398,0.967495450013
C0787,calibration,0.192363116671,0.781598670259,2.77561072124,2.73361938381,0.584625361001
C0788,calibration,2.46308694547,-0.632241641245,3.7986522578,4.87064251236,0.993355650184
C0789,calibration,0.0739589027695,0.00810556141114,3.03807943699,2.15140366542,0.563312602499
C0790,calibration,2.07654352148,0.719433200902,5.02736888839,4.97661815876,0.923777833867
C0791,calibration,-1.16408543213,0.867541457808,0.766163784862,0.542681376651,0.759535377783
C0792,calibration,-0.542409630372,0.0332019731544,1.14944391684,0.990301702236,0.647633733467
C0793,calibration,-0.193163197751,-0.632515290513,0.0694065364439,1.33190321023,0.584769375595
C0794,calibration,1.32750611261,0.65532226364,3.38481805872,4.29368535889,0.788951100269
C0795,calibration,1.33997512199,-0.869262426094,3.33361516905,3.61842283687,0.791195521957
C0796,calibration,0.96965828315,1.13362214568,5.40910273859,4.14750999063,0.724538490967
C0797,calibration,-2.47268989179,0.682212035971,-1.88568578912,-0.862876370694,0.995084180523
C0798,calibration,1.04725156008,-0.823819094825,2.45071257268,3.3552250084,0.738505280814
C0799,calibration,2.26359164002,1.61834177054,6.0232342232,5.60241257518,0.957446495204
C0800,calibration,1.044205064,-1.21699387487,2.96921139256,3.17494055471,0.737956911519
C0801,calibration,-0.118290519615,0.99900511118,2.21834104278,2.21363148941,0.571292293531
C0802,calibration,-1.34283816217,0.325502244956,0.275886278415,0.134417013575,0.791710869191
C0803,calibration,1.48862250898,-1.46085917145,3.36146928801,3.47576752299,0.817952051616
C0804,calibration,-0.0170818497879,0.85621528472,2.43839931247,2.35113517215,0.553074732962
C0805,calibration,-0.738952541991,-0.213530023031,1.73933966091,0.570671317866,0.683011457558
C0806,calibration,1.06755623989,0.271707509477,4.17846664024,3.87033347873,0.74216012318
C0807,calibration,2.01108265458,1.22481250908,3.57265734952,5.1353502593,0.911994877824
C0808,calibration,-2.43952326547,0.936610406383,-2.95906643416,-0.698014465627,0.989114187784
C0809,calibration,-2.33183245714,0.897741808685,-1.88006202536,-0.56093766083,0.969729842284
C0810,calibration,-1.8855842103,-2.05718823567,-2.26284226528,-1.38891202657,0.889405157854
C0811,calibration,0.838570696926,0.519631024011,4.6769403994,3.70613814365,0.700942725447
C0812,calibration,-1.11413386143,1.94463782451,1.18235251921,1.07783760483,0.750544095057
C0813,calibration,-0.227011367474,-1.53268307723,0.491818536075,0.860901421288,0.590862046145
C0814,calibration,-1.55583618129,-0.134908760619,-0.0274256616141,-0.247854344183,0.830050512633
C0815,calibration,1.48793648354,-1.23386998344,3.49291941814,3.57735824452,0.817828567036
C0816,calibration,0.722662864962,-1.14256022032,2.73318625778,2.79521757755,0.680079315693
C0817,calibration,-2.38270769489,-0.769364848258,-1.25566673325,-1.38242662575,0.97888738508
C0818,calibration,1.03680914529,0.702808923086,2.76376793313,4.03066466315,0.736625646151
C0819,calibration,-2.4704120841,-1.38503219502,-2.00004813185,-1.78963482207,0.994674175139
C0820,calibration,2.40790984641,-1.98722016062,3.34784045025,4.17842796948,0.983423772354
C0821,calibration,-2.18750596531,1.92952105713,0.579063480397,0.0888639667431,0.943751073756
C0822,calibration,-0.148098404357,0.263076629391,1.62730539722,1.82348129189,0.576657712784
C0823,calibration,2.30518793787,0.930878396789,3.47407525414,5.34771803934,0.964933828817
C0824,calibration,-0.54096956443,-0.161838792795,1.50593160732,0.904954118669,0.647374521597
C0825,calibration,1.71384504717,-1.35856133345,3.03049527243,3.70336732992,0.858492108491
C0826,calibration,-2.05873944377,0.544853764583,-0.816913193684,-0.38859136044,0.920573099878
C0827,calibration,1.98809463649,-2.08653831216,3.43115765439,3.62208253721,0.907857034569
C0828,calibration,0.0940528801606,-0.260933159791,2.83879976198,2.07035363208,0.566929518429
C0829,calibration,2.32773134986,0.132605463525,3.18180534031,5.01898230735,0.968991642974
C0830,calibration,-1.75585178241,0.572787134495,-2.26876582063,-0.0919226342573,0.866053320834
C0831,calibration,-2.14894410635,-0.0298806664789,-1.67737905363,-0.747372801235,0.936809939142
C0832,calibration,1.91931900708,-2.36622192568,4.00872592973,3.42966022966,0.895477421275
C0833,calibration,-1.77813804658,1.32251646589,-1.65347282407,0.226609210608,0.870064848385
C0834,calibration,-1.25125400853,-1.25869303844,-0.890300458533,-0.497105773878,0.775225721536
C0835,calibration,-1.63387830825,-1.0833567296,0.22916705009,-0.737191300883,0.844098095484
C0836,calibration,1.36903840222,-0.83439491659,4.19009932869,3.65897232274,0.7964269124
C0837,calibration,-0.258206958799,0.188968058595,1.06663791122,1.5754164205,0.596477252584
C0838,calibration,1.26124829322,0.518556275638,4.12718702326,4.17318770408,0.777024692779
C0839,calibration,-0.801086462061,-0.469265584529,1.05981210805,0.367457101591,0.694195563171
C0840,calibration,-1.40403585398,-1.24879424227,-1.17501772126,-0.625819197564,0.802726453716
C0841,calibration,-0.607680625222,-0.895575331866,0.598123652158,0.46498967383,0.65938251254
C0842,calibration,-1.83996297178,1.3857586614,-0.488640569516,0.201454955101,0.88119333492
C0843,calibration,-2.24478800467,1.63485786349,-0.460191901759,-0.114433253326,0.954061840841
C0844,calibration,1.14929087088,-0.688897640984,4.25195490416,3.52299810479,0.756872356758
C0845,calibration,1.35038249188,0.670762211506,3.59149024889,4.32038493023,0.793068848538
C0846,calibration,2.02890273835,-0.976944510826,3.49393935883,4.16284833225,0.915202492903
C0847,calibration,1.07543132672,2.12344687572,4.85804940822,4.71208284133,0.743577638809
C0848,calibration,-0.845400106842,-1.72549609542,0.724168638663,-0.25787584368,0.702172019232
C0849,calibration,-1.64778195576,-0.723589258403,-1.00176347545,-0.586500821717,0.846600752036
C0850,calibration,-1.86045821222,-0.713472975666,-0.626761817904,-0.761466884821,0.884882478199
C0851,calibration,2.4284582955,0.187458304766,4.50979113658,5.18732563519,0.987122493189
C0852,calibration,1.88714592897,-0.472676184177,4.14285473295,4.25190292553,0.889686267214
C0853,calibration,-0.594311446547,1.64284146074,0.43784771949,1.62888575064,0.656976060379
C0854,calibration,-1.56458239985,0.44187551801,-1.42084461863,0.00470036311851,0.831624831974
C0855,calibration,1.29128230025,0.639912625445,4.82198398594,4.25486463985,0.782430814045
C0856,calibration,-2.12185435879,-0.271032423196,-0.317086476932,-0.824911132002,0.931933784582
C0857,calibration,-0.871319437952,-0.72911503844,1.18648680529,0.156469609386,0.706837498831
C0858,calibration,1.18851527046,2.78211737478,4.51052509587,5.1235405117,0.763932748684
C0859,calibration,0.907329770033,-0.332058481223,3.73763014615,3.41195909136,0.713319358606
C0860,calibration,1.94338281,0.613260071975,5.51897720933,4.79327328264,0.8998089058
C0861,calibration,-0.260478892105,-0.59248540252,0.703659136434,1.21939779192,0.596886200579
C0862,calibration,-1.08249099281,-0.207997065613,1.82560441191,0.142332529677,0.744848378705
C0863,calibration,-1.65570270246,-1.30365133492,-2.11347746836,-0.853927545156,0.848026486442
C0864,calibration,0.77263814226,-1.08389374641,2.81501718494,2.8938435277,0.689074865607
C0865,calibration,-1.13888425327,-0.644256714564,-0.402681820929,-0.112453085813,0.754999165589
C0866,calibration,1.19763037469,0.567187485605,2.45463655733,4.13560197573,0.765573467444
C0867,calibration,-1.15270181408,0.832869570555,-0.676066242025,0.53838055658,0.757486326535
C0868,calibration,0.701130733059,0.208064771503,3.29842276775,3.37096164887,0.676203531951
C0869,calibration,-1.49116907939,0.314178943019,0.144554440322,0.00616915941256,0.818410434289
C0870,calibration,-0.277492658784,-0.178661655112,2.52603484179,1.37303328644,0.599948678581
C0871,calibration,-1.95121103431,1.66880880332,-1.02859452493,0.226125232844,0.901217986176
C0872,calibration,-1.8115824172,-1.71860910826,-0.313870489224,-1.1706375466,0.876084835096
C0873,calibration,1.69955571719,0.62198093151,4.09715143161,4.58286484196,0.855920029093
C0874,calibration,-1.22736312398,-0.54779509159,-2.47263045029,-0.155051351424,0.770925362316
C0875,calibration,-0.325889358198,-1.11689083765,1.65230525887,0.859173585098,0.608660084476
C0876,calibration,1.9187005541,-0.532770623328,4.94413682419,4.25413214522,0.895366099739
C0877,calibration,-1.90144220034,-0.750371136346,-1.25229696059,-0.815445048735,0.892259596062
C0878,calibration,2.2637627486,1.70221131932,6.24150829908,5.64037453575,0.957477294748
C0879,calibration,1.89530174189,1.11417771789,4.10525126005,4.97348281738,0.891154313541
C0880,calibration,-1.71486007359,-0.195082861287,0.379933024888,-0.403344168494,0.858674813246
C0881,calibration,0.319248542927,-1.38967443544,1.73230226678,2.00039125004,0.607464737727
C0882,calibration,2.39261940354,1.61048233283,6.73777330426,5.77517992732,0.980671492638
C0883,calibration,-1.46456286544,0.142576132163,1.43406033126,-0.0494903490735,0.81362131578
C0884,calibration,-0.407547096167,-3.10181152969,-1.21609466727,-0.184718182671,0.62335847731
C0885,calibration,2.35726361134,0.183742870847,5.07237114158,5.08285403357,0.974307450042
C0886,calibration,0.187702034393,0.594829961206,4.20958887571,2.64045087717,0.583786366191
C0887,calibration,0.934302181561,0.103598590366,4.53170037779,3.64143700878,0.718174392681
C0888,calibration,0.616991327769,0.872399323538,4.26543739654,3.53951129772,0.661058438998
C0889,calibration,0.211565905104,-0.884725498583,1.9103183839,2.02125121377,0.588081862919
C0890,calibration,2.30235128364,1.01373370637,4.77632640483,5.3812097392,0.964423231055
C0891,calibration,-0.656179219707,-0.167103639596,-0.276037758069,0.716115338295,0.668112259547
C0892,calibration,-1.90119908952,-0.216112028064,0.285448787493,-0.57480323441,0.892215836114
C0893,calibration,-1.82294477345,0.214023977822,-1.83586170084,-0.310854298882,0.878130059221
C0894,calibration,0.926442151961,-0.513629454521,2.2456444941,3.35402865407,0.716759587353
C0895,calibration,0.0121669430892,0.595624705869,1.88451624063,2.29236428339,0.552190049756
C0896,calibration,-2.06741466574,-0.447316038239,0.30417937496,-0.844333490627,0.922134639832
C0897,calibration,-0.647991696783,0.259525129902,0.203742931928,0.920855139501,0.666638505421
C0898,calibration,0.584467584794,-1.31342101481,3.73308691439,2.50331555118,0.655204165263
C0899,calibration,1.76542114148,0.850034047323,6.63466108661,4.7402566343,0.867775805466
C0900,calibration,2.21946292373,-2.31691808196,3.16670499374,3.77578253862,0.949503326271
C0901,calibration,-0.95824063251,-0.160635310837,-0.339228526559,0.303924148196,0.722483313852
C0902,calibration,-1.61618075522,0.605681982302,-1.8801971172,0.0370971150211,0.840912535939
C0903,calibration,1.97655452695,-1.37588730035,4.83858480705,3.93042748351,0.905779814852
C0904,calibration,-2.26301089293,-0.996581073592,-1.75937901401,-1.32187158081,0.957341960727
C0905,calibration,0.573807911181,0.380906179492,2.05585207832,3.24827508853,0.653285424013
C0906,calibration,-2.01245650808,0.452762932799,-1.10321323185,-0.381840731788,0.912242171454
C0907,calibration,2.38301129686,-0.586323115311,4.24560031559,4.77280179496,0.978942033435
C0908,calibration,1.0544161301,2.08550643026,4.44011535886,4.67227552287,0.739794903417
C0909,calibration,-1.86891908242,-0.683574457344,-1.19609854849,-0.75563328487,0.886405434836
C0910,calibration,1.43380824999,-1.60502311485,4.30963810438,3.36623957408,0.808085484998
C0911,calibration,1.73514200611,0.77049909549,2.63369415444,4.67908198519,0.8623255611
C0912,calibration,-0.973260406889,-0.305706664249,-0.789658185902,0.220794826027,0.72518687324
C0913,calibration,-1.73549709826,-0.368580659944,-0.78063136197,-0.49851419314,0.862389477687
C0914,calibration,-2.2780196905,-0.721096669883,-1.5045905417,-1.21738038422,0.96004354429
C0915,calibration,0.156205847994,-0.0621342560824,1.81035967167,2.28293411779,0.578117052639
C0916,calibration,0.215566095277,1.86115190321,3.61226625518,3.26468078707,0.58880189715
C0917,calibration,-2.36237152349,-0.253994163459,-0.911161816683,-1.1216403996,0.975226874228
C0918,calibration,0.43025054085,1.79370950086,3.17403032019,3.63697085024,0.627445097353
C0919,calibration,0.597511605458,0.90474441724,2.83546444974,3.52271848722,0.657552088982
C0920,calibration,-2.44775611823,-0.120611541684,-1.77272683617,-1.1861498373,0.990596101281
C0921,calibration,0.469269929967,-0.262267989301,2.84613471744,2.78096612679,0.634468587394
C0922,calibration,1.66945154873,0.422776428074,4.71068484539,4.46867175945,0.850501278771
C0923,calibration,2.42176762144,-0.0103134913834,5.84110746308,5.08840980462,0.985918171859
C0924,calibration,0.155589699122,-1.95078660562,0.566319714778,1.43182608761,0.578006145842
C0925,calibration,0.550941498844,1.31494461478,2.93583393203,3.63066114504,0.649169469792
C0926,calibration,-2.27789135283,0.0904345925617,-0.828494174069,-0.85202364348,0.96002044351
C0927,calibration,-1.0286198715,1.18245172422,1.80009069622,0.826835127276,0.735151576871
C0928,calibration,0.442813816657,0.888452763593,3.49562196195,3.25203677941,0.629706486998
C0929,calibration,-0.599314172938,-0.449909563218,0.493951746583,0.679038500489,0.657876551129
C0930,calibration,0.588871481733,1.10996638454,2.86601064277,3.60102811652,0.655996866712
C0931,calibration,-1.22799752495,-0.908751334209,-0.641489358973,-0.31807534358,0.771039554491
C0932,calibration,0.837912911919,0.748637076829,4.30053604702,3.8083116025,0.700824324145
C0933,calibration,0.130801560691,-0.526865744435,2.09132874586,2.02362143837,0.573544280924
C0934,calibration,1.2244112332,-0.673134192859,3.36460727272,3.60286670958,0.770394021976
C0935,calibration,1.32893870191,1.5295184523,4.96076124474,4.6883189028,0.789208966343
C0936,calibration,-0.858755679495,0.96322407725,1.80192611622,0.934415890993,0.704576022309
C0937,calibration,2.24889645503,-0.309349631395,4.68389377457,4.71612895535,0.954801361905
C0938,calibration,-1.66607753918,0.0860295345008,-1.23911182581,-0.23697191375,0.849893957052
C0939,calibration,-1.31248517156,-0.877421184616,-1.00960975458,-0.38050259884,0.786247330881
C0940,calibration,1.58710973969,-0.315375811433,4.67858657613,4.07024820917,0.835679753144
C0941,calibration,-2.47015852568,-1.72329890146,-0.614266795135,-1.94146544422,0.994628534623
C0942,calibration,-2.37750780539,-1.77968566456,-2.57558858649,-1.82964198978,0.97795140497
C0943,calibration,-0.509038224305,-1.20649949614,0.0397934240537,0.489091795257,0.641626880375
C0944,calibration,-1.85030732332,0.612385737029,-0.866493543441,-0.155749474198,0.883055318198
C0945,calibration,2.15982544643,-0.180011316217,6.01425492443,4.66559115123,0.938768580358
C0946,calibration,-1.94823075208,0.243245994047,-0.713135540052,-0.412504410478,0.900681535374
C0947,calibration,-2.11789457396,-1.31727013739,-0.623415826943,-1.29125598968,0.931221023313
C0948,calibration,-1.43332422586,-0.696752982816,-1.11030669242,-0.401640728976,0.807998360655
C0949,calibration,-2.44148043736,-1.21626192241,-1.64869066924,-1.66974412199,0.989466478724
C0950,calibration,-0.401689652134,0.416740377098,1.26164150779,1.40925574439,0.622304137384
C0951,calibration,-0.888633988064,0.135433453661,0.772733082687,0.523229367373,0.709954117852
C0952,calibration,-1.10524002051,-0.873493679808,-0.0628823371275,-0.181093565285,0.748943203692
C0953,calibration,2.12362457487,-0.644205444946,5.61787516252,4.41505429851,0.932252423477
C0954,calibration,-1.82643045221,-0.282154736712,0.265757296884,-0.537187150732,0.878757481397
C0955,calibration,1.21447289795,1.50795562014,3.81798322768,4.57499371459,0.768605121631
C0956,calibration,0.312505324178,-0.0456027328124,2.5894839446,2.59251799658,0.606250958352
C0957,calibration,-2.08793275078,-0.118022154101,0.0384831827922,-0.71836855067,0.92582789514
C0958,calibration,-1.93871369621,-2.04294503333,0.436664363728,-1.43216259264,0.898968465318
C0959,calibration,-0.333187233106,-0.336841284793,0.869490669166,1.19651725348,0.609973701959
C0960,calibration,-0.914212314066,-0.900814701226,0.712634146008,0.0246370515917,0.714558216532
C0961,calibration,1.64161417837,0.259759473919,5.72055140117,4.37280282498,0.845490552107
C0962,calibration,-2.26760157381,-1.50511010767,0.385993714401,-1.55663866714,0.958168283286
C0963,calibration,-2.32581846135,-1.04471271424,-0.440872632591,-1.42682001891,0.968647323042
C0964,calibration,2.10400490373,-0.365140248637,3.77060583106,4.51865135338,0.928720882671
C0965,calibration,-0.775845866037,2.1114199962,2.906329316,1.56400953201,0.689652255887
C0966,calibration,0.937270312036,0.00392260927646,4.15619714439,3.60021059485,0.718708656167
C0967,calibration,1.45967852636,0.647806025851,4.31139813787,4.40118588647,0.812742134745
C0968,calibration,-2.30305318047,0.771953609675,-0.227210194079,-0.578588133197,0.964549572485
C0969,calibration,1.22571120212,1.7655207793,4.50062847776,4.7014805768,0.770628016382
C0970,calibration,-1.13307078678,0.531422031958,-0.259861820438,0.422491043381,0.753952741621
C0971,calibration,-1.14213734758,-0.0745826399952,-0.662185973194,0.140618532933,0.755584722564
C0972,calibration,2.04617906028,-0.123893409822,4.80501730825,4.56474049228,0.91831223085
C0973,calibration,-1.07208844745,0.950578402456,0.744681924841,0.674814883167,0.742975920541
C0974,calibration,-1.65056170777,0.893966046892,-0.419619910205,0.139154813571,0.847101107398
C0975,calibration,-0.893539887046,0.234978799905,1.44017966255,0.561774087258,0.710837179668
C0976,calibration,-0.346522025015,1.37045281748,2.51541384041,1.93990835058,0.612373964503
C0977,calibration,-1.5960295115,0.511620462172,-0.0205464617792,0.0109213769903,0.837285312071
C0978,calibration,-1.41072422603,-0.259500730766,0.836821541012,-0.18620027685,0.803930360685
C0979,calibration,-0.413601480557,-1.60789163711,-0.185287289016,0.476594440543,0.6244482665
C0980,calibration,-2.11441776859,0.173955013226,-0.398942432378,-0.616300594037,0.930595198347
C0981,calibration,0.818943519928,-0.868328831526,2.97078524179,3.05509803236,0.697409833587
C0982,calibration,-0.508288828267,-1.14444688606,-0.238845821863,0.518300972518,0.641491989088
C0983,calibration,1.31566148664,-0.750236548429,3.57487527384,3.65084341184,0.786819067595
C0984,calibration,0.697312680379,0.89841858875,4.08435312981,3.67588271421,0.675516282468
C0985,calibration,0.575227236221,0.611664652569,3.12343594091,3.35445207205,0.65354090252
C0986,calibration,1.77793961935,-2.46745928798,3.69129135359,3.25799769643,0.870029131483
C0987,calibration,-2.06442323943,1.58429408892,-0.782067196434,0.0730946137609,0.921596183097
C0988,calibration,-1.74542141646,-1.12486124106,-0.351775459438,-0.847119536507,0.864175854963
C0989,calibration,-0.876587967326,0.937261449427,0.877987569447,0.899520031739,0.707785834119
C0990,calibration,-0.641794582363,-0.406506143472,0.553921719687,0.630848193458,0.665523024825
C0991,calibration,-1.56743974243,-0.863467522867,0.134672382551,-0.584989960185,0.832139153638
C0992,calibration,0.966243422018,-1.45898132954,2.79592020038,2.97678918082,0.723923815963
C0993,calibration,-2.37413128402,1.83522054843,0.876072171674,-0.198127567279,0.977343631124
C0994,calibration,-0.664092711412,0.0688331491022,2.0038175822,0.810030907286,0.669536688054
C0995,calibration,-1.56169817296,-1.84417633593,-1.6780396477,-1.02171538438,0.831105671134
C0996,calibration,1.5691759865,0.0876942270405,4.6835596956,4.23728098574,0.83245167757
C0997,calibration,-0.854119217446,2.13969830104,2.69253398764,1.46992642325,0.70374145914
C0998,calibration,0.210778835302,-0.0715512262408,3.05942943537,2.38564699249,0.587940190354
C0999,calibration,-1.91973677493,0.666780871307,0.285871820959,-0.194801454199,0.895552619488
C1000,calibration,-1.74160970557,-0.0219172788622,0.564437414564,-0.347610278243,0.863489747003
C1001,test,-0.0484023494626,-0.146567757437,1.9182508879,1.83728514755,0.558712422903
C1002,test,-0.625707368089,1.47097130095,0.945622005561,1.50111783986,0.662627326256
C1003,test,1.89372431682,-2.09737402108,3.52127613588,3.52683106457,0.890870377028
C1004,test,1.94466332447,-1.38385795125,2.61940187669,3.89579887589,0.900039398405
C1005,test,1.84842373484,0.155764618151,1.65776262822,4.49973935152,0.882716272271
C1006,test,2.21191861877,-0.0395311151022,5.13938180321,4.79129996365,0.948145351379
C1007,test,1.12475415229,0.482436060231,4.03178815621,4.02526663218,0.752455747412
C1008,test,-1.14448473171,-0.234702917406,0.522303838369,0.0662023388803,0.756007251709
C1009,test,-1.21789270294,0.607630372713,0.446063545756,0.373789355358,0.769220686528
C1010,test,2.15755839271,0.0407221754561,4.72979919788,4.76227078177,0.938360510687
C1011,test,1.08726432754,2.25842587996,5.17767455783,4.78542843658,0.745707578957
C1012,test,0.825259526132,0.262311819239,3.43474828607,3.57245080313,0.698546714704
C1013,test,-1.91493903569,0.0666432857924,-0.86980175052,-0.460361006602,0.894689026424
C1014,test,1.44922037001,-0.592277812179,5.63863720734,3.83461240672,0.810859666602
C1015,test,-0.51040691242,-0.634161157092,0.032479943011,0.74429770154,0.641873244236
C1016,test,-0.344977799199,0.577828308087,1.11638022302,1.58610293865,0.612096003856
C1017,test,1.44593382384,-0.134351005589,3.80304083961,4.03799065227,0.810268088291
C1018,test,1.61415664775,-1.42729677712,4.11754964251,3.59155216132,0.840548196596
C1019,test,-0.612342622996,-0.350119119029,1.18494150859,0.702956991852,0.660221672139
C1020,test,1.50817736306,-0.81191225388,4.63921746905,3.78356103432,0.82147192535
C1021,test,-2.17321862167,0.967557172447,-0.834831298931,-0.326970257847,0.9411793519
C1022,test,-1.14065452425,0.37092281127,0.0269151436382,0.342590661019,0.755317814365
C1023,test,0.233390292681,-0.248143829576,1.79216817865,2.35008577105,0.592010252683
C1024,test,0.550551168057,0.485256919134,3.68395901434,3.25664929905,0.64909921025
C1025,test,-1.50012672062,0.761305600263,0.832012065369,0.20014938167,0.820022809711
C1026,test,-1.97809017014,0.354675380016,-0.969797108184,-0.391489493966,0.906056230626
C1027,test,-0.355027704087,0.656514113573,2.0019199848,1.60282982855,0.613904986736
C1028,test,-1.51965012842,-0.51855179843,0.289435450301,-0.391492718075,0.823537023115
C1029,test,-1.85315934178,0.298055096144,0.266376116148,-0.299742964043,0.883568681521
C1030,test,-0.210808746737,-1.37969406894,0.855271865736,0.961234373222,0.587945574413
C1031,test,-1.21869001937,0.889467414806,0.454277357279,0.499864125418,0.769364203487
C1032,test,-1.74627243037,0.869260777987,-0.143795868226,0.0495235863602,0.864329037467
C1033,test,0.737647514796,-0.689604634202,2.57841097827,3.02101740014,0.682776552663
C1034,test,-1.40335433352,-0.664156478147,-1.30516297699,-0.362164363107,0.802603780034
C1035,test,0.287079268055,-0.984158931191,1.56579042049,2.1219779907,0.60167426825
C1036,test,1.24917892147,-0.804929619052,3.71775102681,3.56656824355,0.774852205865
C1037,test,-0.164862810815,0.595650302051,2.60505465362,1.94009966799,0.579675305947
C1038,test,-0.29293051836,-0.102563069163,1.8540497572,1.37786878289,0.602727493305
C1039,test,2.02303196625,-0.76570648534,3.89900981206,4.25184729585,0.914145753926
C1040,test,2.26285828361,-0.225643374478,5.04514452607,4.77167390607,0.957314491049
C1041,test,-0.833750688497,-0.957449547263,-0.397023066066,0.103298426969,0.700075123929
C1042,test,-1.65742704671,0.257762664545,1.17359301339,-0.152685905655,0.848336868408
C1043,test,-2.15807455304,-1.14434641541,-1.79927484181,-1.25950463881,0.938453419546
C1044,test,2.39632377959,-0.0253766924779,5.403222696,5.0443994772,0.981338280327
C1045,test,-1.94795375869,-1.6619717653,0.794781382277,-1.26958569376,0.900631676564
C1046,test,2.31107831003,-0.833473003027,4.43649430815,4.56166723611,0.965994095806
C1047,test,-0.636788228546,1.29034510594,1.58620383294,1.40230546347,0.664621881138
C1048,test,-1.72319912166,1.10788897844,0.909711259911,0.17610358954,0.860175841899
C1049,test,-2.04691945103,-0.309055986451,-0.50616411108,-0.760346408444,0.918445501186
C1050,test,-0.963814789245,-1.25479381246,-0.846795104721,-0.195100228429,0.723486662064
C1051,test,-1.00669849056,-0.453197916496,-1.05557760765,0.115590785725,0.731205728301
C1052,test,-0.748827534848,1.03057191391,1.59397554873,1.11620090133,0.684788956273
C1053,test,0.286794008572,0.8286012775,2.55582293085,2.93717698402,0.601622921543
C1054,test,2.26295887776,0.489567040998,4.10761362605,5.09364822925,0.957332597998
C1055,test,1.6760552093,-0.241348703274,2.65816619644,4.17518049793,0.851689937674
C1056,test,-1.26145248363,0.387573468492,0.493052601333,0.234384604725,0.777061447054
C1057,test,2.29518159848,0.524043387392,5.86410640403,5.15130453583,0.963132687726
C1058,test,-0.553712488675,0.346074087155,0.408903823012,1.11217064391,0.649668247961
C1059,test,1.60744021129,-1.06786535829,3.31904832265,3.74791023038,0.839339238033
C1060,test,-1.09725789813,1.04862036407,-0.509491835492,0.692204599651,0.747506421663
C1061,test,1.84017321105,-0.34347888073,2.69339359759,4.2677569924,0.881231177988
C1062,test,0.208192921708,0.426058757121,2.53655977563,2.60453385632,0.587474725908
C1063,test,1.28986733134,-0.262920531511,1.73786251148,3.84732786643,0.782176119641
C1064,test,-1.70415676805,0.698992744185,-1.3029267995,0.0077981667086,0.856748218249
C1065,test,2.37790576506,-0.715880560076,4.91852216955,4.70720460228,0.97802303771
C1066,test,-0.876649644781,-0.252553845821,0.950895400355,0.364023514558,0.707796936061
C1067,test,-1.68407443522,0.501002022338,-0.148408791373,-0.0648663745479,0.85313339834
C1068,test,-1.00423327068,-0.367551340268,-0.458204333213,0.156952851597,0.730761988722
C1069,test,-1.50424816568,-0.184150801997,-0.753396726606,-0.22862640628,0.820764669822
C1070,test,0.254268337479,-1.61240498,1.60659748127,1.7764633162,0.595768300746
C1071,test,-1.81109321498,-1.91479814708,-0.404475393676,-1.25849793594,0.875996778696
C1072,test,-1.96776826754,0.26974278394,-1.26972387332,-0.419554234804,0.904198288157
C1073,test,-0.905426614352,-0.887823445166,-0.599323427913,0.0414848553184,0.712976790583
C1074,test,-0.915213393647,-0.356219282476,-0.15906094152,0.268457097711,0.714738410856
C1075,test,2.2458067017,-0.530755213757,5.35033933154,4.6125711656,0.954245206307
C1076,test,-2.17843068413,-0.252986899932,-1.90427536929,-0.882408173128,0.942117523144
C1077,test,1.68599702148,-1.40602525655,3.89272469836,3.65917396727,0.853479463866
C1078,test,-0.0253015017588,-1.12027998079,1.58753365323,1.44527748316,0.554554270317
C1079,test,-2.40772404454,0.48439516189,-2.06261289803,-0.854427606876,0.983390328018
C1080,test,1.22673909552,0.743609698053,4.74858812734,4.24258364935,0.770813037194
C1081,test,1.51220583716,-1.57208003783,4.10720264754,3.44472605116,0.82219705069
C1082,test,1.30455838909,-0.0222983844431,4.31574098803,3.96864786944,0.784820510036
C1083,test,2.34949185782,1.44515582249,4.70819407995,5.63963567584,0.972908534408
C1084,test,0.150143858708,0.263759428699,2.17504116037,2.41763166352,0.577025894568
C1085,test,0.801506847676,-0.463461123417,3.65301708814,3.21339640085,0.694271232582
C1086,test,2.41835720128,-0.41422854045,4.40627225795,4.9016127753,0.98530429623
C1087,test,2.41849736646,0.201062089389,6.001151376,5.17870023043,0.985329525963
C1088,test,-1.40463597086,-0.738965290736,-2.66766172853,-0.396896033688,0.802834474754
C1089,test,-1.02325773968,-1.43076749931,-0.536875028485,-0.34309528891,0.734186393142
C1090,test,-0.295122355565,0.189037100706,0.916836905898,1.50492609352,0.603122024002
C1091,test,0.245006986462,0.970400378813,3.95909390808,2.92088141658,0.594101257563
C1092,test,0.358058887497,-1.91930540387,1.74915522093,1.83453332014,0.61445059975
C1093,test,-2.15620013467,-0.0281428377815,-2.78507448769,-0.75502484852,0.938116024241
C1094,test,2.41090205668,1.5303239058,5.59502273106,5.76570259687,0.983962370203
C1095,test,0.172360082961,2.00308422058,4.28832012573,3.24407201112,0.581024814933
C1096,test,0.632305589263,-0.467291286536,2.63800705725,2.96099386328,0.663815006067
C1097,test,-0.733685478026,-0.71714619336,0.103163843085,0.351727635088,0.682063386045
C1098,test,-0.574626583633,-0.417734784591,0.0765085023857,0.733804545665,0.653432785054
C1099,test,-0.719751545992,-1.90947026887,0.607185735283,-0.164331810543,0.679555278279
C1100,test,1.214799789,-1.58354897968,3.74787517428,3.18412584811,0.768663962019
C1101,test,1.4319274238,0.00700162434815,4.04966542088,4.09010337911,0.807746936284
C1102,test,2.29531501508,-1.32701263149,3.09404649542,4.31850637724,0.963156702714
C1103,test,-2.09920960323,-0.37088543221,-1.40791341591,-0.84455198423,0.927857728581
C1104,test,0.908179911713,-1.33600833021,2.76150862295,2.96124827519,0.713472384108
C1105,test,1.90789304216,-0.130189014718,4.76305014376,4.42518497661,0.893420747588
C1106,test,0.776887925758,0.830503977824,3.38360788077,3.76132643265,0.689839826637
C1107,test,-1.81688929944,-0.861571317943,-0.686453199791,-0.789586064214,0.877040073899
C1108,test,0.892049570888,2.06360656103,5.51270598618,4.47069347481,0.71056892276
C1109,test,-0.0588260530014,0.398387756843,1.43073441828,2.06170375537,0.56058868954
C1110,test,0.827780450694,1.07032324094,3.99182684292,3.93946097958,0.699000481125
C1111,test,0.11107863997,-1.86116954564,0.920951719254,1.38408411971,0.569994155195
C1112,test,-2.01789770129,2.13749340571,-0.202683809822,0.370728292096,0.913221586232
C1113,test,0.434674321552,0.0344143990314,2.24486416303,2.85320315855,0.628241377879
C1114,test,1.67091136542,1.75708563361,6.03499119525,5.07029600175,0.850764045776
C1115,test,-0.939276321071,0.282959937942,0.123977633637,0.526440434291,0.719069737793
C1116,test,-0.0574885362877,1.68786235771,1.95971401123,2.64463693645,0.560347936532
C1117,test,1.53135978387,-0.584683326327,4.36805877608,3.90443360063,0.825644761097
C1118,test,1.22469510328,-1.98733505814,3.35975439998,3.01174264808,0.770445118591
C1119,test,1.99860870504,1.30449816732,4.16972854085,5.15858213866,0.909749566907
C1120,test,-1.74368954264,-0.196913125788,-0.783358122859,-0.428095267055,0.863864117675
C1121,test,1.79068459543,-0.614552846607,3.81614330026,4.10268846978,0.872323227177
C1122,test,-0.411832620338,0.721988780201,1.35623296115,1.52823685723,0.624129871661
C1123,test,-1.66472265768,-0.376571873039,-0.607500562412,-0.44404413384,0.849650078383
C1124,test,-1.16487716472,-0.837669069664,-0.794159728791,-0.225445153392,0.75967788965
C1125,test,-1.97252153605,-1.90148563511,-1.18318511767,-1.40127196257,0.905053876489
C1126,test,2.2035490388,0.188056488027,3.74849153181,4.88346620711,0.946638826985
C1127,test,1.0443134057,0.554294465119,3.94075786177,3.97213981497,0.737976413026
C1128,test,1.11214097489,0.553845843172,4.7010024849,4.04441884882,0.75018537548
C1129,test,-0.864114649555,-0.156369137504,0.731699363243,0.423583477413,0.70554063692
C1130,test,2.07516989332,1.84338736374,5.23626835508,5.4809127155,0.923530580798
C1131,test,-0.966582379125,0.905684424491,0.52682307268,0.773824701603,0.723984828242
C1132,test,1.43106960889,-2.28604823318,4.02353327701,3.05752484616,0.8075925296
C1133,test,-1.53234291397,1.43525900518,1.03551437468,0.47753716224,0.825821724515
C1134,test,0.354970936573,0.0886739480164,2.56583968507,2.73239949443,0.613894768583
C1135,test,1.60920033656,0.0130711177174,3.18149888155,4.23574271796,0.839656060581
C1136,test,1.18418121999,0.260701454724,3.83520010898,3.98470454489,0.763152619599
C1137,test,1.37738718413,-0.647470146578,3.77072854448,3.75015360151,0.797929693143
C1138,test,-0.0881352398603,-2.07507279094,1.37610394768,0.890220186722,0.565864343175
C1139,test,-1.07982534246,0.253425696182,-0.359348387855,0.352812826592,0.744368561643
C1140,test,1.96805650407,-1.57399344339,4.79676374116,3.83292376584,0.904250170732
C1141,test,1.54189641542,1.18399448222,3.5149699865,4.70878279209,0.827541354776
C1142,test,-1.05807865442,-1.82644721925,1.35620186771,-0.559693393479,0.740454157795
C1143,test,1.33791762184,0.716225543047,5.17876584209,4.33011606357,0.790825171931
C1144,test,2.46942435809,-1.6197721114,4.49113637627,4.43595643351,0.994496384456
C1145,test,-0.292882013282,-1.13695056204,0.54946236726,0.912486568703,0.602718762391
C1146,test,-2.19517796491,-0.696010759324,-0.796368721974,-1.10187581445,0.945132033683
C1147,test,-2.2817080649,0.930305727165,0.241060581014,-0.479076498154,0.960707451682
C1148,test,1.4841002403,-0.292470568988,3.78907661077,3.99788597337,0.817138043255
C1149,test,-0.338481008257,-0.542193766295,0.554401609765,1.09421103174,0.610926581486
C1150,test,1.31577816843,-0.227930741452,3.50933757357,3.88598328468,0.786840070317
C1151,test,-2.3086688743,1.79021868177,0.552594745876,-0.127892207694,0.965560397373
C1152,test,1.06123433042,1.00543962646,4.93588224642,4.19367066131,0.741022179476
C1153,test,-0.465607961619,-1.06388991829,1.33254993723,0.628694509997,0.633809433091
C1154,test,-1.96130086329,3.39017101328,1.03267239023,0.990954674775,0.903034155392
C1155,test,0.673186093155,0.45209168859,2.97472913198,3.43837851729,0.671173496768
C1156,test,-2.47344823678,1.97575182824,0.647023401254,-0.281950538741,0.99522068262
C1157,test,0.404221381333,-0.168647922799,2.26244329447,2.70698214378,0.62275984864
C1158,test,2.45501781095,-1.08528742002,6.27841408937,4.65448617524,0.991903205971
C1159,test,0.543769460227,1.36887479559,4.53368640238,3.64291670749,0.647878502841
C1160,test,-2.33577363578,0.6457192342,-1.0440624188,-0.679759606697,0.97043925444
C1161,test,0.850704126642,-0.930701985102,3.81235677116,3.06961459845,0.703126742796
C1162,test,1.76987126094,-0.775532253262,4.03049726516,4.01251617356,0.868576826969
C1163,test,-0.318492019265,-1.15784047575,1.22140041954,0.854650867218,0.607328563468
C1164,test,0.063056759658,0.752514316704,2.45625131505,2.46464475218,0.561350216738
C1165,test,-0.747631990569,-0.869767878123,0.855571877862,0.262775031554,0.684573758302
C1166,test,-2.27480239164,-0.728924503009,-0.693307453809,-1.21670540936,0.959464430495
C1167,test,-2.18442000266,0.144418078904,-2.06413331313,-0.71073031015,0.943195600478
C1168,test,0.210643979261,-0.616606379779,1.75721429262,2.14010954063,0.587915916267
C1169,test,2.10281001797,0.0036934900552,4.80572196854,4.68330091255,0.928505803234
C1170,test,2.3867385838,1.02151507164,5.8081718506,5.5016753905,0.979612945085
C1171,test,-1.91283982575,-0.873665996051,-0.438814283126,-0.881535743762,0.894311168636
C1172,test,-1.52562924592,-0.724086117007,-1.93252889911,-0.488783102985,0.824613264265
C1173,test,-2.44402863275,0.581436885869,-2.59278559394,-0.864610497673,0.989925153896
C1174,test,-1.19867693899,-0.426224025861,-0.588997563988,-0.0731721403955,0.765761849018
C1175,test,0.667359958978,0.820659809206,2.99988506384,3.59527979983,0.670124792616
C1176,test,0.233494045496,0.0735573986952,1.92882327068,2.49505216691,0.592028928189
C1177,test,0.932675475317,-0.968163888545,3.4512665202,3.1571513764,0.717881585557
C1178,test,0.606863991778,0.683828382644,4.31942329395,3.43841002493,0.65923551852
C1179,test,1.97976499581,-0.746240399176,3.81702713227,4.21694168942,0.906357699246
C1180,test,1.35251484397,1.54322074355,4.01747115067,4.71481830399,0.793452671915
C1181,test,1.23984197435,1.96137388382,4.91906924906,4.80278409069,0.773171555384
C1182,test,0.997859466413,-0.424957148814,2.41520005893,3.47909372842,0.729614703954
C1183,test,-1.1059166436,-1.30993798536,-0.307804169157,-0.378198212065,0.749064995847
C1184,test,0.364858418267,1.08549361248,3.78302150413,3.19927149182,0.615674515288
C1185,test,1.41819013525,0.620238276394,3.06770801613,4.35472213855,0.805274224345
C1186,test,-0.776270690562,-0.912760726347,-0.694994416531,0.202528691425,0.689728724301
C1187,test,1.06217727567,0.627643860461,2.55368395361,4.02468571032,0.741191909621
C1188,test,-0.508346450875,-0.495982731709,0.876613379801,0.810010976672,0.641502361158
C1189,test,1.57575059954,0.745795784136,5.31549317694,4.53868642721,0.833635107917
C1190,test,0.928864188989,0.433342660972,2.91201155695,3.78314905741,0.717195554018
C1191,test,-0.452321420626,-0.359192297989,2.43772704482,0.969252129131,0.631417855713
C1192,test,-0.232354989309,0.923431530049,2.29733817436,1.95579813692,0.591823898076
C1193,test,1.44633178122,-1.1326262992,4.22004751676,3.58909251928,0.81033972062
C1194,test,0.802286059409,0.885751230728,3.76898584899,3.82161743265,0.694411490694
C1195,test,-2.13319426053,-0.074676926552,-0.777267704331,-0.749422714249,0.933974966896
C1196,test,1.70627429536,-1.07573847485,3.18443027955,3.8244059141,0.857129373165
C1197,test,1.79962169464,-0.217046412969,4.81483709288,4.28924694076,0.873931905034
C1198,test,-1.22293895324,0.601744697511,0.299262176091,0.366390307325,0.770129011583
C1199,test,0.407051882778,-1.27706993461,2.88481858905,2.21332434758,0.6232693389
C1200,test,-0.493620522509,-0.113159409629,1.29476829587,1.00765683774,0.638851694052
C1201,test,-2.31203722557,-1.20606252081,-1.3361642586,-1.48074940837,0.966166700602
C1202,test,-2.20088255048,-0.590941868079,0.0875490502801,-1.06151649189,0.946158859087
C1203,test,-0.286438389911,0.560607542958,1.4185323775,1.6886441156,0.601558910184
C1204,test,-1.49964048364,-0.93149445929,-0.543749134097,-0.561218726332,0.819935287055
C1205,test,-1.8128025319,-0.0619834973523,-1.00441596788,-0.426215787583,0.876304455742
C1206,test,-1.82376111741,-0.178768094453,-2.01764270669,-0.488324973799,0.878277001134
C1207,test,-2.11771953488,0.0803908426051,0.311001408682,-0.662111690917,0.931189516279
C1208,test,1.73833455166,0.255356762387,4.76473207531,4.44992650475,0.862900219298
C1209,test,-0.281032298724,1.11258825389,1.60758302857,1.94733920444,0.60058581377
C1210,test,1.68647790252,0.377643926193,4.02455908261,4.4622174605,0.853566022454
C1211,test,-1.14604948126,-0.707183279607,-1.2883333426,-0.147985595636,0.756288906627
C1212,test,1.00240987045,0.548492284791,3.12124230826,3.92237969276,0.730433776682
C1213,test,1.43205618161,-0.811492688737,3.55571442512,3.72188690228,0.80777011269
C1214,test,0.869249502809,-0.142246662872,2.86500621282,3.44872955523,0.706464910506
C1215,test,0.494347027168,-0.718177720023,3.10365627171,2.61949847605,0.63898246489
C1216,test,2.03378216746,-1.23194092744,4.7493016534,4.05316006384,0.916080790143
C1217,test,2.29194817196,-0.615390838828,2.81183406223,4.63427471139,0.962550670953
C1218,test,1.77588277883,1.85196588121,4.31481148602,5.19999016813,0.86965890019
C1219,test,0.18865805898,1.51183293003,3.19654753746,3.05497411413,0.583958450616
C1220,test,0.334873666201,-2.85982503076,1.10110393692,1.3681382451,0.610277259916
C1221,test,0.835622398359,0.378797562071,3.71684993581,3.63881804852,0.700412031705
C1222,test,1.35791912104,-0.465436023026,4.28468234857,3.81554294783,0.794425441787
C1223,test,2.00175967723,0.58406608338,5.10944511114,4.83756382345,0.910316741902
C1224,test,-2.21122450858,-0.93154966003,-0.27951170046,-1.2274333466,0.948020411545
C1225,test,-0.479016239791,-1.76411473194,0.64886531495,0.290107163576,0.636222923162
C1226,test,-0.885741949503,-0.625124935116,0.816184701636,0.184676125891,0.709433550911
C1227,test,-0.0844170312955,-1.03424637722,2.47419362472,1.36599535518,0.565195065633
C1228,test,2.41498349535,-1.03299025486,3.60639796237,4.61820257919,0.984697029163
C1229,test,-1.68266943036,-1.6530304193,-2.17671116575,-1.03303569203,0.852880497464
C1230,test,2.16695188986,0.312758449596,6.03574462671,4.89570631613,0.940051340175
C1231,test,-0.724438013667,0.505701524303,0.702585303586,0.915579390144,0.68039884246
C1232,test,2.27540200495,-1.09453855713,4.29522982537,4.39692839758,0.959572360891
C1233,test,-1.01425951375,-0.453446127384,-0.539000629793,0.106867570669,0.732566712475
C1234,test,-0.158833038257,-0.0769935365752,1.15154179834,1.64928157607,0.578589946886
C1235,test,-0.492229509053,-0.698798583507,1.40483661761,0.746527460876,0.63860131163
C1236,test,-0.972356879819,1.73157174687,0.132660915565,1.13863657699,0.725024238367
C1237,test,-0.0899744890431,-0.413686583133,1.01312153994,1.63418294025,0.566195408028
C1238,test,-2.07961680204,-0.436474058979,-2.1818648052,-0.852615547638,0.924331024367
C1239,test,1.15089506621,-1.28634992857,3.4148861569,3.25574901354,0.757161111917
C1240,test,-0.239634696785,-1.81496593805,-0.210697038529,0.709437449929,0.593134245421
C1241,test,-2.19924027486,-1.50932714928,-1.04952218975,-1.47279340241,0.945863249475
C1242,test,1.97056415637,-0.395339859596,4.14567993995,4.36577713084,0.904701548146
C1243,test,1.64151712584,0.201217555898,4.07200299873,4.34638073753,0.84547308265
C1244,test,0.882918679068,0.576208247774,3.61529191528,3.78969177766,0.708925362232
C1245,test,1.44229386215,0.167250747786,4.94439603066,4.17072974257,0.809612895187
C1246,test,1.75533543647,-0.478040529869,2.96007881921,4.13412460947,0.865960378564
C1247,test,-1.63851642452,0.435044553273,-0.497753362714,-0.0576449988918,0.844932956414
C1248,test,-0.69171323534,-1.3697671247,1.15917722248,0.120456995198,0.674508382361
C1249,test,-1.87507825075,2.23827980952,2.07715089956,0.55362328239,0.887514085135
C1250,test,0.27981365677,1.32210201739,2.97991521158,3.14594614746,0.600366458219
C1251,test,2.47708121695,1.13653513582,5.56037732835,5.68808004694,0.995874619051
C1252,test,-1.63078336434,1.37362106684,1.01941015151,0.370938710634,0.843541005581
C1253,test,-0.653432311868,-0.0370814868959,1.98394617598,0.778896570186,0.667617816136
C1254,test,-1.71375843095,-0.40371763119,-0.978920579512,-0.496321459856,0.858476517571
C1255,test,2.19350154899,0.11318532288,4.17953712704,4.83757733182,0.944830278819
C1256,test,0.734688018606,-1.79342252888,2.66801824902,2.51998149887,0.682243843349
C1257,test,-1.10222456296,1.09648266473,1.40380018739,0.708541782507,0.748400421333
C1258,test,0.254200199503,-0.462325472505,1.79112753183,2.29386799066,0.595756035911
C1259,test,-2.20299184745,0.385792161323,-0.594258269111,-0.624554909872,0.946538532542
C1260,test,-0.465505578148,-0.56255877843,1.34355634054,0.854473529927,0.633791004067
C1261,test,1.14310073419,0.591523935136,4.73244084983,4.09297506709,0.755758132155
C1262,test,1.63171858392,0.220813654039,4.31722777349,4.34730918612,0.843709345105
C1263,test,0.543793749165,0.419512033814,3.39052375168,3.21574424064,0.64788287485
C1264,test,0.989678727851,1.86454592526,4.41859030112,4.49990391156,0.728142171013
C1265,test,1.34454799722,-0.597807058109,4.50129883946,3.74451770565,0.792018639499
C1266,test,1.09240132681,0.832512558236,3.57452096189,4.14919641427,0.746632238826
C1267,test,1.05280061838,-0.673778019429,3.9421106206,3.42883118033,0.739504111308
C1268,test,-2.07975253351,0.525128312097,-1.63906388417,-0.420041728188,0.924355456031
C1269,test,-0.743948878502,-0.54603541889,1.70875140406,0.413785867328,0.68391079813
C1270,test,0.0360842555638,1.93737396744,3.21270948571,2.94396800763,0.556495166001
C1271,test,-0.19883852569,-0.575150300671,1.21660998,1.34662511387,0.585790934624
C1272,test,-1.50016742797,-0.590685855573,0.734479110174,-0.408279582751,0.820030137035
C1273,test,0.732949735889,-0.81512811764,3.40031185845,2.95767298764,0.68193095246
C1274,test,-1.00673373416,-0.151292714621,-0.548318847396,0.251407842911,0.731212072149
C1275,test,-0.994622594043,-0.771385010549,-1.15241458032,-0.0137109867939,0.729032066928
C1276,test,-1.11691548428,1.2670852402,-0.161447965801,0.770068278061,0.75104478717
C1277,test,2.49191940479,-0.694297311626,6.44909349662,4.8872384259,0.998545492862
C1278,test,-0.0205812887113,-0.644944477304,2.16049265545,1.6686158947,0.553704631968
C1279,test,0.98327369678,0.514200350532,2.84583497904,3.88478551946,0.72698926542
C1280,test,-0.843942758794,0.7181749226,1.994532219,0.843712986212,0.701909696583
C1281,test,0.216616632521,0.0279080444331,2.88248943181,2.44176416918,0.588990993854
C1282,test,1.97896137352,-2.24799345977,4.38365461546,3.54035769893,0.906213047233
C1283,test,-1.03065678432,1.35940436971,1.22191559288,0.904185674365,0.735518221178
C1284,test,-1.88073987867,-0.560005402913,-0.57294002117,-0.710755279543,0.88853317816
C1285,test,0.382427365462,-1.77058375339,1.91751956017,1.94636528163,0.618836925783
C1286,test,0.837973465332,-0.606878424718,4.23562685672,3.19841059047,0.70083522376
C1287,test,-1.13516681685,-0.405862845217,0.0090576164204,-0.00141387808257,0.754330027033
C1288,test,1.28822822521,0.741409702119,2.78998529414,4.29781313525,0.781881080538
C1289,test,0.254801263852,-0.790112982068,1.88913538013,2.14752002243,0.595864227493
C1290,test,-0.443399659666,0.456262812005,1.46626315907,1.35204277474,0.62981193874
C1291,test,-2.29835624347,-1.61426451694,-2.52195609091,-1.64612269399,0.963704123825
C1292,test,0.807802632587,2.14165252468,2.98996799739,4.39436619598,0.695404473866
C1293,test,0.774353044837,0.149445911583,3.7782959636,3.45127172917,0.689383548071
C1294,test,-0.324165600674,-0.219233729526,0.845632045381,1.26635586274,0.608349808121
C1295,test,-2.07277603543,2.4347486317,1.27051926956,0.446831534356,0.923099686377
C1296,test,2.23697397395,-0.399730260793,4.50663331369,4.66037273667,0.952655315311
C1297,test,-1.6153720545,-0.761731696029,-0.241409964935,-0.577590117519,0.840766969809
C1298,test,0.869599626034,1.87015988398,5.72437447792,4.35476753625,0.706527932686
C1299,test,0.628923118032,-0.94154194653,2.43511664655,2.74222733224,0.663206161246
C1300,test,-1.60010755676,0.211564311984,-0.144477561294,-0.127369972436,0.838019360216
C1301,test,-1.15611181795,-0.924840544223,-0.0654914257758,-0.255986406905,0.758100127231
C1302,test,-1.83083186518,-0.889182721984,1.05243205376,-0.814214290636,0.879549735733
C1303,test,-1.91428816693,0.803934299581,1.2124682367,-0.127970609235,0.894571870047
C1304,test,-1.30081445402,-0.176612714973,-0.714763559476,-0.0548474260303,0.784146601723
C1305,test,-0.914293810225,0.210050074911,0.875720642392,0.524424568622,0.714572885841
C1306,test,1.58398459531,-0.617860809072,4.86186980963,3.93162902574,0.835117227155
C1307,test,-1.99432331032,1.63514322299,0.899980105748,0.168561660589,0.908978195858
C1308,test,0.106929240544,-1.7831419267,0.936307309019,1.4109566855,0.569247263298
C1309,test,1.79868121661,-1.12632732788,2.78284886638,3.87926031173,0.873762618989
C1310,test,-0.832354449246,1.02602626234,1.76495936129,0.997737552754,0.699823800864
C1311,test,-0.258369716951,1.15955051687,1.9483857742,2.01186575291,0.596506549051
C1312,test,0.159367145588,1.76575441582,2.28920800999,3.11171294694,0.578686086206
C1313,test,-0.510711054399,-0.879659283893,0.324940438997,0.633302413077,0.641927989792
C1314,test,2.4103602405,-0.0662345910983,6.64334222282,5.04645740689,0.983864843289
C1315,test,-1.93896103102,-0.289374720032,-0.13441387433,-0.64329223979,0.899012985584
C1316,test,-0.882186068206,1.58606765631,1.84892680069,1.18427315936,0.708793492277
C1317,test,0.717219845555,0.15617703149,3.1071101607,3.37160279676,0.6790995722
C1318,test,-2.34846152213,-0.381859642585,-1.59125887837,-1.15971884871,0.972723073984
C1319,test,0.779577542807,0.522834804652,3.0255554278,3.62666389448,0.690323957705
C1320,test,0.0364372185483,-0.677760570572,0.306828081697,1.76786283482,0.556558699339
C1321,test,0.678563163236,0.373566267885,3.76658324351,3.41127103369,0.672141369382
C1322,test,0.663907671177,-0.724100340238,3.55075788961,2.89481310823,0.669503380812
C1323,test,-1.30138338862,1.16739876301,0.0510418068608,0.549454124855,0.784249009951
C1324,test,-1.97259120067,0.367649670879,-0.359374857218,-0.380229589584,0.90506641612
C1325,test,-0.0364665924194,0.289444794296,2.75286397835,2.05733636493,0.556563986635
C1326,test,-0.580310602496,2.92766405662,3.50264585746,2.22989868091,0.654455908449
C1327,test,1.23347640327,0.275857311572,2.71826169208,4.03838758547,0.772025752588
C1328,test,-0.879523215695,-0.0968127902795,0.336512948145,0.430401777976,0.708314178825
C1329,test,-2.49959860267,-0.848611898324,-1.49095878882,-1.59356789155,0.999927748481
C1330,test,1.45043740526,-0.473256281888,3.08326006945,3.88916699052,0.811078732947
C1331,test,-1.01898073904,-0.124283213419,0.358038662588,0.249644948878,0.733416533027
C1332,test,-0.838802941265,-0.875410393513,-0.272835996492,0.133450821085,0.700984529428
C1333,test,1.33689606606,-0.88148881582,4.52343226738,3.61026178722,0.790641291891
C1334,test,-0.689728693759,-0.578244955344,0.0760132789999,0.479644453527,0.674151164877
C1335,test,-0.47600435863,-1.16006226091,0.265312730859,0.567191190563,0.635680784553
C1336,test,0.712170225035,-0.0303991334427,3.89460662487,3.28014705323,0.678190640506
C1337,test,-1.99811462659,0.60606162343,-0.212429046129,-0.298333027813,0.909660632787
C1338,test,1.52722547962,-1.98310688075,3.83491510282,3.27182700971,0.824900586331
C1339,test,0.0631974775856,1.74089668762,3.03794952031,2.90969758292,0.561375545965
C1340,test,-1.44391601459,2.46920895156,0.825193058334,1.0143478327,0.809904882626
C1341,test,1.3593006099,-1.06792768326,4.2072353466,3.54560041728,0.794674109782
C1342,test,-0.258291491719,0.806524513763,0.271381118961,1.85315437569,0.596492468509
C1343,test,-2.29359883746,0.928598596762,0.0918145597092,-0.495516864467,0.962847790743
C1344,test,1.90226974429,0.306886899486,5.41940881997,4.6166440978,0.892408553973
C1345,test,-1.52335697817,1.36636399443,-0.0708507137467,0.45374310441,0.82420425607
C1346,test,-1.41270223002,-0.189832832264,0.752978839545,-0.156491691265,0.804286401404
C1347,test,0.958002560201,0.892056079763,4.45340698861,4.02493026581,0.722440460836
C1348,test,1.42708903306,2.58760259905,5.23033812914,5.24738796079,0.806876025951
C1349,test,-2.08417893066,-0.837173140617,-1.21748669834,-1.03788966378,0.925152207518
C1350,test,1.97068818715,-0.533956554641,4.64095010223,4.30352139516,0.904723873687
C1351,test,-0.204570338914,-0.341779013766,1.2806451579,1.44045464573,0.586822661005
C1352,test,1.30988188288,1.11828857899,5.44664754387,4.48660443155,0.785778738918
C1353,test,0.130371018577,-0.84696387266,1.70796193802,1.87872495681,0.573466783344
C1354,test,1.31186674912,1.041778215,3.91052694112,4.45391998588,0.786136014841
C1355,test,-1.90048451813,-0.250859975811,-1.92521561223,-0.589778090514,0.892087213263
C1356,test,-0.718475475032,1.0791772586,0.765588904728,1.1824472798,0.679325585506
C1357,test,2.39023961525,0.0235232199116,4.8581701459,5.05761608399,0.980243130745
C1358,test,-0.172272698267,0.625394705517,1.51259840799,1.93891519206,0.581009085688
C1359,test,1.08559308425,-0.501597693625,2.97095173531,3.54164598512,0.745406755165
C1360,test,-0.597896256727,0.28430084497,0.756032220184,1.01172875326,0.657621326211
C1361,test,-1.24275276942,0.620209070458,-0.878186376951,0.356233899324,0.773695498496
C1362,test,-1.6540309355,-1.70836671756,0.342256295564,-1.03469790774,0.847725568391
C1363,test,-2.10067527634,-0.702174711832,0.783912171944,-0.995252877084,0.928121549742
C1364,test,1.28612505992,0.583299676428,3.60729697481,4.22478346148,0.781502510786
C1365,test,-2.30491065855,-1.27553573224,-1.61995955614,-1.50244263738,0.964883918539
C1366,test,0.82715252907,1.26690421381,3.15654971065,4.02707498845,0.698887455233
C1367,test,-0.279222041029,0.292350048095,1.84305391401,1.58168647539,0.600259967385
C1368,test,-0.272312360563,0.809582034236,3.21817466694,1.82764546778,0.599016224901
C1369,test,-1.08013197626,1.25460724328,0.703899383943,0.803017466622,0.744423755727
C1370,test,1.05924970016,-0.883508104618,2.69187263834,3.34148778701,0.740664946028
C1371,test,-0.778918968374,-0.226526545807,0.31296526057,0.507601686291,0.690205414307
C1372,test,2.16598858925,-0.915360984268,6.67440774531,4.34191803871,0.939877946066
C1373,test,1.08800747782,-0.75802518923,3.57226926702,3.42881245285,0.745841346008
C1374,test,-2.45454934282,1.14470123908,-2.41995554903,-0.627039036707,0.991818881708
C1375,test,0.248639460702,-0.746637999727,2.18232876615,2.15521888376,0.594755102926
C1376,test,-1.30658896817,1.74391073172,0.52275889535,0.804285799818,0.785186014271
C1377,test,-1.00073089882,-1.51881400396,-0.133712370305,-0.357096000054,0.730131561788
C1378,test,-1.0251970416,-1.12001262745,0.470548472008,-0.205435720215,0.734535467488
C1379,test,2.48676074844,-1.02970410636,5.16087119682,4.72826873681,0.997616934719
C1380,test,-0.133136072479,-0.622043893657,0.69074638561,1.45474870835,0.573964493046
C1381,test,-1.0944449063,0.122451613761,-0.461721981016,0.278384938784,0.747000083134
C1382,test,0.843638160171,1.94026848334,4.38758981323,4.35218140336,0.701854868831
C1383,test,0.759628600238,-0.284354454479,3.61748637927,3.23512218178,0.686733148043
C1384,test,-2.4611685736,-0.571412812384,-1.71052633479,-1.40935925304,0.993010343248
C1385,test,-1.30668560345,-1.25282934755,-0.762439839397,-0.544332449453,0.785203408622
C1386,test,1.07811508273,-0.306877696981,2.85162206097,3.62130788478,0.744060714892
C1387,test,0.684830846888,0.911407771763,3.73423383967,3.66284884201,0.67326955244
C1388,test,0.1929974122,-0.0992339178652,2.0715115398,2.33848539977,0.584739534196
C1389,test,-1.44340197514,1.02348256288,0.0293621211293,0.364192106415,0.809812355525
C1390,test,0.226856453243,2.29553984335,3.49951634733,3.4820837053,0.590834161584
C1391,test,1.77518868264,-0.274875176845,4.95440868023,4.24232198581,0.869533962875
C1392,test,0.268396123687,-0.639908866212,2.88875326417,2.24121019355,0.598311302264
C1393,test,-0.591810972259,0.398890666608,1.31420118092,1.07317154883,0.656525975007
C1394,test,-0.819673605369,0.66657310636,1.76035534903,0.853119457909,0.697541248966
C1395,test,-2.30017052939,0.00392880842068,-1.10171231618,-0.920352018428,0.964030695291
C1396,test,-1.65454761556,0.38691731865,-1.66750955251,-0.0922377476499,0.847818570801
C1397,test,0.748816602436,-0.473689616064,2.51754228368,3.13438034792,0.684786988439
C1398,test,1.00289568037,0.967978797576,3.78540123716,4.11170605194,0.730521222467
C1399,test,-0.684770361066,0.197819117832,0.296365647286,0.836395190969,0.673258664992
C1400,test,0.194610507974,-0.00623631800387,1.95751623338,2.38348871119,0.585029891435
C1401,test,2.33031426238,0.737375512545,2.74671029226,5.29466072998,0.969456567229
C1402,test,-2.21163226717,-0.54691517524,-0.811776629869,-1.05484884047,0.948093808091
C1403,test,-0.0225276997137,-0.427814652353,1.633648093,1.76243257965,0.554054985948
C1404,test,-0.359508163965,-0.260391390791,0.641402745377,1.18191899776,0.614711469514
C1405,test,1.72054663449,2.61110510502,5.57360111124,5.4952496587,0.859698394209
C1406,test,0.127732503718,0.929796671754,2.29154895371,2.67304261309,0.572991850669
C1407,test,1.37283556276,-0.372160720532,1.78162425188,3.87019504139,0.797110401297
C1408,test,1.46805315823,1.98420765183,6.14842565855,5.0093808517,0.814249568482
C1409,test,1.80308391442,-0.60340095446,2.92089654388,4.11837413764,0.874555104596
C1410,test,0.0878372167045,-0.365759737561,2.31314615033,2.01081189061,0.565810699007
C1411,test,0.214944397229,-0.983220120356,2.76508256307,1.98350401731,0.588689991501
C1412,test,0.438121770266,1.49477984443,3.5686972186,3.51652341261,0.628861918648
C1413,test,-2.20177875887,-0.634376097486,-0.792147669163,-1.08215268868,0.946320176596
C1414,test,-1.51940039191,0.737180150143,2.44536844007,0.173787235087,0.823492070544
C1415,test,-0.565232565813,-1.6051913787,-0.646559847309,0.214955124094,0.651741861846
C1416,test,-0.413364674157,1.21841186794,1.4864168848,1.74885875337,0.624405641348
C1417,test,0.148855090275,1.52422486811,3.07981637029,2.98229788276,0.576793916249
C1418,test,-0.602469270928,1.41141784466,1.47748381292,1.51153588125,0.658444468767
C1419,test,0.807345788767,0.607186422562,4.01690638134,3.70322902188,0.695322241978
C1420,test,-1.11509554404,-0.390593852491,0.688954325765,0.0259900540721,0.750717197927
C1421,test,0.904737042028,-0.291169052275,2.52218788012,3.42710121318,0.712852667565
C1422,test,1.19131928369,1.08008006984,3.26436024179,4.36033191433,0.764437471064
C1423,test,0.659242044525,1.34994867423,4.33937742748,3.82091709834,0.668663568015
C1424,test,-0.159140198094,0.176585086343,1.45588245078,1.76278687528,0.578645235657
C1425,test,1.67402159474,0.0432978494151,5.05380158469,4.30161813237,0.851323887054
C1426,test,1.56750604348,1.31010747198,5.89578782639,4.78603097901,0.832151087827
C1427,test,0.514926822074,-1.35010567544,2.96935654112,2.37051708693,0.642686827973
C1428,test,-2.3415011725,0.609036419954,-0.807771976582,-0.704164779345,0.971470211049
C1429,test,2.43225820319,-1.04461424199,4.19099435991,4.63854979895,0.987806476574
C1430,test,0.196313262779,-0.0338056510151,1.75588213109,2.3744109444,0.5853363873
C1431,test,-1.84813103448,-0.65742859077,-0.862957909327,-0.725227621901,0.882663586207
C1432,test,-1.84913574877,-0.416691516696,-0.148746653881,-0.617790408652,0.882844434779
C1433,test,-0.324718480482,0.902999808904,2.36956711889,1.77032261626,0.608449326487
C1434,test,1.60466812016,-0.487242527155,4.45695987424,4.00696869584,0.838840261629
C1435,test,-1.93079967723,0.284558607048,-0.873418410057,-0.377251262041,0.897543941902
C1436,test,-0.358877202992,-1.56453411422,0.502488344263,0.59622313629,0.614597896539
C1437,test,-1.40169941923,0.48689133348,-0.332968711905,0.157186785182,0.802305895461
C1438,test,0.36712363408,-0.870987119195,3.29896785025,2.3230374539,0.616082254134
C1439,test,2.09244658941,-1.68211721442,6.19294781272,3.91325138279,0.926640386094
C1440,test,-0.989039218101,1.63502177072,1.2365667699,1.07564464828,0.728027059258
C1441,test,0.0826976660919,0.516152469363,3.38408252196,2.39743802806,0.564885579897
C1442,test,0.0692332378741,1.62463227845,3.02590816327,2.8694183876,0.562461982817
C1443,test,1.37632967679,0.0716040474404,4.05502751625,4.07284384841,0.797739341822
C1444,test,-1.87714637695,1.59687590102,0.312378905665,0.263112778038,0.88788634785
C1445,test,-2.04143300504,-1.84970384498,-2.15395594609,-1.44788040052,0.917457940907
C1446,test,0.929395840776,0.750045817413,4.3694635878,3.92631934967,0.71729125134
C1447,test,-0.987375723286,-0.485835378775,0.0965809649028,0.123193987619,0.727727630191
C1448,test,-2.39504481107,-0.780900164614,-1.91438140094,-1.4053729625,0.981108065993
C1449,test,2.22035496807,-0.666811840634,4.82863961386,4.51943512176,0.949663894253
C1450,test,-1.09552197763,-1.24292315827,-0.468838363193,-0.337166555163,0.747193955974
C1451,test,0.0964049152598,-0.665374655301,1.90472834229,1.89303350986,0.567352884747
C1452,test,-1.44441819274,-0.4927058626,0.763301307631,-0.318925187565,0.809995274694
C1453,test,0.359482121451,-2.06886198099,1.30423003762,1.76986876767,0.614706781861
C1454,test,-1.49656608428,1.30027208541,-0.218138300637,0.445555202011,0.819381895171
C1455,test,2.37790444555,0.066663699914,5.31494591949,5.0593476376,0.978022800199
C1456,test,1.04103331345,-0.0868169979388,4.41102029177,3.68001609137,0.737385996421
C1457,test,2.41831898024,0.737293734072,5.54962452549,5.41974144649,0.985297416444
C1458,test,-2.41327860822,1.75547300675,-0.585228536905,-0.290580233624,0.98439014948
C1459,test,0.891065374495,-0.616168295545,2.46969119716,3.26354135245,0.710391767409
C1460,test,-2.26192530112,0.419006706694,-2.79541654992,-0.683458635646,0.957146554201
C1461,test,1.53460046923,1.48744855722,3.63022805687,4.83949105852,0.826228084461
C1462,test,-2.30880546949,0.0527450431372,1.20603380878,-0.909938811094,0.965584984508
C1463,test,-2.43581407088,0.0317327650078,-2.48580586815,-1.09965549106,0.988446532758
C1464,test,1.77852816359,-1.1653162139,3.96047273981,3.84446287208,0.870135069447
C1465,test,1.00894958011,-0.844689498767,2.97908741416,3.30293018448,0.73161092442
C1466,test,-0.623211338922,-0.132310855973,0.12021530491,0.783609078349,0.662178041006
C1467,test,0.26623060235,0.268796993938,3.06508731548,2.64597809638,0.597921508423
C1468,test,0.0309097782085,-0.749252436109,1.28642809515,1.72464414977,0.555563760078
C1469,test,-0.300535867314,-1.05002582982,0.791642895229,0.93708015543,0.604096456116
C1470,test,0.598095884567,0.272062005961,2.3956562016,3.23895785772,0.657657259222
C1471,test,-2.17401215026,0.38876762485,0.230488961276,-0.588366474273,0.941322187047
C1472,test,-0.813908088553,0.0355800447782,1.21932990359,0.577027253556,0.696503455939
C1473,test,-1.7195655218,0.586512293054,-0.431291640037,-0.0555109042923,0.859521793923
C1474,test,0.648177279524,0.192327754712,3.15412530586,3.28276867113,0.666671910314
C1475,test,2.30289679163,1.85631617563,6.03764308174,5.76110056088,0.964521422494
C1476,test,-1.24980277452,1.23698397314,-0.233587237125,0.627282470766,0.774964499413
C1477,test,-1.26268237035,-1.11205987441,-0.559007444714,-0.441570566086,0.777282826662
C1478,test,-0.363597456296,-0.472628645765,-0.646403223878,1.07884765016,0.615447542133
C1479,test,0.370420593043,-0.120372739783,3.1266690798,2.6668937561,0.616675706748
C1480,test,-0.230156233319,0.968880702302,2.42858544003,1.98050916785,0.591428121997
C1481,test,-1.64062376532,-0.479033018718,-0.970671369498,-0.47067772185,0.845312277758
C1482,test,0.43558079581,-0.0896602742686,2.67460117812,2.79898922461,0.628404543246
C1483,test,-0.720043884238,-1.32009869446,0.973702794886,0.10045321212,0.679607899163
C1484,test,-2.02094850707,0.24918029088,1.05169152668,-0.48214195893,0.913770731272
C1485,test,0.356104506553,0.803698597498,2.90539459506,3.05626290123,0.61409881118
C1486,test,-2.11690420344,-0.41600182363,-0.867289973577,-0.884571858267,0.931042756619
C1487,test,-0.282755209729,0.918244767946,1.17317859658,1.85659879974,0.600895937751
C1488,test,0.739732027126,-0.32979853547,3.49885955987,3.18596512895,0.683151764883
C1489,test,-1.8908968991,-0.715282209072,-1.66368107025,-0.78992562287,0.890361441839
C1490,test,-1.05747489092,0.493415664379,0.226672518884,0.484902447116,0.740345480366
C1491,test,2.10388987731,0.392537720712,5.82533037495,4.85947876242,0.928700177915
C1492,test,-0.400955562385,0.0651268168096,2.02236788814,1.25236339817,0.622172001229
C1493,test,-1.27392778826,-0.819713188917,0.35795544094,-0.320208564589,0.779307001886
C1494,test,-1.14083885611,1.01900153279,0.853597975756,0.634040171786,0.7553509941
C1495,test,-0.42140180388,0.113613337795,1.03648020023,1.23721002809,0.625852324698
C1496,test,1.45255694606,-0.135354599699,3.23406700249,4.04295440877,0.811460250292
C1497,test,-1.64679650902,0.837345940944,0.429641349139,0.116715281199,0.846423371624
C1498,test,-1.26095879901,0.497416111429,1.14434554182,0.284263732147,0.776972583823
C1499,test,0.521127425613,1.3262759339,2.75287039263,3.58546561169,0.64380293661
C1500,test,1.24319695276,0.202957338383,3.76330001567,4.01460159055,0.773775451496
C1501,test,-2.31368887153,-1.36976840465,-1.93866301145,-1.55664358611,0.966463996875
C1502,test,1.8279391774,-0.545708338348,3.54794543998,4.16597217378,0.879029051932
C1503,test,1.13789059428,1.3290632559,6.04384994905,4.41961170567,0.75482030697
C1504,test,0.994800900408,0.0991692498405,3.80428454113,3.71142003376,0.729064162073
C1505,test,1.77873170833,-0.139221194107,2.89474854105,4.30637886624,0.870171707499
C1506,test,0.583001255964,-0.924941693807,2.35205007359,2.67573308167,0.654940226074
C1507,test,1.96819621293,0.183988175932,4.10107372167,4.62415236501,0.904275318327
C1508,test,-1.38887399338,0.113447985713,0.658667271348,-0.000132946856797,0.799997318808
C1509,test,-0.491395478627,0.136817742234,0.962277920917,1.12399968592,0.638451186153
C1510,test,1.99443735463,-0.0164295548433,4.57600221455,4.55997384631,0.908998723833
C1511,test,1.53428357015,-0.0994802414262,4.26272453285,4.12511907749,0.826171042627
C1512,test,0.367649142873,-2.25563514724,1.87154246048,1.70091550477,0.616176845717
C1513,test,-0.0315919393603,-3.49840397046,-0.10211357359,0.362546944199,0.555686549085
C1514,test,-0.70975942996,-0.646312362028,0.249277249376,0.418922424466,0.677756697393
C1515,test,-0.982167053523,-0.0902466329759,-0.708206568993,0.307287664756,0.726790069634
C1516,test,-0.8386400849,0.326696490996,0.863490360787,0.674616516911,0.700955215282
C1517,test,1.78328823988,-0.438992347241,3.46876027347,4.17536516556,0.870991883178
C1518,test,0.724904202697,0.200773072552,4.23947116724,3.40302073196,0.680482756485
C1519,test,-2.13513920895,0.43170964505,-0.962853858681,-0.523770349171,0.93432505761
C1520,test,-1.00771405397,0.441518781385,-0.117549395231,0.517053043995,0.731388529714
C1521,test,-1.07633495779,-1.51755737142,-1.31427872408,-0.440400081309,0.743740292402
C1522,test,2.26396262239,-2.37755324371,3.74903876412,3.8047382857,0.95751327203
C1523,test,0.681418092436,0.0463644129175,2.33116036579,3.26838554769,0.672655256638
C1524,test,-2.00291946514,0.773820638216,-1.28910465981,-0.227686118304,0.910525503725
C1525,test,1.06381343632,-0.341777723098,4.62406659941,3.59021916235,0.741486418538
C1526,test,0.896082138553,1.09996801013,4.3797602239,4.04218000125,0.71129478494
C1527,test,-1.54888337621,1.16746421623,0.649636435786,0.343778608695,0.828799007718
C1528,test,-1.50983724848,0.0129162809059,-0.95234499352,-0.144444725971,0.821770704726
C1529,test,2.38872288721,0.43883090204,6.19316509108,5.24232058209,0.979970119697
C1530,test,-0.695875210633,1.47151601718,1.28670267809,1.39275269602,0.675257537914
C1531,test,1.29378097756,-0.123172382378,3.44446899521,3.91370156941,0.782880575961
C1532,test,-1.95992057195,-0.454414907261,-1.39422109031,-0.73776555826,0.902785702951
C1533,test,0.373472275324,0.0751661307258,3.60783594761,2.7605059273,0.617225009558
C1534,test,-1.92698638905,0.331964091884,-0.20543638906,-0.352306027714,0.896857550029
C1535,test,1.61733085948,-1.55948535039,3.90332439021,3.53461436605,0.841119554707
C1536,test,2.19954291888,0.231363847381,4.24802951018,4.89807760049,0.945917725399
C1537,test,0.0782866142963,0.122331908297,2.93874511346,2.21143090143,0.564091590573
C1538,test,2.47150201914,-0.609852251164,4.79603245775,4.89361151633,0.994870363445
C1539,test,-1.45956446134,-0.190704721484,0.0846948551672,-0.195397362654,0.812721603041
C1540,test,0.520325356179,-0.274782903591,3.08223857467,2.86362322656,0.643658564112
C1541,test,-1.07098025503,-0.600011392372,-0.308077971766,-0.0217591358608,0.742776445905
C1542,test,-0.655193876527,1.36272432321,0.723150516363,1.40606905997,0.667934897775
C1543,test,-0.455756436987,1.25906045696,3.04994587441,1.69138878711,0.632036158658
C1544,test,2.40818612553,-0.34499454127,5.39910788355,4.9178334494,0.983473502595
C1545,test,0.136635269572,-0.821624844801,2.53204839442,1.90252281373,0.574594348523
C1546,test,-0.00268889988112,0.319399248816,2.5168789296,2.13835186998,0.550484001979
C1547,test,-0.544315425075,1.94461316391,2.2762252401,1.8472364671,0.647976776513
C1548,test,0.40589500154,1.05696507436,1.56924096676,3.26154335092,0.623061100277
C1549,test,-1.39433617152,-0.112675055159,0.359007393099,-0.106466295382,0.800980510873
C1550,test,1.79645338253,-0.359700442443,5.32409947363,4.22232500262,0.873361608855
C1551,test,-1.1426999223,-0.566711727812,0.0964105874723,-0.0814061054793,0.755685986014
C1552,test,1.18004059842,1.91075779104,4.83399215085,4.72320378292,0.762407307716
C1553,test,2.17488030563,0.22132118271,4.23588352821,4.86393665452,0.941478455014
C1554,test,-0.408822546495,1.76107326525,1.50217585766,2.00127023335,0.623588058369
C1555,test,-2.41639037299,0.764977407107,0.030843363211,-0.740878190826,0.984950267138
C1556,test,1.87859551444,-0.221103728364,4.94699856735,4.35730289565,0.888147192599
C1557,test,0.869755708474,1.82066632221,4.81619579976,4.33269823806,0.706556027525
C1558,test,2.41547847692,0.138038603487,5.989463666,5.14589352459,0.984786125845
C1559,test,-1.56706778878,0.829339640964,0.399510438828,0.17707083207,0.83207220198
C1560,test,-1.74005233881,0.462277790429,0.526477877542,-0.128423090481,0.863209420985
C1561,test,1.18063145491,-0.500186172756,4.22324282085,3.63885439921,0.762513661883
C1562,test,2.48971233572,0.769332028569,4.95336434227,5.5424294823,0.998148220429
C1563,test,-0.313296668557,-0.0561735544135,1.05901521484,1.36018996434,0.60639340034
C1564,test,-1.7253779358,-1.37128904859,-2.40859663025,-0.941330691738,0.860568028443
C1565,test,-0.221153022927,-0.460976782929,0.339024805058,1.35453879674,0.589807544127
C1566,test,-2.24225924558,-1.08168759394,-1.87917384156,-1.33367746083,0.953606664204
C1567,test,-0.143606125651,0.0248672539707,1.45834559769,1.72515775608,0.575849102617
C1568,test,-0.159768995094,-2.40119754411,-0.107538286722,0.601546120725,0.578758419117
C1569,test,2.14472439984,-1.32330191252,3.61445502287,4.13356246736,0.936050391972
C1570,test,-0.610926476506,1.45353702038,0.805577287355,1.5168742411,0.659966765771
C1571,test,1.56786383627,1.33834131825,5.08706563961,4.79902244822,0.832215490528
C1572,test,1.03081984405,1.95921891021,4.88552992105,4.58937698243,0.735547571929
C1573,test,-0.15191211497,0.119698215324,2.44238967046,1.75143579698,0.577344180695
C1574,test,2.30160894219,0.00508326080269,5.51154678174,4.92632596078,0.964289609594
C1575,test,-0.788509373734,-0.335680546285,-0.126496179572,0.445036438703,0.691931687272
C1576,test,0.692062495919,0.0081105406686,3.48793599953,3.26732547008,0.674571249265
C1577,test,-2.45045752235,-0.562842158352,-1.03545156613,-1.38923504229,0.991082354022
C1578,test,0.437578355907,-0.706034669107,2.4779902103,2.52518728055,0.628764104063
C1579,test,-0.459216174986,0.494580872887,1.75154466626,1.34126346917,0.632658911497
C1580,test,0.15423122648,-0.486407788724,1.58601103438,2.08811841778,0.577761620766
C1581,test,1.90789829915,0.192956344699,4.07808991685,4.57060528406,0.893421693847
C1582,test,2.352966315,-2.72846607766,3.39241216174,3.76634935871,0.973533936701
C1583,test,-1.48105166289,0.161203960372,0.75052181775,-0.0544886844245,0.81658929932
C1584,test,-0.331980555291,0.676153157706,0.945380516445,1.65462375945,0.609756499952
C1585,test,1.55231207445,-0.797283070035,3.36658599158,3.82554754811,0.829416173402
C1586,test,1.90607813073,0.222609922939,3.79196323451,4.58225555141,0.893094063531
C1587,test,0.469122949551,0.107060857615,2.41104827549,2.94690620855,0.634442130919
C1588,test,1.60655490224,1.43802865135,4.56455220872,4.87485289575,0.839179882403
C1589,test,-1.8329180955,0.78741721776,-0.116236659072,-0.0615801028685,0.879925257191
C1590,test,0.00895351443767,-0.843151474397,1.10070840624,1.6384885783,0.551611632599
C1591,test,-0.272073006722,0.420646976699,2.04409041781,1.6530826398,0.59897314121
C1592,test,1.92206002751,0.293403480683,3.69586263788,4.62907099756,0.895970804952
C1593,test,1.83745607877,0.603798234516,4.80342572303,4.69162932316,0.880742094178
C1594,test,1.09672923727,-1.7931812702,2.81526838196,2.97218799251,0.747411262709
C1595,test,-1.7894033998,0.158777605098,-1.19442460738,-0.306689644589,0.872092611963
C1596,test,0.72221081254,1.51937917476,4.72404635653,3.99242336795,0.679997946257
C1597,test,-0.995949101832,0.483029810343,0.580542346761,0.549242946804,0.72927083833
C1598,test,-0.817906892964,-1.04207898412,0.629917346601,0.0866286741529,0.697223240733
C1599,test,2.2870605449,0.660858873076,5.82167272839,5.20213439136,0.961670898082
C1600,test,0.146543292032,0.459751670546,2.74930797569,2.49872142816,0.576377792566
C1601,test,2.11139686327,-0.169321986974,6.05159493971,4.61500373334,0.930051435389
C1602,test,-1.6796268548,0.675357731485,-0.315929073944,0.0172173200731,0.852332833865
C1603,test,-1.9788254882,0.526019384708,-1.51158815633,-0.315111642032,0.906188587875
C1604,test,-1.31351424652,-0.00407183055389,0.205473587363,0.0116010828098,0.786432564374
C1605,test,1.33800117052,-1.5527719282,3.10239126957,3.30913937824,0.790840210693
C1606,test,2.24153663543,1.04689242195,5.09715206221,5.31710622852,0.953476594378
C1607,test,1.76744356337,1.01360972623,4.3425251205,4.81557533518,0.868139841407
C1608,test,-1.04733543403,0.273999504513,2.28261437535,0.39726392298,0.738520378126
C1609,test,-1.20909755784,-0.949549794411,-0.652271107513,-0.318614533399,0.767637560411
C1610,test,1.08208409041,0.455012313945,3.20305448479,3.96839126511,0.744775136274
C1611,test,0.0402559950965,0.466987435684,2.64587503276,2.29063025004,0.557246079117
C1612,test,-0.756061092568,0.794390350789,0.446084664496,0.999506378364,0.686090996662
C1613,test,-2.27685409039,0.991139305298,-0.799764488628,-0.445352060084,0.95983373627
C1614,test,-0.0363258288744,0.175558578677,2.55966251854,2.00636887133,0.556538649197
C1615,test,2.02822833019,1.21973145551,5.50672433315,5.1506549216,0.915081099434
C1616,test,-0.241591807827,-2.67752031605,0.340339676853,0.317507122358,0.593486525409
C1617,test,2.30949757932,-0.147846878806,5.94755795231,4.86807292574,0.965709564277
C1618,test,-0.719827970738,-1.70356636204,0.282623686408,-0.0717880467873,0.679569034733
C1619,test,1.10818877636,-0.318292991567,3.62750694565,3.64785750066,0.749473979745
C1620,test,-0.638365298354,0.400159016358,0.950576902833,0.999238133406,0.664905753704
C1621,test,2.09148635016,2.28416845761,6.56131384295,5.69702609213,0.926467543028
C1622,test,-0.525464640583,-0.838897408119,1.23104797224,0.626480099212,0.644583635305
C1623,test,1.121578417,-0.137900902611,4.169855975,3.74286047011,0.75188411506
C1624,test,1.12469033723,-0.756870918903,3.35997497203,3.4675131861,0.752444260702
C1625,test,2.20896067715,0.939316108146,6.78117175356,5.22815015996,0.947612921886
C1626,test,1.0753649142,1.60843032352,4.751951004,4.4802542527,0.743565684557
C1627,test,2.01931477603,0.213334541904,4.02458199487,4.68859675627,0.913476659685
C1628,test,2.18005286729,-0.0995886995404,5.125845457,4.72568289592,0.942409516111
C1629,test,2.08978393968,0.310196583372,3.87018649207,4.80687273454,0.926161109142
C1630,test,-1.15828076394,-0.847167314059,-0.177797226627,-0.22318903158,0.758490537509
C1631,test,-0.526047397225,0.316219669915,0.594850910988,1.14529340614,0.6446885315
C1632,test,1.87905637433,-0.0295873239403,5.52536557347,4.44390479973,0.888230147379
C1633,test,0.808180912051,-1.93788210145,2.26281954151,2.55909495292,0.695472564169
C1634,test,-2.44962617446,1.34531070074,-0.953053048734,-0.529309293646,0.990932711402
C1635,test,0.483092478269,0.1617975069,3.10381302914,2.99595526969,0.636956646088
C1636,test,1.65589859997,-0.386409212864,5.41172758771,4.09355871118,0.848061747995
C1637,test,2.11045353832,-0.820598928788,2.73758817265,4.32087509536,0.929881636898
C1638,test,0.60988960021,0.231163684598,3.45117313037,3.23957613534,0.659780128038
C1639,test,0.631969678341,-0.267403419345,2.42787564297,3.05041231283,0.663754542101
C1640,test,-2.37319531951,1.64099257217,-0.113049552588,-0.284200190055,0.977175157513
C1641,test,1.87352003957,-0.278321194129,4.29375091995,4.32694450971,0.887233607123
C1642,test,2.00397131461,-0.00566703205493,5.2312372925,4.57441861057,0.91071483663
C1643,test,-1.7050889503,-0.705526194926,1.21798858294,-0.625001016405,0.856916011055
C1644,test,2.35719096685,0.368192829711,6.14584178502,5.16575472274,0.974294374034
C1645,test,0.322964168593,-1.03282972641,2.14452995787,2.16795846316,0.608133550347
C1646,test,-0.723900334911,-0.0181125383327,-0.263389985632,0.680655219383,0.680302060284
C1647,test,1.77689095787,2.21516716804,6.50833198029,5.36428770992,0.869840372417
C1648,test,-0.773117852228,0.206457618047,0.283031297442,0.710631414079,0.689161213401
C1649,test,0.622859319011,0.501126266493,4.34770442651,3.38179764159,0.662114677422
C1650,test,-0.819618672646,-0.575105739294,1.72665037068,0.294438627339,0.697531361076
C1651,test,1.27312209196,1.14810244211,4.12462437739,4.46725621923,0.779161976553
C1652,test,-2.14441706638,0.0551654121948,-1.51385472355,-0.703869363117,0.935995071949
C1653,test,-1.96268418654,-0.768616180807,-1.30389320274,-0.881847559541,0.903283153578
C1654,test,0.923597711679,0.0428336351843,4.35842818455,3.60092523281,0.716247588102
C1655,test,1.52712828245,-1.35549308372,3.29655100449,3.55417523886,0.824883090842
C1656,test,0.415586674035,0.973479366941,3.65359784624,3.24150387691,0.624805601326
C1657,test,-0.830754381257,-1.04552674387,0.480617007477,0.0676902972244,0.699535788626
C1658,test,-1.58304176227,-0.571647578912,-0.365891631449,-0.466153350866,0.834947517209
C1659,test,2.32891413751,-1.45005203513,3.86047812716,4.30840279653,0.969204544752
C1660,test,-1.45091681519,-1.74137664043,-1.69042215717,-0.886143594348,0.811165026735
C1661,test,2.16497163324,-0.194808168582,4.50954989523,4.66497020255,0.939694893982
C1662,test,2.31624168814,-0.0212556417398,2.99049350384,4.93413055097,0.966923503865
C1663,test,2.09289867573,-1.92043207974,3.92712204458,3.8065061799,0.926721761632
C1664,test,-1.90081434792,-1.6675027054,-1.22541627959,-1.22757270711,0.892146582625
C1665,test,-0.864262791496,-0.349649612121,1.01729589228,0.336413813845,0.705567302469
C1666,test,-1.92934363275,0.89554502766,-0.62359651957,-0.100926542021,0.897281853895
C1667,test,-1.87458052185,-0.0510095377284,-0.409161551037,-0.476105211299,0.887424493933
C1668,test,2.19771755386,-1.97173717174,2.14736476575,3.90446608138,0.945589159694
C1669,test,0.598883223624,-1.01321491311,2.20504787934,2.66185802716,0.657798980252
C1670,test,-1.21962528485,-0.453940190207,-0.682433077526,-0.105550657365,0.769532551272
C1671,test,0.223501146894,0.0081413448507,2.78813230565,2.44624450321,0.590230206441
C1672,test,-2.0853725723,-1.73925732021,-0.813011847375,-1.44512868499,0.925367063013
C1673,test,-0.0711687206823,1.55182674044,2.22603794871,2.55612863329,0.562810369723
C1674,test,0.566920996756,0.577355506657,3.3778613547,3.32531279383,0.652045779416
C1675,test,-1.71062150895,-1.25526643794,0.901822742428,-0.876934125886,0.857911871611
C1676,test,-2.48812838702,1.18329310384,0.0896236993127,-0.661281319831,0.997863109664
C1677,test,-1.52837807687,1.42611329161,1.65371746304,0.47660124206,0.825108053837
C1678,test,-2.28080705625,-1.20833465457,-2.04579175286,-1.44028397741,0.960545270124
C1679,test,-0.907256625166,-1.59402009434,-0.895509276223,-0.278602641079,0.71330619253
C1680,test,0.989907127359,-0.232029062673,4.85272758401,3.55671045317,0.728183282925
C1681,test,1.60099361067,0.295182943656,3.78637141399,4.35611602172,0.83817884992
C1682,test,-0.937359056753,-1.39385901602,-1.44870141842,-0.225790290108,0.718724630215
C1683,test,-1.03108862357,-0.711777778381,-0.934488372686,-0.0283287094755,0.735595952243
C1684,test,-2.43674994707,0.675303784273,-0.895161605202,-0.811448317347,0.988614990473
C1685,test,-2.12826346056,-0.805513831244,-2.17504132871,-1.07268551327,0.9330874229
C1686,test,1.74277678378,1.10859573902,5.13445589344,4.8375899889,0.86369982108
C1687,test,0.62557673064,0.677823889264,4.17697091877,3.4656324831,0.662603811515
C1688,test,-0.123334431247,3.14871866498,3.35609654796,3.17100269188,0.572200197624
C1689,test,1.40268042128,-0.354999116363,3.63040484515,3.90298266398,0.80248247583
C1690,test,-0.239980640821,-0.158755368009,1.81120749271,1.45406373758,0.593196515348
C1691,test,1.74752948093,-1.22026873863,4.17220561707,3.79357477202,0.864555306568
C1692,test,-1.5309632682,0.819379067313,1.1087228089,0.201497442445,0.825573388275
C1693,test,-0.684139311558,-0.249658981095,-0.973332410912,0.635989437837,0.673145076081
C1694,test,-2.02391293673,-1.74215917851,-1.67956164051,-1.38129385209,0.914304328611
C1695,test,0.60394869228,-0.624283143386,3.13120220732,2.84506225563,0.65871076461
C1696,test,1.7678500334,-0.972473248391,2.32699280975,3.92218183066,0.868213006012
C1697,test,-1.79333864598,1.26581600094,1.55747610368,0.188103378328,0.872800956276
C1698,test,1.30049572562,-0.501608198112,3.09313302607,3.74936579327,0.784089230612
C1699,test,-0.523441037219,0.875808854484,1.23069689829,1.40153624572,0.644219386699
C1700,test,0.852480132877,-0.168381428194,3.86224969569,3.41500459652,0.703446423918
C1701,test,-0.142317372845,0.635774751051,1.74123168339,2.00261224239,0.575617127112
C1702,test,-0.212706973728,1.98448171198,2.37338760569,2.4714176466,0.588287255271
C1703,test,-1.19558419136,0.929911749135,0.375766774597,0.540057679328,0.765205154444
C1704,test,2.06615191123,-0.0872670579353,4.60139539301,4.60241770616,0.921907344021
C1705,test,0.157914861257,1.74330728636,3.16110199595,3.09875066312,0.578424675026
C1706,test,-1.3177219317,1.32618203052,2.16087660903,0.606527455539,0.787189947707
C1707,test,1.19037266418,0.159697564567,3.3731109894,3.94524624478,0.764267079553
C1708,test,1.31827464601,0.381985769715,4.88112710757,4.16263171743,0.787289436282
C1709,test,1.47675481816,1.02295329548,4.6435616009,4.58387854758,0.815815867269
C1710,test,0.375016858658,1.00543186435,3.26686976855,3.18196697014,0.617503034558
C1711,test,-0.277760674264,-1.69475856373,1.18013563864,0.690277805478,0.599996921367
C1712,test,-0.43632451849,1.23874905578,1.79766240669,1.71677242244,0.628538413328
C1713,test,0.610287871854,-0.288931919108,3.34528802432,3.00617277276,0.659851816934
C1714,test,0.560243648461,0.940016809779,4.4276218867,3.47744246485,0.650843856723
C1715,test,1.78969449757,-1.36341251858,4.87996655075,3.76485326259,0.872145009563
C1716,test,1.9589680186,0.255218677357,5.44399678538,4.6472010753,0.902614243348
C1717,test,0.486273164926,1.29615899557,2.97667259103,3.5119507219,0.637529169687
C1718,test,-2.41051603051,-0.682447430575,-1.85329329131,-1.38359254353,0.983892885493
C1719,test,2.40100138269,-0.861000023249,4.06027117891,4.67515571395,0.982180248884
C1720,test,-1.55650641332,1.44268385276,0.542059739115,0.461525974173,0.830171154398
C1721,test,1.26577962021,-2.2714833028,3.2227877693,2.92179243608,0.777840331638
C1722,test,1.73606480481,-0.724270323969,3.94973610656,4.00720379151,0.862491664866
C1723,test,0.317491063216,-1.55561081074,0.955246656385,1.9224115611,0.607148391379
C1724,test,2.0109847872,-0.032044549831,5.79659766154,4.56966496076,0.911977261697
C1725,test,1.76293201076,0.170855856705,4.65253033843,4.43252482796,0.867327761937
C1726,test,-1.83613069112,-2.35334873549,-1.38477083068,-1.47775683496,0.880503524402
C1727,test,1.6305841337,-1.03011109571,3.42292001262,3.78348053543,0.843505144066
C1728,test,2.4965785482,-0.831994337937,5.33413504745,4.83255965092,0.999384138676
C1729,test,-1.12353734879,-2.94691863514,-0.878716577859,-1.133037913,0.752236722782
C1730,test,-1.5971176913,0.583573148589,-1.31781844267,0.0424286744321,0.837481184434
C1731,test,-1.8919050391,0.850486757382,0.981947303395,-0.0862562463437,0.890542907038
C1732,test,1.28662014665,-1.03957662791,4.24512979315,3.49493197297,0.781591626396
C1733,test,1.77360878841,0.0877139961095,5.80271775081,4.40414568647,0.869249581914
C1734,test,-1.32550802058,0.616727007201,0.655294270122,0.280475552226,0.788591443705
C1735,test,0.994833218987,1.69916794218,4.19687688173,4.43145680497,0.729069979418
C1736,test,-0.790433540484,-0.0755923332673,-0.0756873870139,0.559391706236,0.692278037287
C1737,test,0.195668047317,0.535749239917,3.78957084308,2.62944957664,0.585220248517
C1738,test,0.900040302118,0.336052476783,1.76156226094,3.7034288318,0.712007254381
C1739,test,0.0632067159161,-0.410505639238,2.06737594652,1.94158496827,0.561377208865
C1740,test,-0.318721880839,-0.215165603019,1.76075669175,1.2784219021,0.607369938551
C1741,test,1.51741150751,-0.229296565629,2.41899144538,4.05316272484,0.823134071352
C1742,test,2.17171326221,2.79263484358,6.04320047343,6.01727363601,0.940908387197
C1743,test,-1.22558600708,1.27806333309,1.38918115336,0.668249627261,0.770605481275
C1744,test,-0.60928455504,0.274212160642,0.702564940373,0.98881509247,0.659671219907
C1745,test,-0.630281295772,0.416949671107,1.32097113051,1.01955486564,0.663450633239
C1746,test,2.11543428935,1.82675154596,4.8917413999,5.51775865837,0.930778172084
C1747,test,0.231892361874,-0.932652897477,2.29351939424,2.03915637189,0.591740625137
C1748,test,1.99820685252,0.976130601803,6.00307830813,5.01041232193,0.909677233453
C1749,test,-1.66499987485,1.64233141307,1.72794170016,0.464237636392,0.849699977474
C1750,test,-0.680035309586,0.46585240473,1.50894666624,0.96422033583,0.672406355726
C1751,test,-0.794271775233,1.20485229885,1.14802866108,1.13025029251,0.692968919542
C1752,test,-1.64046935244,-1.10048972474,-1.15237846641,-0.750208809233,0.845284483439
C1753,test,-0.138126170802,0.207494680973,2.47978429523,1.81817036467,0.574862710744
C1754,test,1.83101245626,0.611965510992,5.6015063947,4.68962535451,0.879582242127
C1755,test,-1.6283362521,1.60022157966,-0.843265571759,0.474876761267,0.843100525379
C1756,test,-0.65621432056,0.614991244281,0.677387220598,1.06800351311,0.668118577701
C1757,test,-2.30509608706,0.931181956894,-0.203938705497,-0.509667906331,0.964917295672
C1758,test,-0.9496371357,-0.347043158048,1.19633941471,0.230378251212,0.720934684426
C1759,test,2.29293165628,-0.146202932681,3.91713191576,4.84671110898,0.96272769813
C1760,test,1.29397629603,-1.31990393202,3.66481327595,3.37534614533,0.782915733286
C1761,test,-0.173295363011,-0.982218065695,0.713762250089,1.21348038964,0.581193165342
C1762,test,1.66681272097,2.85941185358,5.95858454744,5.56301673041,0.850026289774
C1763,test,0.769510011252,-0.0919634252407,2.28154220608,3.33577902711,0.688511802025
C1764,test,-0.971852779216,0.969583746496,0.287731356932,0.79633738144,0.724933500259
C1765,test,-1.25739034873,-1.0009912007,-1.50685059153,-0.386762250904,0.776330262771
C1766,test,1.21470440953,1.05330699417,5.33353501832,4.37062082638,0.768646793715
C1767,test,2.17601296291,-0.290983349805,5.30162003104,4.63474498049,0.941682333324
C1768,test,-0.581048771772,1.65733303826,2.3315300559,1.65703996972,0.654588778919
C1769,test,1.45989576517,0.410152698723,4.20806149604,4.29441887959,0.812781237731
C1770,test,-1.77731994139,0.0263414360902,-0.0980135287297,-0.355973626603,0.86991758945
C1771,test,-0.935755364242,-0.344750369884,-0.203864260962,0.248267286047,0.718435965564
C1772,test,-1.35565094042,1.4401379194,1.62400525756,0.625010220962,0.794017169275
C1773,test,-0.335937525781,-1.46946165754,0.978478777111,0.681693337841,0.610468754641
C1774,test,1.0540069362,0.302719248455,3.92550613888,3.86957414826,0.739721248516
C1775,test,-1.55817099864,-2.20331316078,-1.85260519635,-1.18050471238,0.830470779756
C1776,test,1.88423209211,0.725778952178,5.97493403269,4.78854126053,0.88916177658
C1777,test,0.79023129417,2.4454835268,3.26578759459,4.50677738351,0.692241632951
C1778,test,0.738117606171,-0.42140899435,2.54354151436,3.14239032968,0.682861169111
C1779,test,2.23156433297,-0.584217803622,5.10559900018,4.5705635072,0.951681579934
C1780,test,0.909815990326,-1.41853017729,4.33885770915,2.92616375529,0.713766878259
C1781,test,2.38567413182,-0.313487590294,4.75255634125,4.89939564745,0.979421343728
C1782,test,-1.81803476644,0.353595545785,-1.95751159315,-0.243759300479,0.877246257959
C1783,test,-0.000180926785147,-0.724420690157,2.33067779498,1.67364883586,0.550032566821
C1784,test,-2.17417125957,-0.464795701003,-1.98471922624,-0.972658718417,0.941350826722
C1785,test,-1.52243887457,0.622014060342,-2.22874041205,0.119522642734,0.824038997422
C1786,test,-2.01701025036,0.347592674868,0.134644399267,-0.433818375209,0.913061845064
C1787,test,1.34637198345,-1.02627249583,3.15637655428,3.55327671851,0.792346957021
C1788,test,-2.24406034753,-0.842769559726,-0.655572538879,-1.22844365953,0.953930862556
C1789,test,2.16086294722,-0.296720976124,3.92889464643,4.61428665917,0.938955330499
C1790,test,-0.320438048545,0.552633567682,0.806339118746,1.62070245974,0.607678848738
C1791,test,-2.4119435254,-0.335023794221,-0.531828354472,-1.22934448484,0.984149834572
C1792,test,-2.00651813998,-1.15753064671,-1.03476304951,-1.10043647834,0.911173265197
C1793,test,0.486789643282,0.0864688477842,3.30591442488,2.96848762033,0.637622135791
C1794,test,-0.753029620887,0.847727861372,0.423750914294,1.02786448239,0.68554533176
C1795,test,-1.11228527517,0.555319577779,2.03138228827,0.454556217207,0.750211349531
C1796,test,-0.226984072224,-0.689102028263,1.39861996818,1.24056582485,0.590857133
C1797,test,-0.717395843563,-0.0374651598726,0.34556701032,0.681556812148,0.679131251841
C1798,test,-0.220886093236,-0.832465988181,0.973303789752,1.18788711958,0.589759496782
C1799,test,1.73224482523,-2.09261446702,2.48960147252,3.38827169453,0.861804068542
C1800,test,1.14850667398,-1.1499788412,4.2744406176,3.31472641043,0.756731201316
C1801,test,-0.563100201388,0.444890162903,0.629695327561,1.14102493255,0.65135803625
C1802,test,1.93721476746,-0.905775582169,3.20309304993,4.10380738645,0.898698658143
C1803,test,0.505006294485,-0.851086378951,2.29065086946,2.57807150379,0.640901133007
C1804,test,2.24127446226,0.443946697684,5.56227222564,5.04544940726,0.953429403207
C1805,test,0.188091641123,1.10107971804,3.77968846492,2.86902616836,0.583856495402
C1806,test,0.256077055975,1.23633900991,3.02114389979,3.06187726348,0.596093870075
C1807,test,0.12156583696,-2.10163889963,1.79406166696,1.2966776778,0.571881850653
C1808,test,-0.227969877307,-1.65420307418,0.140693395107,0.804358909017,0.591034577915
C1809,test,-1.75569240586,0.892196152562,0.984012179327,0.0519453946962,0.866024633055
C1810,test,0.57935060888,0.883160496435,3.0875616977,3.48339818,0.654283109598
C1811,test,1.8997215759,-0.764086232639,5.89517664297,4.13234619743,0.891949883662
C1812,test,-0.684984526307,0.0319336973839,0.863476616402,0.761421260448,0.673297214735
C1813,test,-1.9574740753,0.323401531341,-1.15136661256,-0.385370937654,0.902345333553
C1814,test,2.31243157607,0.0544718863315,4.5943350723,4.96306493753,0.966237683693
C1815,test,1.38981095856,0.165230916432,4.58499180886,4.12632464058,0.800165972542
C1816,test,0.596489901719,-1.12164669357,2.60355795288,2.60918654552,0.657368182309
C1817,test,0.234825280783,-0.36073406648,2.13901739087,2.30219747603,0.592268550541
C1818,test,0.297916522678,-0.498494779569,1.6198270423,2.3611200145,0.603624974082
C1819,test,0.403181219641,0.0609708517827,2.67370909528,2.8084228795,0.622572619535
C1820,test,1.15148099203,0.140376520936,3.35907933201,3.89836135674,0.757266578565
C1821,test,-2.42223358164,-0.771268632204,0.517343944089,-1.44081079401,0.986002044695
C1822,test,-1.51616354221,1.42416857944,0.458201674185,0.485532417863,0.822909437599
C1823,test,-1.86117921362,1.55393345814,-0.211928559669,0.258218452227,0.885012258451
C1824,test,0.167513492371,-1.22701098976,1.03649815188,1.78100234026,0.580152428627
C1825,test,1.59127485157,0.244946178917,3.84950830592,4.32572689279,0.836429473282
C1826,test,0.864405784608,0.175384607909,3.14730443735,3.58535363602,0.70559304123
C1827,test,0.583032351451,-0.34335654794,3.29631928414,2.93749727824,0.654945823261
C1828,test,-1.35821446332,-0.48044245264,-1.13652143194,-0.241440333679,0.794478603398
C1829,test,-1.75804304122,0.0985477795216,0.133469008684,-0.307173422781,0.866447747419
C1830,test,1.68392000627,-0.575279182714,5.00018386368,4.03131574464,0.853105601129
C1831,test,-1.68889548124,0.557144035631,0.310577963063,-0.0435364005134,0.854001186624
C1832,test,0.802068508571,0.930061788881,4.0554789875,3.8412569922,0.694372331543
C1833,test,-0.818673570324,0.965729520523,1.72641997069,0.98909939224,0.697361242658
C1834,test,-2.09381528776,-1.23236019413,-1.10131961083,-1.22626998813,0.926886751797
C1835,test,-1.055546729,0.881251892664,1.66339331636,0.661531167802,0.73999841122
C1836,test,0.982792966506,0.321538146935,4.14702080799,3.79752557079,0.726902733971
C1837,test,2.43219750894,-0.945097320984,3.97602422436,4.68324192503,0.987795551609
C1838,test,0.176277821297,-0.0700495807604,2.06541744189,2.31885585426,0.581730007833
C1839,test,1.30034680691,0.319146850921,5.21214698138,4.11857368198,0.784062425243
C1840,test,-2.26542597126,-0.361702122382,-1.76785242339,-1.03929210818,0.957776674827
C1841,test,1.28521032482,-0.67542151714,3.00499396281,3.65754028878,0.781337858468
C1842,test,-1.66520660092,0.088456584273,1.18097098467,-0.235173617185,0.849737188166
C1843,test,-1.21946659094,0.487345081545,0.0249293346507,0.31817721454,0.769503986369
C1844,test,2.48182517385,-0.484786958252,5.67765415429,4.96582123705,0.996728531293
C1845,test,-1.81462237293,-0.739690405497,-0.557294433616,-0.732766117559,0.876632027128
C1846,test,-1.70321112503,-1.75519678978,-1.78234561436,-1.09581068769,0.856578002506
C1847,test,1.76682685474,-0.835936770966,5.69641777747,3.98275788104,0.868028833853
C1848,test,0.213255401396,0.791582074174,2.66909241514,2.77887850849,0.588385972251
C1849,test,2.38500160481,1.14435937002,5.70214269968,5.55446173544,0.979300288865
C1850,test,-0.0981929093768,0.496902556619,3.04817998392,2.02759830653,0.567674723688
C1851,test,1.49038708724,-1.17403672751,5.16153363487,3.60626324817,0.818269675703
C1852,test,1.18627879688,-1.56930311949,3.96661806496,3.163236564,0.763530183438
C1853,test,-1.6086341007,0.509938431322,-0.869324045191,6.55547647641e-05,0.839554138127
C1854,test,-2.04449266303,-0.326114183068,0.685674389394,-0.765472279624,0.918008679345
C1855,test,2.19796093532,0.106857671009,5.12915664357,4.84012901508,0.945632968357
C1856,test,2.12495208866,0.596097698927,5.49949703605,4.97469290599,0.932491375958
C1857,test,-0.139029131331,1.02391482793,1.23060145585,2.18377418525,0.57502524364
C1858,test,-0.0623827542334,0.69359611994,2.48610532286,2.18744977764,0.561228895762
C1859,test,-0.606363195238,0.588562440967,1.51491833259,1.13497212757,0.659145375143
C1860,test,-0.546930444752,-0.47295564673,1.27294618269,0.754945564314,0.648447480055
C1861,test,-0.0533197771299,-0.407735270606,2.15646526133,1.70994017472,0.559597559883
C1862,test,-1.27799292362,-0.342045065455,0.743217694036,-0.108921927251,0.780038726252
C1863,test,-1.19866789778,1.49840204732,1.0648566693,0.792918259818,0.7657602216
C1864,test,-0.687657846909,-0.487874797133,0.500190414178,0.523449027922,0.673778412444
C1865,test,2.03375702927,-1.15332852053,2.37258085656,4.08850951949,0.916076265268
C1866,test,-1.90925053536,-1.80575303382,-1.32751196442,-1.297623787,0.893665096364
C1867,test,2.06253637529,0.0211548360396,3.27618598513,4.64734135263,0.921256547551
C1868,test,0.871889899703,0.898173148513,2.78202638355,3.92034646552,0.706940181947
C1869,test,-0.299353909205,-0.270002335582,0.748041330565,1.29033082046,0.603883703657
C1870,test,0.828536351519,-0.570966590405,3.4658780513,3.2019000769,0.699136543273
C1871,test,-0.982490590977,-0.258610778438,-0.222934570635,0.231145342707,0.726848306376
C1872,test,2.11078914447,-0.733329207796,4.49709624767,4.36052134786,0.929942046005
C1873,test,0.429085435053,0.67240196359,3.23844787631,3.13029486357,0.62723537831
C1874,test,-2.31448375301,0.256709052796,-1.75975476339,-0.825801446586,0.966607075542
C1875,test,-2.15963686924,0.9137234791,-0.30476474693,-0.335199992877,0.938734636464
C1876,test,-1.80732971496,0.499058290091,-0.88532450987,-0.168999852834,0.875319348693
C1877,test,-2.08911489755,-0.623892979915,-2.92030265167,-0.947303595434,0.926040681558
C1878,test,1.17457831264,-1.18119898496,2.39627816692,3.3264898195,0.761424096275
C1879,test,-1.8274609941,1.02976010405,-0.604070724552,0.0522707134106,0.878942978938
C1880,test,-0.438318975883,-1.31044807821,0.545998653283,0.566074080343,0.628897415659
C1881,test,1.61623725617,1.36278120281,5.16682429788,4.84875665877,0.84092270611
C1882,test,-0.620263623396,0.836530019701,-0.312741321122,1.22428290138,0.661647452211
C1883,test,1.47483160079,-0.189718664632,4.31214583708,4.03661682371,0.815469688142
C1884,test,2.40245219979,1.74804828389,4.61767332675,5.85133775741,0.982441395962
C1885,test,0.772892358244,-0.167515804158,3.17985587266,3.30657335746,0.689120624484
C1886,test,2.36795691599,0.258825124775,5.4400189247,5.13169399751,0.976232244879
C1887,test,-1.65785470095,-1.09287206259,-1.31983647781,-0.760817516968,0.84841384617
C1888,test,-1.05800676277,2.56575891876,0.6370927765,1.41687764431,0.740441217299
C1889,test,0.42044031914,-0.145585294631,2.01615719123,2.74667225155,0.625679257445
C1890,test,-1.26812104005,-0.868190934531,-0.443448854817,-0.336770493227,0.778261787209
C1891,test,0.0627204928341,0.393571859914,2.13311325474,2.30244970679,0.56128968871
C1892,test,-0.478096880759,-0.268166482029,1.46232142453,0.964888644303,0.636057438537
C1893,test,-1.65711151297,0.253917974837,-0.850110356861,-0.154160764764,0.848280072334
C1894,test,-0.196970926986,-0.549050800994,2.25523105679,1.36201844925,0.585454766857
C1895,test,1.13022368451,-1.3495245657,2.89534398187,3.20646753154,0.753440263212
C1896,test,-1.33303385687,-0.193038642591,0.492363676827,-0.0904563515843,0.789946094237
C1897,test,-1.06638981609,0.176190294735,0.968963252852,0.332479907833,0.741950166896
C1898,test,-2.06926989794,-1.22392838036,-0.502487643336,-1.19580034825,0.922468581629
C1899,test,2.34793238022,0.054433793131,6.28219181899,5.01164149576,0.972627828439
C1900,test,-0.169891774786,-0.146709557673,2.18387583681,1.59614730694,0.580580519462
C1901,test,2.41477438994,0.991660711957,6.08841592285,5.52898807499,0.98465939019
C1902,test,0.157443980042,-0.545833924795,1.59459316857,2.06770928854,0.578339916408
C1903,test,0.0019603335999,0.210357728149,1.79782362468,2.09858164185,0.550352860048
C1904,test,1.32525529162,-0.393954364172,3.93737893012,3.819552052,0.788545952491
C1905,test,0.269882571588,1.14206048343,2.24883516386,3.04594317939,0.598578862886
C1906,test,1.48119032567,-0.873897244802,2.50473162632,3.73388897117,0.81661425862
C1907,test,2.31153085905,-2.16326129082,5.01051732091,3.9638717301,0.966075554629
C1908,test,2.1422572389,-0.0804344461386,4.91821146652,4.69000970762,0.935606303002
C1909,test,1.7459533213,0.390329378898,4.60622145907,4.51702504734,0.864271597833
C1910,test,1.17907673492,1.30017893126,4.58084022925,4.4475040132,0.762233812286
C1911,test,2.0788135164,1.56573357201,4.85582216003,5.35991127348,0.924186432953
C1912,test,-0.80723917649,0.305674628901,1.18904345785,0.707704908322,0.695303051768
C1913,test,-1.77656846175,-1.82049745716,-1.26976718348,-1.18641216191,0.869782323115
C1914,test,-0.905699781859,0.0691783986611,0.928923012231,0.471792262656,0.713025960735
C1915,test,2.27553179198,-0.486732031767,5.32181020171,4.67061051751,0.959595722556
C1916,test,-2.00750201274,0.94391795944,-1.22125456012,-0.155782467534,0.911350362292
C1917,test,1.79936785163,-0.450908470384,4.05799154076,4.18379028426,0.873886213294
C1918,test,0.853304189399,1.2270604939,4.18976600674,4.04404060047,0.703594754092
C1919,test,2.01187078091,-0.118559904087,4.1703814538,4.53163525315,0.912136740564
C1920,test,-1.94561417076,0.941636521432,1.11680138831,-0.095711758912,0.900210550738
C1921,test,1.14686526438,0.949730872904,4.32931972838,4.25795058127,0.756435747589
C1922,test,1.09944940977,-1.41479768652,2.03700692614,3.14531340258,0.747900893759
C1923,test,-0.472667961434,0.697871625648,1.70019972661,1.40909898979,0.635080233058
C1924,test,-2.22571292617,1.05238492587,0.403146611593,-0.352582301457,0.950628326711
C1925,test,-0.60239221161,0.0450992610725,1.11111881354,0.896816945815,0.65843059809
C1926,test,2.40299510128,-1.75494685582,4.73010644916,4.27578027579,0.982539118231
C1927,test,1.97614709855,0.356059055368,3.94238950414,4.70940130011,0.905706477739
C1928,test,2.32110969983,1.06304522183,5.6061851471,5.4286621921,0.96779974597
C1929,test,-1.17756764933,-0.552547602639,0.591926016294,-0.109597734021,0.761962176879
C1930,test,-1.82243335143,0.346576330527,-0.147807862549,-0.250758479529,0.878038003257
C1931,test,2.08932971291,0.784329666731,4.09679216745,5.01973525008,0.926079348323
C1932,test,0.119394010083,-1.10028383339,2.38440469592,1.74298145212,0.571490921815
C1933,test,-0.821174901926,-0.482441605806,-0.471885660165,0.334024072092,0.697811482347
C1934,test,-2.05658398087,0.474239999543,-2.81886861019,-0.418077010301,0.920185116557
C1935,test,0.173611320884,0.0586932159579,1.52989669029,2.37155405055,0.581250037759
C1936,test,0.138844440322,-0.287609711198,1.5229443994,2.14719798601,0.574991999258
C1937,test,0.711095053822,-0.475307519072,2.28408364817,3.07833821221,0.677997109688
C1938,test,-0.137949896848,-0.258257002191,1.30959145476,1.60893065011,0.574830981433
C1939,test,0.213555947502,1.19084185378,3.49524825827,2.95913032439,0.58844007055
C1940,test,-1.15528977925,-0.149223932653,-0.0652025073828,0.0938591276688,0.757952160265
C1941,test,1.0547665681,0.174497373005,5.97887569351,3.81270424778,0.739857982258
C1942,test,-2.2481215838,-0.861722057216,-1.7584221154,-1.24212575405,0.954661885083
C1943,test,-1.88936419165,-0.66562223582,-0.180708954263,-0.766171201706,0.890085554497
C1944,test,1.94956299313,2.0676474614,3.91182611783,5.45369012149,0.900921338764
C1945,test,-1.25419765725,0.178501829747,0.648325594041,0.146931519217,0.775755578304
C1946,test,0.581639762265,1.53313813744,3.05279886925,3.77964017501,0.654695157208
C1947,test,2.01436097812,0.527630321514,6.02864562729,4.82496050505,0.912584976062
C1948,test,1.89599746959,-1.17155925696,5.3763455958,3.94554280886,0.891279544526
C1949,test,-2.35366430004,-0.491131248756,-2.40475644472,-1.21614292311,0.973659574008
C1950,test,0.999946321204,0.350772455604,3.27567100262,3.83057508414,0.729990337817
C1951,test,2.45760069528,-0.0958147213054,5.01192117574,5.10367315993,0.992368125151
C1952,test,0.656075284848,1.08150716671,2.69495104229,3.69520479622,0.668093551273
C1953,test,-0.900078003856,1.81019454093,1.36746397121,1.26233468589,0.712014040694
C1954,test,0.436727332696,-0.0310487064542,2.53363647115,2.82741195733,0.628610919885
C1955,test,2.12609054691,1.57295950237,5.63631815839,5.41557048554,0.932696298444
C1956,test,-2.48907226189,1.05247641606,0.144206348172,-0.721618476928,0.99803300714
C1957,test,-1.06419453809,1.45357995607,1.25591687244,0.909679220936,0.741555016857
C1958,test,0.629107428259,0.00879811904255,2.47369699947,3.17017242247,0.663239337087
C1959,test,0.764259024249,-0.0629166714522,3.45965922731,3.34138205381,0.687566624365
C1960,test,-0.265269223099,-0.0591159026716,0.955764331861,1.45022157853,0.597748460158
C1961,test,-1.76272081708,0.536896083431,-1.32266423186,-0.113858268804,0.867289747074
C1962,test,-1.78517272747,-1.45258470563,-2.17401033452,-1.0281838907,0.871331090944
C1963,test,2.17327620047,-0.0773558971282,3.62472210918,4.72762908159,0.941189716085
C1964,test,-0.643719470234,-0.274265496971,0.547783730861,0.68733661078,0.665869504642
C1965,test,-0.0193969810824,-1.70754975888,1.51475398575,1.19281156531,0.553491456595
C1966,test,-0.53195730696,-0.728643737883,1.62459967633,0.665091326554,0.645752315253
C1967,test,-2.47587767216,1.92254296878,-0.41397799495,-0.309637886035,0.995657980989
C1968,test,1.98695385364,-0.253340756174,4.79454184175,4.44588452506,0.907651693655
C1969,test,-1.99929264584,1.03658999782,0.321234969114,-0.105781098191,0.909872676251
C1970,test,1.52883622753,-0.188795447826,2.82686831079,4.08055928616,0.825190520955
C1971,test,-1.85208986074,-0.302508177243,-0.51897998735,-0.569041587479,0.883376174932
C1972,test,-0.860678644118,0.436069170787,0.509243274625,0.694674897087,0.704922155941
C1973,test,0.269614947062,0.384060167625,2.9707714311,2.70433059515,0.598530690471
C1974,test,0.899861194775,0.487169255429,3.84020856912,3.77120503774,0.711975015059
C1975,test,0.411096924228,-1.95156880604,1.04692490949,1.91712195889,0.623997446361
C1976,test,-1.89352800876,-0.486122768149,-0.750873135109,-0.689223863539,0.890835041576
C1977,test,-0.968329275513,-0.6207397547,-0.48891942313,0.0848614315734,0.724299269592
C1978,test,0.980132198939,1.11165441005,3.68171438244,4.1499629117,0.726423795809
C1979,test,1.98953948134,1.15045554904,5.37005325542,5.08017137876,0.908117106641
C1980,test,1.11680809724,0.62606150394,4.48083358587,4.08173706826,0.751025457503
C1981,test,-1.70847869108,-0.637623889335,0.101611416256,-0.597231534858,0.857526164395
C1982,test,-1.35697539681,1.59398486395,0.761174083842,0.693109780201,0.794255571425
C1983,test,-2.17042353192,0.0904504213274,-1.21089355951,-0.718359658078,0.940676235745
C1984,test,1.78602322159,-1.58960258368,3.02588095566,3.65992637596,0.871484179886
C1985,test,0.521450738632,0.0586355436583,2.9709753477,3.01557784323,0.643861132954
C1986,test,-1.38433102055,0.79583374622,1.12921741739,0.310757907422,0.799179583699
C1987,test,-0.0871173322041,0.792150834419,2.26696807485,2.18249727828,0.565681119797
C1988,test,0.262469980575,-0.212191544099,1.70715148967,2.42232009318,0.597244596504
C1989,test,1.99000532963,-0.315418980161,3.93062143907,4.42099304055,0.908200959334
C1990,test,1.16483952859,-0.413208512497,4.54039856191,3.66251309015,0.759671115146
C1991,test,-0.230057014811,1.12546242192,1.99967578133,2.05116318494,0.591410262666
C1992,test,-1.48736533631,0.227201664884,1.31700448777,-0.0298973428564,0.817725760535
C1993,test,-0.0923539110781,-0.912385516499,1.24804558761,1.40503324202,0.566623703994
C1994,test,1.95507580218,1.48324772846,6.59594997474,5.19603760939,0.901913644393
C1995,test,-2.09902814956,0.19556298929,0.0624530577334,-0.589449702332,0.92782506692
C1996,test,0.413783825656,-0.214314987353,2.10729268937,2.7037419086,0.624481088618
C1997,test,0.128862496357,-0.921876247006,2.33629770323,1.84202758703,0.573195249344
C1998,test,2.45422381299,0.909963294926,4.7186351298,5.55114422398,0.991760286339
C1999,test,-2.18235455309,-1.05393613167,-0.0658617055497,-1.24751790862,0.942823819557
C2000,test,1.8980465169,-0.471586251641,3.3313219397,4.26242242695,0.891648373041
C2001,test,0.638298038525,-0.647717397563,2.87340056973,2.88925473171,0.664893646935
C2002,test,1.92658403006,1.93029941272,5.31037889571,5.36994407085,0.896785125412
C2003,test,0.0344413825526,0.811197973077,2.36433885683,2.433905515,0.556199448859
C2004,test,0.680656591636,1.36805570967,3.68723159413,3.86198585602,0.672518186495
C2005,test,1.04536108974,-1.58748826111,2.32089805074,3.00949261402,0.738164996152
C2006,test,0.428387959945,-0.807034830075,1.96187152028,2.46329800552,0.62710983279
C2007,test,-2.25813458527,0.788492284112,-1.26100116031,-0.512317869676,0.956464225348
C2008,test,1.75343936516,-0.592177495363,4.41699990398,4.08117028503,0.865619085728
C2009,test,1.09172640271,2.0535608855,4.60101225633,4.69795635748,0.746510752487
C2010,test,-1.21775738146,1.01305060854,-0.154645846882,0.556356123726,0.769196328663
C2011,test,-0.431838900143,-0.145616008672,0.102469927356,1.10182724585,0.627731002026
C2012,test,-0.585171266226,1.08997925706,1.54205510051,1.39498563796,0.655330827921
C2013,test,1.56578806972,-0.0995579228632,3.66869077716,4.15030713631,0.831841852549
C2014,test,2.32588373051,-0.745795518368,4.61151036256,4.62118031594,0.968659071492
C2015,test,2.09511755723,1.31874799346,5.01629706053,5.26657709087,0.927121160301
C2016,test,-0.858194289705,1.35232849934,0.923986998128,1.11024977222,0.704474972147
C2017,test,2.03596718981,0.221163584865,5.66385665189,4.70933042207,0.916474094166
C2018,test,1.40274005707,-0.978090097489,4.24986088529,3.622641434,0.802493210272
C2019,test,1.85380903985,0.128569464423,4.24986212825,4.49230443551,0.883685627173
C2020,test,2.13421748702,-0.146299697815,2.45076938228,4.65115148949,0.934159147664
C2021,test,0.806247735152,2.31729832367,4.90578796225,4.47127028987,0.695124592327
C2022,test,1.74710155861,-0.529821151624,2.96331580346,4.10391801343,0.86447828055
C2023,test,0.517266130566,-0.346247646374,3.73347275729,2.8262481828,0.643107903502
C2024,test,0.0078433277658,0.431370707053,2.73845101265,2.20980328071,0.551411798998
C2025,test,-2.27646186559,0.225856850184,-0.773982206577,-0.789217327917,0.959763135806
C2026,test,0.359456650825,1.02625616872,3.69331638682,3.16262477611,0.614702197149
C2027,test,-1.71506775136,-1.71191078917,-1.59940715219,-1.0860880222,0.858712195245
C2028,test,0.0182239363641,0.76525172756,2.70289327192,2.38080872934,0.553280308546
C2029,test,-0.694791927947,-1.73731354229,-0.439471375847,-0.049587563616,0.67506254703
C2030,test,0.621370165095,1.15345700804,3.04851332781,3.67297503363,0.661846629717
C2031,test,-1.98606825863,1.11116816308,-0.0544099818539,-0.058980397983,0.907492286553
C2032,test,-0.425037026886,1.07552953423,0.458642500098,1.66353766957,0.62650666484
C2033,test,0.112110011773,-1.2211254134,1.84305257519,1.67415137382,0.570179802119
C2034,test,0.214179798657,-0.123745004467,1.91855771278,2.36878021782,0.588552363758
C2035,test,2.0577418291,0.712745680978,4.59829812448,4.95345040322,0.920393529237
C2036,test,-0.523471680802,1.78281063791,1.28172687347,1.80963494964,0.644224902544
C2037,test,1.75040468368,1.81282229353,5.41490354084,5.16087427419,0.865072843063
C2038,test,1.61036465335,-0.66242743788,3.61367240834,3.93270194405,0.839865637603
C2039,test,-0.379880216352,-0.211358484539,1.415443343,1.16643204556,0.618378438943
C2040,test,1.77088301743,0.119297479935,4.2363130417,4.41604668102,0.868758943138
C2041,test,-1.2250809151,-1.76629075684,-0.537899981522,-0.70123613585,0.770514564718
C2042,test,-1.73331228778,-0.422644105979,-0.950302682742,-0.521025339609,0.8619962118
C2043,test,1.9916017426,2.06140818516,4.00076042732,5.49216092587,0.908488313667
C2044,test,-1.022724842,0.151628218051,0.355202146074,0.369582558945,0.73409047156
C2045,test,2.3178764825,0.0446408021568,6.84430797109,4.96599596721,0.967217766849
C2046,test,1.97027746669,-1.38151860262,4.89994048623,3.92171526674,0.904649944003
C2047,test,-0.715790140842,-0.934268543636,0.177934283934,0.280375431959,0.678842225352
C2048,test,0.975804114216,-1.25034237161,4.26092789946,3.08198064626,0.725644740559
C2049,test,-0.311064011411,0.610381547367,1.22770612424,1.66435234167,0.605991522054
C2050,test,-2.09153267877,-0.961669946407,-1.07288203347,-1.10195258486,0.926475882179
C2051,test,1.49380412037,1.15625394753,5.7612710271,4.65765302732,0.818884741667
C2052,test,-1.51011534539,0.737499123136,-0.0867232612671,0.181393842583,0.82182076217
C2053,test,-1.2012224155,-1.17598415901,-0.119648282638,-0.41300176145,0.766220034791
C2054,test,-0.869613960923,0.128918799907,1.83111441901,0.54479924436,0.706530512966
C2055,test,1.58258654549,-0.488497820994,2.92077961016,3.98872366858,0.834865578188
C2056,test,2.44674468572,1.40311661594,3.09062331867,5.7617512088,0.99041404343
C2057,test,1.24026443994,0.961785495527,4.6215647229,4.35336075227,0.773247599189
C2058,test,0.169833031176,1.30090378564,1.60459913474,2.92312462287,0.580569945612
C2059,test,-2.49256806077,-0.511809040933,-1.20818311103,-1.43099899999,0.998662250939
C2060,test,1.45946663784,0.979820114571,4.85623757192,4.55041958307,0.812703994812
C2061,test,-2.08147088883,1.92975619446,1.12741725801,0.210175042703,0.924664759989
C2062,test,-1.4584510202,0.423079406197,0.159597857171,0.0817128755998,0.812521183637
C2063,test,0.0413136306551,-1.9180500027,0.91157510226,1.21947656381,0.557436453518
C2064,test,0.308846588504,-0.439917916013,2.58312316672,2.40816900451,0.605592385931
C2065,test,-1.11844933243,1.44585018449,0.893970508697,0.848932687804,0.751320879837
C2066,test,1.59946496374,0.461784210504,5.33017904077,4.42986208524,0.837903693473
C2067,test,-2.0527211455,0.737514965157,0.387823853604,-0.295509868347,0.919489806189
C2068,test,1.46747176002,0.213112864497,3.71897142983,4.21191569846,0.814144916804
C2069,test,1.04307050419,0.311671036148,2.23906455551,3.861587543,0.737752690754
C2070,test,0.278459729813,-0.750039171273,2.98015022601,2.21089809809,0.600122751366
C2071,test,-0.0291019954589,1.4180821813,3.42325032061,2.5799428479,0.555238359183
C2072,test,2.39632539666,-0.670807781974,4.9287369626,4.7539578286,0.981338571399
C2073,test,-0.908296738218,1.1421790632,1.54421321527,0.951382046013,0.713493412879
C2074,test,-2.39058822464,2.4209870393,-0.255325453452,0.0419111756226,0.980305880436
C2075,test,-0.550053118406,0.757343262217,0.969314393321,1.30335343914,0.649009561313
C2076,test,-0.13506962557,1.10538043271,1.62281729812,2.22826402683,0.574312532603
C2077,test,1.64443874753,0.14574672586,4.77335800177,4.32377439877,0.845998974555
C2078,test,1.14772679777,0.60871440774,5.5853252447,4.10535699693,0.756590823598
C2079,test,-1.43701935486,0.852085648252,0.434619062566,0.292299483895,0.808663483875
C2080,test,-1.03703386371,-0.142960032421,-0.187297683637,0.221017733502,0.736666095468
C2081,test,-0.660582535144,1.19335076969,1.5156391174,1.32149122183,0.668904856326
C2082,test,-1.70547507072,-0.953540976624,-1.62055456982,-0.736924894341,0.85698551273
C2083,test,-0.218345350674,-0.0686923163352,1.38179007296,1.53652205328,0.589302163121
C2084,test,-2.17819467493,-1.10818897638,-0.826526163284,-1.26696801674,0.942075041488
C2085,test,1.29592934145,-0.990383525232,2.928194312,3.52536661585,0.78326728146
C2086,test,-2.10825963665,1.46428173541,-1.48914444116,-0.0287701387646,0.929486734597
C2087,test,-0.361348593812,0.862015089794,1.80464706784,1.68359574942,0.615042746886
C2088,test,-1.18784533103,0.288219932459,0.14169089872,0.258759286909,0.763812159585
C2089,test,-0.578005261613,-0.331459676144,0.312633602452,0.767074981073,0.65404094709
C2090,test,1.58311228088,1.41341115254,5.35489267188,4.84500338665,0.834960210559
C2091,test,-0.110987972368,-0.772154495587,1.08285040464,1.4311000611,0.569977835026
C2092,test,0.635392846759,-0.299395420446,3.17775271503,3.04142205028,0.664370712417
C2093,test,-1.09703144042,-0.488885098528,0.186629405514,0.000564848550343,0.747465659275
C2094,test,0.0644118372991,0.473514472541,1.60992710983,2.34179838099,0.561594130714
C2095,test,-1.22736446943,-0.58374429348,0.256080629971,-0.171229751694,0.770925604497
C2096,test,1.26548558423,-0.740445416789,4.11198824166,3.61049240491,0.777787405161
C2097,test,-1.97803455778,-0.269033301028,-1.35147038377,-0.672103440146,0.9060462204
C2098,test,1.21570279937,-0.908324885587,4.02712656426,3.48883040507,0.768826503887
C2099,test,-1.57805411495,0.163121006458,0.505858658366,-0.131516788053,0.834049740691
C2100,test,0.161192703419,1.02765309197,1.9993720347,2.78316266902,0.579014686615
C2101,test,-0.502767142829,-0.112815594735,1.51360291674,0.99202450127,0.640498085709
C2102,test,1.80446779081,-0.889006739783,4.61844334659,3.99104715572,0.874804202345
C2103,test,1.80871519317,-0.095929987269,5.57127809186,4.35160779329,0.87556873477
C2104,test,-1.99105799091,-0.941503673318,-1.34729562585,-0.987660144229,0.908390438364
C2105,test,-0.218218017862,0.090068125316,1.66421288851,1.60821175213,0.589279243215
C2106,test,2.15142836715,0.482272075682,3.85874525336,4.953829996,0.937257106087
C2107,test,0.361883045189,-0.332680826186,3.59751706733,2.55559329871,0.615138948134
C2108,test,-1.07093937237,-0.322690171418,1.5463002625,0.103079389144,0.742769087027
C2109,test,-0.151687410582,0.19309267683,1.35340290513,1.78490654752,0.577303733905
C2110,test,1.15084069839,1.36536522979,4.6407095405,4.44896649643,0.75715132571
C2111,test,0.225971768392,0.276184860031,2.87566922211,2.57165809183,0.590674918311
C2112,test,1.65515678111,0.863006214762,3.38534483078,4.65519582279,0.8479282206
C2113,test,1.43705656447,0.955563959041,5.34420043496,4.5211734012,0.808670181605
C2114,test,0.331014699809,2.0368502008,3.31167233995,3.56441880957,0.609582645966
C2115,test,1.0142966185,0.65847419492,4.39875677523,3.98543716754,0.73257339133
C2116,test,-1.79155762388,-0.454932963768,-1.37242520472,-0.584705545002,0.872480372298
C2117,test,-1.06294799298,1.52351667106,1.79890583421,0.942500935416,0.741330638736
C2118,test,-1.39520145046,-1.20038503045,-0.849765410226,-0.596659850055,0.801136261083
C2119,test,-2.07264199778,-0.910608527518,-2.34355475717,-1.0584347279,0.923075559601
C2120,test,0.546111581701,-1.41833748031,2.27556688021,2.39260021917,0.648300084706
C2121,test,0.452978666304,1.58421962026,4.4453434852,3.58317379945,0.631536159935
C2122,test,-1.34880309548,2.49729749634,2.02587802361,1.10659669077,0.792784557186
C2123,test,2.40212132494,0.163907364412,6.47757075098,5.13799284384,0.98238183849
C2124,test,-1.92745183695,0.203840842906,0.0493330358145,-0.410401848913,0.896941330651
C2125,test,-0.793762992621,2.3469754123,1.32457657747,1.64491272711,0.692877338672
C2126,test,-1.02287073788,0.496290739319,0.221146306183,0.524516457934,0.734116732818
C2127,test,-0.616468226473,0.493580136044,1.41205049785,1.07601568102,0.660964280765
C2128,test,-0.111230362845,-0.498323995771,1.44333541249,1.55384258116,0.570021465312
C2129,test,-1.50179208053,-0.325820430487,2.05205938159,-0.290399351462,0.820322574495
C2130,test,-1.29300804567,-0.70404858754,-1.7807430725,-0.285263098259,0.78274144822
C2131,test,-1.50572222196,0.176954683605,-0.404638413607,-0.0673158332003,0.821029999953
C2132,test,-2.29607284168,1.55866838825,0.157670031986,-0.215267359392,0.963293111503
C2133,test,2.14696967608,-0.514875234478,5.60233251185,4.4999476841,0.936454541694
C2134,test,0.330752863434,1.50410532025,2.2671750955,3.32419310363,0.609535515418
C2135,test,-0.661379435391,0.130430546805,2.0341553867,0.841943707525,0.66904829837
C2136,test,2.03149428892,0.207707426818,5.43615990595,4.69862638946,0.915668972005
C2137,test,1.36768819741,0.10642965865,4.57545006651,4.08119772327,0.796183875533
C2138,test,0.810604703906,-0.0411512471513,3.65681139951,3.41594738317,0.695908846703
C2139,test,-1.77081413026,-0.186642853909,-1.65107066299,-0.446293725162,0.868746543448
C2140,test,-2.43468132724,0.311877024315,1.62790856788,-0.971897724001,0.988242638903
C2141,test,1.4655939892,0.735794290582,2.91539549128,4.44559571592,0.813806918055
C2142,test,0.635811152493,0.574438039216,3.06330832081,3.43530680808,0.664446007449
C2143,test,-0.791368387043,-1.52660420982,-0.40161617036,-0.0948662503913,0.692446309668
C2144,test,-0.523868062874,1.03355972254,1.89798979422,1.47179821748,0.644296251317
C2145,test,1.83387866021,-0.126974613708,5.38217560893,4.35962540454,0.880098158838
C2146,test,-1.41706507778,0.722349631781,-0.685760430187,0.250373892825,0.805071714001
C2147,test,0.633813053329,-0.800096359889,2.30462403911,2.81361336047,0.664086349599
C2148,test,-1.22052264919,0.195638685655,0.042079728078,0.185914830354,0.769694076855
C2149,test,1.0741139735,-0.828377316954,2.51146078342,3.3823499972,0.74334051523
C2150,test,0.791931155476,0.694813883835,2.42943482545,3.72134425776,0.692547607986
C2151,test,-0.89266166561,1.7375193699,1.1292149748,1.23903422541,0.71067909981
C2152,test,2.23994141563,-0.287268770782,3.04842140347,4.71471943735,0.953189454813
C2153,test,-0.39047294532,-0.461622282009,0.570410756078,1.03442238436,0.620285130158
C2154,test,-2.09405777369,-1.02085285554,-2.74541284093,-1.13135830475,0.926930399264
C2155,test,2.0178868499,2.36848421623,7.66076467184,5.65695052259,0.913219632983
C2156,test,1.62579807127,-0.317924599009,5.01123699944,4.10011669962,0.842643652829
C2157,test,1.49846083062,-2.53347022545,1.9320963777,3.00103362148,0.819722949511
C2158,test,-2.17357804768,0.550682002664,0.263660915823,-0.514990183248,0.941244048583
C2159,test,-1.71425140182,0.643367192858,-0.76293213401,-0.0255397152561,0.858565252327
C2160,test,-0.837024471762,1.1030255832,-0.410116695141,1.02612499717,0.700664404917
C2161,test,2.44969140146,-0.253899233896,5.81779031073,5.02054304468,0.990944452264
C2162,test,-0.423215167349,-0.643808726557,0.222895122865,0.893108927377,0.626178730123
C2163,test,0.213754730447,-1.60499498127,1.75803600006,1.7013905902,0.588475851481
C2164,test,-1.20441123826,-0.392586373999,0.124919587646,-0.0635190034614,0.766794022886
C2165,test,0.881450427811,1.65130016553,3.91606909973,4.27159705395,0.708661077006
C2166,test,-2.35718619091,0.735500874496,0.818426878618,-0.669085863826,0.974293514363
C2167,test,1.32540553013,-0.746001176957,2.64670977734,3.6612618235,0.788572995424
C2168,test,-1.72936559547,-0.702798951292,-0.102336154451,-0.643816639299,0.861285807184
C2169,test,0.575325838917,-0.104941529261,2.94279743499,3.03214147091,0.653558651005
C2170,test,0.505014624971,-0.406758613533,2.04616993931,2.77803331921,0.640902632495
C2171,test,-0.67457648224,-0.324929499697,0.848580305162,0.616713399586,0.671423766803
C2172,test,1.00844637496,0.923126999313,3.79594287593,4.09787352233,0.731520347493
C2173,test,-2.33023057447,-0.383942743605,-3.03546707888,-1.13550142295,0.969441503405
C2174,test,1.9795410849,0.291383509509,6.09617554419,4.68365085148,0.906317395282
C2175,test,-2.4670072124,0.289909180883,-1.59030734406,-1.03068853392,0.994061298233
C2176,test,2.32785611661,0.271676031836,4.47030350012,5.08173448666,0.969014100989
C2177,test,1.81122108364,-1.66369110849,3.68183174125,3.64828876133,0.876019795055
C2178,test,0.326063337323,-0.905240854482,1.67831379514,2.23119370188,0.608691400718
C2179,test,-0.665706613577,-0.299927984613,0.226524233985,0.641597819261,0.669827190444
C2180,test,1.72143997995,-0.407701721625,5.33803401448,4.13752526555,0.859859196391
C2181,test,0.169256736552,1.22334464954,2.91226177595,2.88709011167,0.580466212579
C2182,test,1.13209811988,-1.75601881878,4.24229068883,3.02545211655,0.753777661578
C2183,test,1.6922833595,0.196922423886,5.10510143119,4.38563467597,0.85461100471
C2184,test,2.42095419085,0.491170098368,5.45860897049,5.31287518709,0.985771754352
C2185,test,-1.89299808778,-0.175351376023,0.0948098143771,-0.548888936258,0.8907396558
C2186,test,1.1842806302,0.41836007931,4.35752100804,4.05574740986,0.763170513435
C2187,test,2.18623018382,-1.16123767594,4.45312775883,4.25533176223,0.943521433088
C2188,test,0.952619979317,1.43910419076,5.48241644357,4.26464278093,0.721471596277
C2189,test,-1.02766325689,1.57741014633,0.0500902762785,1.00563784154,0.734979386239
C2190,test,1.74761739674,-0.772072476895,4.72839968122,3.99533668511,0.864571131413
C2191,test,2.22709575242,-0.769091319076,5.98406291694,4.48178741923,0.950877235435
C2192,test,0.366233091618,1.47401165759,3.73574697299,3.37664317672,0.615921956491
C2193,test,1.7187787893,-0.0592150312924,4.33354319491,4.29214465386,0.859380182075
C2194,test,-1.01961638418,-1.1625012259,-0.306929067585,-0.218271083182,0.733530949152
C2195,test,-0.978574753569,0.972573825092,0.125957502011,0.789766750778,0.726143455642
C2196,test,-2.34374008609,0.6588959397,-0.581252295448,-0.684826010156,0.971873215496
C2197,test,2.34104418259,-0.444450189993,3.46612323137,4.77759697869,0.971387952867
C2198,test,0.331582238173,-0.879826212248,3.52227257448,2.25297744484,0.609684802871
C2199,test,-1.83046515417,2.09010078755,-0.0899961594464,0.526785708453,0.879483727751
C2200,test,-1.64795814982,0.0323904397327,0.388255801903,-0.246452166307,0.846632466967
