obs_id,b001,b002,b003,b004,b005,b006,b007,b008,b009,b010,b011,b012,b013,b014,b015,b016,b017,b018,b019,b020,b021,b022,b023,b024,b025,b026,b027,b028,b029,b030,b031,b032,b033,b034,b035,b036,b037,b038,b039,b040,b041,b042,b043,b044,b045,b046,b047,b048,b049,b050,b051,b052,b053,b054,b055,b056,b057,b058,b059,b060,b061,b062,b063,b064,leaf_n,water_status
HS0001,0.319237098397,0.314012389986,0.330987254312,0.343617214173,0.330922689114,0.347229334371,0.361114324415,0.35287545028,0.36124382489,0.3954285455,0.366917428501,0.390905192857,0.391401268681,0.374095044344,0.395302623127,0.383659691423,0.387475420845,0.394950828731,0.386893180416,0.379042629362,0.382452293207,0.368748763252,0.365407933942,0.366133931819,0.374024881817,0.34668179718,0.348118134004,0.327606694102,0.307224365685,0.303481864628,0.27889149414,0.273132014326,0.264087477386,0.256300691192,0.2518049084,0.218674868521,0.236626494716,0.234520146115,0.234372905607,0.237376280082,0.236227628789,0.234097695105,0.253319429792,0.24833600093,0.264509529479,0.283927886467,0.296364429374,0.299823877797,0.30977119321,0.311959498711,0.326592064813,0.331096932296,0.372550531379,0.348727276697,0.353190270156,0.338609957622,0.360237816488,0.370242045051,0.377382056138,0.380121325016,0.38458238744,0.371569172321,0.379523533005,0.398278990345,3.04911920273,-0.849618933863
HS0002,0.324621614419,0.313210932077,0.336514022037,0.335062245879,0.343708223351,0.337892860896,0.360445483456,0.363232134189,0.382343024901,0.371320499235,0.386676213851,0.377905331026,0.383886963102,0.375850859777,0.37068833167,0.361791762019,0.362734911155,0.349741205039,0.348789841666,0.3425158987,0.33063572869,0.336474702003,0.304032189478,0.295655699734,0.292632464055,0.2844965674,0.260751882551,0.258902934788,0.251808377369,0.239318294049,0.241022483159,0.244328977785,0.228326002872,0.221402935856,0.21683549135,0.219510303694,0.221036885912,0.216361323675,0.218268041312,0.223660139011,0.221073145112,0.24871452994,0.248286514934,0.257762332955,0.271704117428,0.282593806101,0.297520422963,0.301199241602,0.304330083897,0.312678996544,0.320367889941,0.339373469871,0.342168633603,0.361253100145,0.354109423049,0.356613018378,0.367128417816,0.362228740534,0.383527339473,0.383224732063,0.375519788814,0.372945936433,0.375518397878,0.381426256915,2.38669832075,-0.775358247532
HS0003,0.311415625096,0.313664956092,0.327830854988,0.33837370633,0.353958767836,0.366039071214,0.354788883703,0.359787319437,0.363938819255,0.385841205827,0.382938174794,0.377335299272,0.371836627202,0.371856754622,0.388255255396,0.365858125673,0.372026982318,0.374957333871,0.374110946744,0.342406143568,0.355457631311,0.33268103365,0.32414812812,0.325162637314,0.323230505552,0.321306451247,0.284209201889,0.286397549905,0.283228621872,0.281622605608,0.255636378915,0.251701148357,0.236794963776,0.234619824802,0.234504693004,0.215351044623,0.22035456915,0.229695846291,0.215838430093,0.225045729574,0.213130292009,0.233416380006,0.229145318944,0.21976920674,0.242731186878,0.235824227551,0.242720707959,0.24549670756,0.254240472097,0.283521329822,0.295059525773,0.29645836829,0.306229572767,0.31170949348,0.330631124431,0.353504493753,0.352602063878,0.355833046012,0.370683806599,0.357067972335,0.377098129142,0.357393474285,0.387258346626,0.383744455328,2.66316098617,0.746361192138
HS0004,0.307534975538,0.313017906717,0.332267005172,0.340853500452,0.358786222834,0.359414004093,0.357992970564,0.365899386996,0.378956121071,0.37975595032,0.380622517947,0.373974771778,0.380375938737,0.388965871644,0.373015643955,0.387888083441,0.385727488943,0.391178657223,0.384519745697,0.374396497308,0.36919009626,0.35974491533,0.355160898799,0.359332153898,0.344002510288,0.335043391469,0.337450631178,0.304019646182,0.303797607182,0.280265673725,0.259602126414,0.262498443414,0.254055055099,0.245714635957,0.228151280852,0.220106156669,0.229754121916,0.224281576704,0.228870468253,0.219412889379,0.235114791068,0.24670451158,0.246137520573,0.245537800383,0.246920179031,0.252720589416,0.258654329125,0.278755423521,0.287759422499,0.300088864406,0.320033077855,0.325899344272,0.32648021187,0.328687971543,0.340856962771,0.367334629605,0.365929657862,0.361865792078,0.359337606892,0.373131479892,0.373289358967,0.383710437159,0.391191579875,0.38418961546,2.86325831417,-0.0514110681721
HS0005,0.298357875475,0.314850449628,0.326835356314,0.342438614248,0.334880817929,0.352394561017,0.384383256602,0.368735539837,0.394895440442,0.377220007396,0.368950230414,0.374898210191,0.376699787703,0.381125732521,0.387655446409,0.364099398599,0.345668032883,0.3568561089,0.348935792206,0.354108893774,0.332779681326,0.318616027927,0.323587625892,0.317385481767,0.292156155382,0.277135579757,0.272634219855,0.260621014708,0.259946772537,0.241032471812,0.240671177503,0.244470735945,0.222483656218,0.223730016778,0.213816726031,0.221505010573,0.220033064584,0.217027445456,0.223740924493,0.217647285826,0.2191666031,0.23054002963,0.23602539771,0.231862953622,0.241123230677,0.241874845986,0.253100147601,0.24718627377,0.261564308947,0.279595352054,0.28030735566,0.292678732388,0.293612644253,0.326570603399,0.33644403495,0.337590996656,0.351718143264,0.344316200507,0.363117567147,0.373070661545,0.394233594966,0.383987391939,0.391122423547,0.377633293018,2.38682176398,0.859146024996
HS0006,0.308416743715,0.32287258326,0.325849059824,0.335912077396,0.346669261651,0.348840208092,0.367621235177,0.377378337645,0.376657158285,0.372382020526,0.379559039137,0.376500934666,0.385650871648,0.368629442099,0.39350609565,0.372631900373,0.383846140432,0.360301280247,0.360380622336,0.346454774046,0.349983637421,0.346914068094,0.332467865842,0.330776098045,0.316159762959,0.307341096546,0.279454789766,0.291635781324,0.278367756582,0.276137647278,0.26471740677,0.257727582037,0.247437840752,0.232438222618,0.243062031645,0.221644111198,0.222064967417,0.220278319569,0.222024352118,0.228518582784,0.234813993081,0.238064597707,0.239375460422,0.239378492874,0.242154325025,0.273781839355,0.281180871906,0.281141442074,0.306204254333,0.307843728941,0.330371779858,0.323821560568,0.329204305306,0.353157029016,0.345415948025,0.364282306644,0.360773698607,0.360861265658,0.370269888569,0.395686459944,0.372303361004,0.359477364516,0.381512285022,0.373622463435,2.70203263667,-0.351596077044
HS0007,0.302010485799,0.322728434348,0.333276306097,0.32476396261,0.330225555761,0.356110008317,0.35733334856,0.375219033015,0.363092007057,0.392163881856,0.388601481952,0.37414554832,0.375935779705,0.37903984092,0.36718008562,0.35344792729,0.364370474586,0.361578946063,0.360180664355,0.349330619085,0.338984787785,0.327492593219,0.305046532583,0.301079419516,0.280628640808,0.279779937799,0.272606354108,0.269980266774,0.264114619729,0.247545070865,0.247740824814,0.245988255404,0.237762735629,0.231188310266,0.22008746072,0.221077933936,0.220400635446,0.226381695294,0.217970163565,0.227116406477,0.224265707604,0.243808814887,0.250422790683,0.253938768864,0.273471167582,0.289329669268,0.295606825614,0.305544748357,0.319053571023,0.318644378682,0.3342923003,0.342240604528,0.361757368177,0.353448520999,0.348837193368,0.360457496818,0.374997175314,0.361284092373,0.37897936236,0.373737983936,0.365761750777,0.375511359656,0.386392480575,0.374763263188,2.349947154,-0.989684414412
HS0008,0.312929735162,0.336087616273,0.325144166714,0.337239596206,0.357768521747,0.367539393941,0.360057240401,0.368624348407,0.382442547397,0.367822544398,0.369738160731,0.377013105663,0.405604375495,0.376113942664,0.402665755608,0.397875270162,0.386621289867,0.388378294266,0.388020417289,0.391528429123,0.389590463851,0.390877831349,0.377213308412,0.383251370909,0.367152493752,0.376603426955,0.349930026722,0.354089886052,0.319120930932,0.31906376572,0.315949555732,0.278693533233,0.256016556193,0.258857056212,0.254645982666,0.232359167525,0.227813107067,0.225687322189,0.226883203913,0.22996486742,0.23132398556,0.240586681635,0.25587161869,0.255666472083,0.248758492618,0.272581877917,0.263702711318,0.280654817362,0.299784446113,0.317811929747,0.316575313983,0.333367259449,0.336837711255,0.350724430666,0.350469610014,0.351139889919,0.374302102739,0.371025711667,0.356511731082,0.381179928195,0.368951287065,0.372703460679,0.391367276683,0.39753788921,3.16651050019,-0.521799988758
HS0009,0.307479250974,0.316310266782,0.329575458735,0.338458248055,0.336927038536,0.350163214336,0.366823886132,0.362648847133,0.375755357638,0.37718954866,0.383899713704,0.386470419507,0.376515421613,0.380322657306,0.374012545418,0.380831268136,0.369148379941,0.376622614456,0.368513803094,0.368591271101,0.363451260009,0.371139383579,0.351103238073,0.354077922356,0.35319814881,0.322998376367,0.333187665618,0.319035896193,0.303309107184,0.291023381138,0.28844031205,0.250333623788,0.270447532508,0.235246328925,0.252724831495,0.224260263928,0.228387559321,0.21883721558,0.204457229646,0.222484183061,0.222000581358,0.233125535603,0.234258325254,0.229252696437,0.236002671837,0.234247758704,0.251673770566,0.266822422144,0.256441462191,0.285426417615,0.291064483798,0.288150516842,0.312228121749,0.333676269286,0.326921291799,0.35424027,0.34611771732,0.367370463532,0.366826786478,0.37304000632,0.363348275541,0.379584623612,0.379165836968,0.390929755232,2.78182527249,0.548975828866
HS0010,0.296949063465,0.308053871922,0.339655152021,0.3417191577,0.352901700947,0.347479985527,0.356191851654,0.368694506771,0.362085607163,0.363889888092,0.385042661494,0.370806046096,0.37351449265,0.370515736926,0.383207094878,0.370105677223,0.373537399884,0.359879116013,0.362062284613,0.328972218551,0.336063808582,0.303887362129,0.323217385432,0.30917057925,0.296543425794,0.281882687715,0.266420858291,0.271553344929,0.247747427283,0.247055029994,0.250284156417,0.23388135771,0.223613609515,0.226279881995,0.220695946706,0.212498975907,0.205602018899,0.230877675818,0.22340478748,0.218398839864,0.242697715331,0.221268690056,0.269783851532,0.267254212169,0.277746024107,0.281169074795,0.298470224508,0.315773674274,0.323408767774,0.327681227934,0.346024672673,0.358384350268,0.357684604584,0.3715848213,0.369987637073,0.37752898202,0.374914940279,0.382339975322,0.386686352355,0.384988043872,0.378629722281,0.373533714123,0.384767617185,0.367790093738,2.19571567113,-1.47496302003
HS0011,0.306264291071,0.317011401027,0.319141058114,0.340046200812,0.353732279234,0.340357050574,0.360986244821,0.368729672857,0.370359001277,0.367377845444,0.390006845167,0.375674570684,0.368421719371,0.379202061529,0.377960394809,0.384171877951,0.380053063383,0.380817451923,0.385525201093,0.358004462703,0.377022017778,0.361369849108,0.363754898915,0.341399452526,0.344267271665,0.323096711389,0.32847965284,0.309401799017,0.292573029711,0.291125827465,0.281921497849,0.273835279036,0.238190558345,0.238174140862,0.224940181104,0.228916972396,0.228755344759,0.234227110425,0.223498556216,0.220335629039,0.237681932784,0.235934928525,0.251160157005,0.237840822129,0.27054198215,0.270229365038,0.272534426362,0.282788624816,0.297893827212,0.309596542541,0.31431117254,0.329229306643,0.340954041751,0.343651213618,0.345656992822,0.357445243805,0.372029767027,0.361229289793,0.38376111483,0.383325298078,0.377146476434,0.379883809403,0.383922998342,0.37935701819,2.90690557216,-0.343113397619
HS0012,0.305923149538,0.327569130199,0.330387595971,0.327984063247,0.339032877514,0.350339311377,0.353932993065,0.36702098714,0.372475874992,0.37227470817,0.397290727572,0.390279121004,0.377011850146,0.385063809896,0.370159227291,0.372534995902,0.366708293574,0.37990497249,0.356936791064,0.346754617022,0.336837787107,0.325871175746,0.321681447773,0.317408152855,0.289832624336,0.292781842096,0.284691267777,0.265762041471,0.258757375605,0.238201083961,0.24253919369,0.238386350425,0.227043382385,0.220900197316,0.232947256459,0.216405070212,0.206125265263,0.219406272227,0.212266186272,0.237860396751,0.25298479515,0.254966756918,0.245257560561,0.273255587373,0.280460858052,0.292983690397,0.325731639805,0.326221425766,0.343111758136,0.352041432566,0.360519411572,0.370249418941,0.376123359549,0.384196399331,0.377280360449,0.384938284568,0.389327225076,0.362899451509,0.38272536224,0.374881779699,0.392669348689,0.383176938008,0.394495481204,0.383454234905,2.49288861099,-1.81476071454
HS0013,0.305907584306,0.323592034386,0.329160421373,0.330634253791,0.332536526651,0.356954638005,0.353402783074,0.369833506331,0.392005752931,0.371407706563,0.363124109563,0.373115282543,0.387580776448,0.380686857982,0.384758903053,0.361178465591,0.379505451183,0.369102373415,0.372122004031,0.369220056564,0.339836410527,0.340855127881,0.333188284676,0.313595831353,0.31392744486,0.305964305677,0.314793301598,0.276868599342,0.26793821224,0.274755797607,0.246310217202,0.245031646772,0.235696339095,0.237849786446,0.232026088186,0.226276121751,0.224931902907,0.219674483087,0.224921430633,0.240258737856,0.231548040405,0.241384200532,0.260687458334,0.251033136751,0.259071130095,0.296771885913,0.299901277508,0.316063111311,0.324490787067,0.327034274438,0.340869754943,0.34461446757,0.364090603384,0.359860262828,0.362441548115,0.368774491415,0.368446036793,0.373179144426,0.386804459338,0.392357458488,0.383431351866,0.398276962833,0.3700999995,0.382485983177,2.52213585246,-1.01921402959
HS0014,0.297258486701,0.319735493446,0.324167345588,0.342206840793,0.350605812935,0.35580723606,0.365777579408,0.368460682583,0.368051699038,0.381485173335,0.391801225606,0.377388419095,0.379896573933,0.383352889934,0.379159873288,0.374699443291,0.365144313032,0.349876544651,0.334420674243,0.341047171036,0.314052659451,0.290076425542,0.274136444532,0.271340595992,0.274219212501,0.268635523855,0.268358109785,0.22719732834,0.227985641287,0.235400406333,0.220141039781,0.231253558284,0.218718469831,0.223925293942,0.204805751673,0.222983251827,0.207081983046,0.2128596209,0.216395273334,0.221240097183,0.219784789731,0.238336930232,0.249350722122,0.280220149725,0.281176342078,0.29860802867,0.308945544762,0.314534879816,0.339448114145,0.326285132007,0.350858920034,0.333307430982,0.337705681766,0.380016780676,0.373189951404,0.380018075604,0.378142975514,0.372579022429,0.389608467785,0.374614988109,0.371801820408,0.377985831251,0.367024711542,0.386465657482,2.17305063106,-1.44367360397
HS0015,0.30586932748,0.31845036022,0.324904884048,0.342794524119,0.352097544273,0.360958954703,0.36003921852,0.358184069265,0.373050351864,0.373261590476,0.381376182409,0.384302754192,0.386508154892,0.370831271333,0.382174617662,0.367963093626,0.352054613428,0.368571721578,0.35055446525,0.339012067945,0.330085110913,0.315658234624,0.30335420377,0.297502365877,0.297220234701,0.291609524829,0.252497472603,0.252431845727,0.262045502141,0.238227649489,0.232112302015,0.23286617173,0.218311911131,0.225149916636,0.211796331104,0.217315205656,0.210825983082,0.222756608878,0.224100219891,0.2215327681,0.232766020377,0.236485023743,0.237439103254,0.251116589301,0.257515061184,0.247756598789,0.274695350938,0.289149463833,0.314650498056,0.315103922364,0.332493370525,0.339562534191,0.343743423075,0.352151439628,0.357121313161,0.360097097228,0.364814939637,0.365936266072,0.378853048276,0.368305248628,0.379136047656,0.383629488822,0.394795180535,0.381932997415,2.38976544812,-0.411170076152
HS0016,0.310592456747,0.306941293622,0.345189689222,0.360526150001,0.339083851347,0.352469744774,0.351756126899,0.378396381859,0.366270408491,0.369017793922,0.393063539828,0.382388217436,0.385293640497,0.380501621248,0.382055383875,0.378877668484,0.373959658499,0.361169637765,0.35389363254,0.342522112579,0.340491537296,0.32247405305,0.334947972608,0.298531454659,0.297566818677,0.282186076578,0.29840728132,0.278682963931,0.263834188385,0.245996599391,0.255265405224,0.247664060715,0.229452324378,0.222927560883,0.231611170998,0.207783220671,0.226233384558,0.214354382088,0.218133639584,0.206285642741,0.222907543106,0.239369652119,0.234974353199,0.253218164459,0.255652363354,0.252798762226,0.261552549888,0.277211735362,0.286507015697,0.295720799665,0.302362463354,0.320086450818,0.339628808315,0.339594296031,0.337574168341,0.349858698352,0.354639747238,0.362250176933,0.376488233215,0.368091318256,0.372458007332,0.395869486639,0.372119014748,0.377983043962,2.43638957155,-0.105732302996
HS0017,0.303806299322,0.320786863121,0.324659720328,0.326531558916,0.343744904913,0.352520392537,0.364002464258,0.378312182506,0.362957587539,0.37317632199,0.371069335844,0.381338752265,0.363143821388,0.381288120022,0.374486712038,0.370235464041,0.360467406608,0.326399848107,0.321110295492,0.308641084095,0.292055989726,0.285207284938,0.256250898133,0.257009570816,0.228232956456,0.225940129243,0.217979209015,0.208301297945,0.21758970458,0.198751486317,0.204948515525,0.208539813174,0.19620995843,0.196577369185,0.214449474791,0.206701525,0.222912573931,0.215346912146,0.215955468708,0.20675560656,0.225908207358,0.242590595682,0.240238164084,0.240432710812,0.245412039477,0.246954692094,0.258434129229,0.255553649132,0.266842914452,0.275075443002,0.286760400149,0.28906574599,0.318583677665,0.321600667183,0.344754075719,0.357995434655,0.364288687803,0.343203232694,0.3593322515,0.375492849444,0.384653348624,0.3943710687,0.370356142277,0.367915075485,1.93694047078,0.44032080438
HS0018,0.30097913712,0.321377900324,0.340497708755,0.333096362875,0.343826101295,0.357906077171,0.373896110343,0.368811224009,0.376237463681,0.390288306373,0.387355061015,0.382977495228,0.397315612709,0.380550301653,0.368951251831,0.38235042921,0.378579212553,0.396994758569,0.385135463955,0.370522692216,0.360943135984,0.368270349401,0.360401265153,0.36732626783,0.332872860593,0.340292457679,0.343190190859,0.330041663672,0.309806657196,0.281119942998,0.285547606402,0.274212817044,0.250016942631,0.230014768811,0.227115373561,0.224477829378,0.222277231937,0.228460235136,0.229072175408,0.224398287855,0.22861133927,0.262392836552,0.251498901399,0.28966072644,0.27970638383,0.320637571488,0.332292931308,0.324618410699,0.359222402977,0.353935665722,0.36778399067,0.379822732238,0.388620877425,0.392910519093,0.379996700195,0.382999705356,0.379736951469,0.384055667922,0.390983390687,0.377352475312,0.385215466911,0.394626110174,0.367955041327,0.388306770157,3.02479860654,-2.29823128928
HS0019,0.320232621085,0.310562847776,0.321935074417,0.345710978013,0.341006428111,0.360625116996,0.363663233208,0.368288106874,0.376047271338,0.372892887682,0.371061628196,0.376222705041,0.381958890618,0.383482353962,0.387760915743,0.381996637056,0.363691229555,0.371223761973,0.371348462557,0.352316741314,0.342791680111,0.352382346245,0.323406572953,0.324725349457,0.31327065131,0.314217010553,0.30019199071,0.282655248714,0.277999274778,0.260884511227,0.262398955358,0.252154276783,0.243081949848,0.236568080601,0.23108707541,0.231803293793,0.239918320148,0.226851206132,0.215014498766,0.20291465054,0.212334157843,0.227077716815,0.246784083872,0.244186249531,0.254791273136,0.277189745798,0.272214590786,0.286318963801,0.283552070021,0.292143755287,0.317185078148,0.331845601061,0.327326197466,0.328749981633,0.338246374563,0.354995347591,0.352215694486,0.393056509204,0.363382401793,0.384787520473,0.380440863089,0.363357166255,0.383084249714,0.382679124708,2.52610702999,-0.124164709958
HS0020,0.319755710935,0.312038209104,0.330433649744,0.332675761933,0.351046328832,0.3414812902,0.350074501866,0.37722250725,0.377594317944,0.365475881235,0.387908639191,0.372196086175,0.389937190632,0.380472868751,0.367094251296,0.388675134525,0.384955245778,0.367982074363,0.355612196351,0.362442131278,0.38337779584,0.3557195004,0.340073449618,0.32486993478,0.333901383803,0.313901871121,0.286413333077,0.289210452887,0.281095956329,0.271795957142,0.259334200977,0.246223658244,0.239891932647,0.213960986528,0.241384920597,0.221933633466,0.215716194337,0.232437452415,0.224601832045,0.2202877337,0.232326288207,0.240335260737,0.247109366338,0.236096760545,0.253328031327,0.269586480492,0.276233863467,0.285085669101,0.292813375295,0.316611408172,0.300687089447,0.347918550824,0.346321576434,0.33137058779,0.354569210187,0.36369316637,0.345241184404,0.362430196822,0.378867389136,0.377246489436,0.369748533273,0.396780068652,0.390082468764,0.371322117563,2.68333205362,-0.327842365681
HS0021,0.311007460972,0.327080159544,0.354748571448,0.339601897116,0.34639589854,0.363813397592,0.355531856415,0.369294713822,0.372589809659,0.367723846932,0.383018217211,0.365782878267,0.374798509357,0.369922649558,0.38410921674,0.371847042369,0.350448361985,0.36592026695,0.3375361992,0.341728836696,0.338537744704,0.316352875257,0.32625739817,0.295584851542,0.309876776933,0.290266583219,0.252886287818,0.264708928976,0.272270333115,0.243232607451,0.23973343401,0.231288580295,0.229950515033,0.221449698086,0.217822693168,0.210069563935,0.227081403948,0.214716160016,0.21941675502,0.213958849332,0.224572418701,0.236802070868,0.230305772082,0.248613549846,0.253717829361,0.256400684886,0.265503949798,0.278457646158,0.2846660873,0.312149608964,0.311861542998,0.315374383794,0.330214559021,0.33484260849,0.355604341421,0.347420645422,0.355569582441,0.375285847823,0.372147068359,0.380377184405,0.37829260742,0.379441220916,0.380477327349,0.384332489081,2.49086196843,-0.0922024877313
HS0022,0.31123449437,0.316389714385,0.324801238432,0.342127343665,0.345645802293,0.346333190519,0.369709510782,0.37452721821,0.374379958746,0.364517615642,0.379753254854,0.383365902025,0.374075078442,0.393596213273,0.370794345645,0.395665505924,0.35586820086,0.360140263951,0.360064626213,0.352890557073,0.33699127964,0.31580262167,0.324691585138,0.314388980993,0.300587352395,0.283606279773,0.273361947381,0.267185197288,0.258357316731,0.255598200655,0.242486414973,0.242902825243,0.226745679808,0.218453053359,0.226582410352,0.225769783496,0.211794407808,0.219596959016,0.218062587205,0.215704285085,0.230917700724,0.241951716605,0.232557457903,0.228683563372,0.258092337948,0.248467093035,0.268275399567,0.289326128313,0.278832879106,0.297774690532,0.315408113319,0.325288571064,0.325457537348,0.33622469056,0.345069392549,0.363852556668,0.3607445525,0.366107763278,0.369457019079,0.370542369144,0.396210670746,0.377744898847,0.384807239185,0.378725825997,2.53813256459,-0.104757142223
HS0023,0.308233417533,0.301476754209,0.323085578848,0.35051262196,0.32655491075,0.353754608015,0.349126290929,0.364458516728,0.367042490108,0.390259907223,0.376502194475,0.384331000542,0.377396484044,0.402415527522,0.389584212028,0.393267884814,0.376435123334,0.359029207553,0.369409003264,0.361901693683,0.351965484831,0.355398858909,0.347591895888,0.326773783401,0.3287131914,0.321746140898,0.313973978661,0.28893831198,0.28722623058,0.262437385131,0.277005912801,0.259308599828,0.236950063453,0.242832999771,0.225430117574,0.236900743711,0.214950765362,0.204510903417,0.218466810008,0.21026422981,0.234910983869,0.232301334558,0.238419053225,0.255922545812,0.267614026393,0.280086213333,0.286492709657,0.292994111659,0.310353736403,0.324245357419,0.361112349988,0.345430226454,0.356735105912,0.347768377789,0.353259569751,0.367730786767,0.371995007301,0.375156799493,0.362812907469,0.382717729948,0.369419502785,0.380442347942,0.386405992961,0.374914975859,2.81007426778,-0.914525671546
HS0024,0.306838704173,0.32169282861,0.324267284193,0.329322802717,0.358012827244,0.350180004726,0.360823346429,0.378328785757,0.380590453301,0.393949955001,0.392692318964,0.361849746047,0.379420608677,0.387692725836,0.372939800597,0.369190902497,0.383626400849,0.366479721473,0.377016471794,0.360000224224,0.351695713424,0.328209781766,0.323556519838,0.336905694631,0.325880486658,0.322814319206,0.307015784436,0.307530055736,0.286249748683,0.268047748453,0.262505386139,0.251359354194,0.252865827606,0.242969002007,0.223434871834,0.218286254021,0.217147884432,0.218376505288,0.236402858428,0.222456029857,0.220585139889,0.231643945377,0.250375926599,0.239124038573,0.223661511443,0.247541308155,0.247525148155,0.2477825992,0.271049591202,0.279703980268,0.28480752542,0.291112102589,0.308266980042,0.300786978774,0.328466023248,0.340953609095,0.350370008525,0.369124736348,0.356628342248,0.366987610533,0.37948634568,0.370754858122,0.380756535919,0.368177879311,2.59276302281,0.72154326634
HS0025,0.309412205141,0.314478791873,0.32559473707,0.337919825916,0.353942924631,0.360196948815,0.359337255243,0.369248004595,0.355045903404,0.392129594276,0.379510865157,0.380407938914,0.380597226251,0.380487523441,0.357557602448,0.361879913329,0.365335577994,0.342734562692,0.334300818275,0.334691640612,0.318417980424,0.296087208931,0.281805941342,0.273117435834,0.268915156034,0.250747844929,0.23405425599,0.231140236064,0.231356706198,0.221866172871,0.219568478948,0.207396557933,0.209018333338,0.228336148015,0.22215952181,0.215481341985,0.205943205588,0.214949713474,0.233202827077,0.230026382214,0.233171961451,0.227168761093,0.238534484927,0.232848621952,0.256842124232,0.23480468111,0.247683600346,0.253962866873,0.266237450358,0.266347400529,0.287933370385,0.294853621318,0.309441091408,0.313254712773,0.335247396241,0.340235588991,0.345255956498,0.344104105214,0.362318357899,0.372535521112,0.381863959028,0.376620997858,0.384181741548,0.386799013861,2.13548468564,0.803251694206
HS0026,0.302789458526,0.328825981925,0.321047057412,0.3468886613,0.356087763131,0.351443763981,0.373966743671,0.366047244503,0.376464903741,0.374678149185,0.367813736003,0.360578192758,0.374601971097,0.362121788011,0.363065035832,0.350816012466,0.354827150813,0.327129337557,0.316492851246,0.290220082143,0.264559313047,0.237041659298,0.241236235982,0.225953607547,0.20897849649,0.198831199507,0.194170043263,0.192352468917,0.181642139622,0.18462112494,0.174205787842,0.191410968757,0.180227983087,0.181970632693,0.178370852882,0.208342476685,0.181208366716,0.198623837979,0.206961061382,0.213308617512,0.229592945866,0.214826242886,0.231559721548,0.231482082373,0.248732290389,0.237503559812,0.25651209326,0.27959777185,0.27428446454,0.298125658433,0.302631836665,0.307484993317,0.321414439626,0.341113735261,0.332653762552,0.334419111044,0.356439551131,0.364101526313,0.372696690978,0.36116918412,0.373678207881,0.383393087918,0.380926251913,0.365204479924,1.74959400882,0.422271784127
HS0027,0.306770759558,0.315835155475,0.335889316784,0.334160853868,0.341039700424,0.35760908354,0.357961486146,0.360852584636,0.370194275448,0.365134283648,0.373118221301,0.393031823401,0.382537593735,0.391906947801,0.377181474033,0.368872324054,0.378006045357,0.3646356156,0.362844756891,0.351846394495,0.333196807716,0.338798434488,0.34456440286,0.324427753755,0.31161455615,0.299539150213,0.311117906463,0.280521155396,0.267065556974,0.280585409668,0.24921993138,0.243084027316,0.223874818162,0.236354124191,0.22057099207,0.238307791937,0.22948821432,0.216504767609,0.211814790264,0.231250863044,0.22745523293,0.228779552234,0.237593527167,0.262281683782,0.245417360307,0.239055951967,0.263465537215,0.264747769995,0.270551539138,0.276285453442,0.280276485684,0.298715712101,0.317772723917,0.318629010421,0.34579224053,0.350241994474,0.353635344691,0.358923110453,0.366506908028,0.370582559267,0.368484230877,0.378079151662,0.370348850974,0.383174132075,2.5686392091,0.682985821674
HS0028,0.307246854676,0.324372326243,0.345016550835,0.331419398138,0.352256378412,0.350267900488,0.356474419919,0.383322810778,0.386688941622,0.376240276722,0.374320221848,0.374320061288,0.379734088342,0.365141599275,0.387462300553,0.371291040402,0.372344214856,0.376863606292,0.368829000373,0.349541742964,0.354933980827,0.352010086249,0.339130562082,0.324744539205,0.322765087566,0.316335493075,0.316451230298,0.303933045819,0.285741610656,0.285519403792,0.250568891055,0.246350515091,0.254629268198,0.238628713744,0.231852282885,0.233530679272,0.23110666907,0.206225636127,0.208962245895,0.216480051659,0.233123188764,0.234454077014,0.236567832685,0.24162909792,0.257379187703,0.268447521103,0.267436864975,0.29048638322,0.30488057469,0.294429712104,0.304627820281,0.308685627682,0.325135954322,0.330301526194,0.343059414132,0.353333658271,0.367337504798,0.371421561426,0.372125252681,0.36894744527,0.375070462292,0.379238358467,0.369364967476,0.372431629808,2.58599971745,-0.0162882333156
HS0029,0.301832585713,0.321490218904,0.341254173686,0.35463891064,0.355058048261,0.371005644292,0.36091865535,0.370353332941,0.357409137069,0.37631708205,0.379540858881,0.372309359919,0.367795435722,0.364724359911,0.343592004127,0.377174789394,0.349247313858,0.336776592039,0.3189706141,0.317016209325,0.303105399432,0.272442928641,0.244621719269,0.244256360904,0.228570171881,0.209987265128,0.216559406181,0.196297578687,0.205672479268,0.1947519018,0.188946914889,0.196417380252,0.197799365942,0.204445860755,0.201534499344,0.212951339771,0.205235293967,0.20741000533,0.214522517962,0.223173063615,0.22977922053,0.220424748922,0.225238779893,0.239933832818,0.230502010179,0.240907061127,0.240061423826,0.257206643306,0.266349542858,0.26166152136,0.29242901083,0.298908170491,0.31405141319,0.323850681236,0.334721904482,0.350075619067,0.341563075597,0.355750629577,0.366736949879,0.362012309041,0.373685881303,0.384234144509,0.385437426353,0.384666669846,1.87008512823,0.885830751538
HS0030,0.306524872499,0.30736311129,0.328252492736,0.325481947485,0.349823724307,0.348023933186,0.353541690489,0.374260621594,0.38065108689,0.371927166937,0.382210315074,0.376830859142,0.36133629838,0.367373503625,0.37911345435,0.356424630089,0.370534451105,0.334762320769,0.328240938705,0.313346523386,0.289147077972,0.286455454035,0.277141780112,0.27055658417,0.256857781315,0.236119935899,0.22798918733,0.223650729704,0.206583268681,0.210591428414,0.203018337141,0.21254735598,0.213388290428,0.195139365868,0.214139033755,0.204299155238,0.211368297078,0.225629435292,0.211050391459,0.233346130519,0.236304166505,0.24523034439,0.240567936778,0.257429824203,0.261327867483,0.269465392137,0.277699575555,0.288247847808,0.309767565702,0.322001046527,0.33845618731,0.337642241975,0.350112589795,0.34328511978,0.361684493314,0.371001610717,0.374924953103,0.374784077062,0.385534029478,0.390454064159,0.386430350554,0.38090862717,0.381593278298,0.372485870566,1.98178723572,-0.880226054177
HS0031,0.306715495406,0.314876569273,0.33220530196,0.329978393208,0.355578576564,0.359369114272,0.371710069651,0.361823476971,0.362749193818,0.374640767385,0.375046036574,0.390768871851,0.383541667033,0.358848472886,0.347340386413,0.371503353,0.357291153755,0.313464164954,0.322638209712,0.313847276973,0.290859175181,0.282653660076,0.265185478316,0.259327555777,0.247987277093,0.251156013495,0.219896950731,0.214463981145,0.217918216031,0.200905642296,0.216876360684,0.205620166528,0.206444745189,0.208180459256,0.219996515532,0.209594912353,0.211172055952,0.2213859928,0.211090123457,0.207936356901,0.2261696616,0.22627167265,0.220579176007,0.223456324287,0.237560799741,0.239343048909,0.250194987564,0.260671363901,0.246064903922,0.276562006011,0.268440709965,0.268075949103,0.307870117904,0.304535540819,0.344347375541,0.34149437616,0.351488728946,0.359131798581,0.353406178881,0.37472664079,0.366130458792,0.375484766001,0.371386207197,0.375485878104,1.95795200367,1.10353056209
HS0032,0.293130400746,0.314088006952,0.342957312569,0.346874500977,0.345728548742,0.367277594472,0.363626539712,0.367664429817,0.371349680578,0.377256875142,0.379469478245,0.378071793191,0.378047020719,0.373894943987,0.379761648786,0.363958502821,0.365553171222,0.36700551802,0.347031413703,0.335034186801,0.335985821394,0.318275682956,0.301690639203,0.304559694443,0.288249039434,0.2802696439,0.271449789613,0.261422976959,0.246131602551,0.246006054577,0.240985522747,0.223561749117,0.217972111714,0.236534243064,0.218381332548,0.232209003781,0.217043015416,0.211244461829,0.209309664156,0.215765718889,0.21320962441,0.206246887862,0.227530036928,0.228870324365,0.236774474529,0.238102788988,0.247549775246,0.243198639376,0.260467334288,0.259275783842,0.272271797637,0.280001382202,0.307203715308,0.293932000568,0.332645084394,0.336350564388,0.358039409653,0.356535740227,0.354102757817,0.364699911046,0.38274800367,0.389420670401,0.368820085271,0.373281636492,2.3334311235,0.969029102974
HS0033,0.309568562952,0.327867013148,0.322214812681,0.326599042148,0.332501070302,0.350751064358,0.36237588406,0.373320667744,0.358898902221,0.370769017601,0.410344039336,0.388305160823,0.38928883906,0.383815380465,0.378766621498,0.384279956275,0.369815893575,0.374771469498,0.376028628433,0.356177635636,0.361975280214,0.345195406102,0.333617470833,0.328846794309,0.31263335279,0.319229679578,0.279506200964,0.295541681369,0.289430528833,0.268391542811,0.265576622024,0.250120749708,0.243140516344,0.244844395863,0.222496444359,0.216844584873,0.223644806742,0.215893512445,0.229269758739,0.227703784175,0.224377116652,0.228484158951,0.216534111118,0.234401292062,0.228552554943,0.242139456918,0.24573664199,0.257851842935,0.260148223046,0.253753729265,0.27726594748,0.282750327021,0.316996649657,0.314435029308,0.318373641443,0.346941215818,0.365015750259,0.349701795506,0.373383069138,0.36513826273,0.37871095097,0.368676460722,0.375044653987,0.373033808675,2.61743842339,0.946860980098
HS0034,0.312171695967,0.332935040282,0.330878915087,0.336813602995,0.350098256858,0.357498548801,0.377657287068,0.364005818297,0.375264584281,0.388975552078,0.385456301538,0.393761051544,0.378836839381,0.370002768849,0.377720692161,0.359756312864,0.360640493933,0.355196465815,0.353799064115,0.33848470063,0.319359495636,0.301020053694,0.297573220965,0.282500369519,0.268408589538,0.242074502501,0.257682787276,0.249329827096,0.239051516574,0.232870426664,0.229738797362,0.228268930206,0.22782299431,0.211872408832,0.208707861874,0.232027505769,0.214648737447,0.221776844595,0.224226128832,0.24542337006,0.247392077,0.240920107716,0.229341617538,0.261452648254,0.292100448673,0.274272423942,0.304631807526,0.300210022185,0.319957097165,0.330661945189,0.345051914588,0.345057015239,0.345676256692,0.366796893962,0.360896067994,0.359076104069,0.387465015358,0.366865958542,0.395825847118,0.372317243215,0.376494199105,0.384132410288,0.377466988941,0.373895948593,2.33806877051,-1.06968586069
HS0035,0.305832710994,0.324001909965,0.328738574564,0.343270751015,0.347970000871,0.337838921403,0.355963278127,0.355731356274,0.377118853622,0.385312057361,0.388589992738,0.382753332632,0.381366144455,0.394074714902,0.367626473278,0.38177727275,0.39220920419,0.371284509764,0.390911934422,0.375932525522,0.387436056775,0.36967820938,0.371113393365,0.33269469892,0.349781337217,0.337001704901,0.327620051561,0.321924054693,0.317226343432,0.294304373108,0.278097607787,0.275833932126,0.260071924176,0.244868187593,0.231492648382,0.232926279987,0.233314218879,0.227741902464,0.235322598662,0.224640035055,0.22296767248,0.206783726783,0.210906124097,0.242092843956,0.224800306739,0.230115329912,0.230692426517,0.247339791961,0.25978506613,0.266811295275,0.274258810708,0.284294777532,0.319120342353,0.339527163009,0.315414356075,0.321245726757,0.348278854287,0.339268416259,0.361131099391,0.381260288818,0.364031013128,0.367572392357,0.382278687613,0.392717812391,2.84727549226,1.08935175522
HS0036,0.312094599031,0.326560207023,0.334186039134,0.331803061507,0.346735158293,0.347835708166,0.376424939016,0.389007567631,0.368583275867,0.371637736786,0.372615440665,0.376441805221,0.378340587205,0.374998136177,0.363539292908,0.372144177289,0.369899987579,0.368025694104,0.359723377547,0.326700514171,0.333510982211,0.306674187229,0.293306029778,0.288978111145,0.282423201696,0.265823962234,0.250100627932,0.241969797256,0.245437561977,0.219713378502,0.227094559448,0.220448961265,0.222333404533,0.21292946758,0.221212300074,0.211911253831,0.22118072952,0.230981345728,0.209636483998,0.221552503568,0.234221721859,0.253265659175,0.230614590781,0.259297622195,0.271713138969,0.28113925232,0.294796449101,0.316427531435,0.327330676954,0.330693693386,0.338802379991,0.356610553172,0.361418830978,0.356686977961,0.359569406558,0.369565671534,0.388154525679,0.370437647086,0.372765351207,0.380447815319,0.385801796284,0.387689524859,0.387539230586,0.385433618456,2.47008353108,-1.18064459535
HS0037,0.306067852535,0.311980836957,0.331480220547,0.341761227273,0.342354938262,0.358152850915,0.365090144773,0.385616546039,0.365005787444,0.363211700219,0.368729054631,0.379658212998,0.371799414052,0.364787587324,0.372833568847,0.375532719713,0.377014374571,0.355239345983,0.325942383463,0.324864517953,0.335102736699,0.319232239142,0.301626282269,0.287853492321,0.273922718473,0.253322914142,0.258146473386,0.239164021513,0.23213813502,0.234464024408,0.224476851452,0.21645891063,0.212109606207,0.233306247766,0.205819756639,0.206238235198,0.228238482712,0.22986506232,0.230905497274,0.221571063223,0.229304038231,0.231062990397,0.250960501491,0.265251275334,0.26503534371,0.289969739219,0.292681552919,0.301244698204,0.324244918124,0.315362911621,0.331852334808,0.345897533797,0.345538323086,0.347527297948,0.349129935987,0.370480735942,0.377658785044,0.361200805878,0.360256062339,0.39205879776,0.393452221906,0.371827084767,0.390874382063,0.375962228462,2.28073534712,-0.866332397043
HS0038,0.30753828994,0.333045684296,0.336427017132,0.340974244734,0.343864384224,0.361385044285,0.352165004457,0.376892925035,0.369373920717,0.367343505945,0.369779604503,0.369507445359,0.3802286584,0.381350925313,0.351355529712,0.358835976825,0.34621572652,0.346010292796,0.321856016711,0.300104941712,0.286422621033,0.275478166374,0.232077302907,0.219729426409,0.239872912234,0.217908370449,0.190416372501,0.196167703459,0.194503360599,0.193562690415,0.194682523815,0.194864449702,0.190724057983,0.178412101061,0.202076408249,0.217377601443,0.200276013606,0.219357965767,0.223847609188,0.214029443369,0.214101256463,0.230867488285,0.230864536504,0.251437135319,0.246435732196,0.251376053072,0.276184200093,0.28034235438,0.288039880625,0.295728445554,0.306677516563,0.324875470475,0.320901447587,0.325959803166,0.345691879295,0.339762789202,0.354425191,0.373197894988,0.365343544136,0.375459390389,0.37858789379,0.391929356008,0.383072329379,0.375087840959,1.84215470229,0.0121444046253
HS0039,0.303749217435,0.315592092928,0.329876595608,0.338452688763,0.339152629751,0.357928383923,0.368550809373,0.360505014884,0.372363639261,0.378640747234,0.385676742789,0.37559479374,0.382775413286,0.382235898787,0.383123968791,0.37232084299,0.384395124918,0.381689669168,0.374894202578,0.382566720546,0.366700425453,0.367709324042,0.359907807255,0.357177916169,0.341216170638,0.341831215439,0.329487041195,0.298255072161,0.297995431091,0.281019350997,0.282183244106,0.267043144119,0.230660849349,0.25238079835,0.225717108379,0.224838239592,0.248304220567,0.229352241228,0.222913920371,0.217137408116,0.220682243204,0.225951053652,0.232010088854,0.234526325627,0.25272012097,0.24762478625,0.268528847529,0.27703053118,0.280042201162,0.301122624804,0.298863340107,0.316269098019,0.310415925997,0.327289790145,0.338646756109,0.358935102879,0.354933006536,0.371659492864,0.374659100712,0.386714316099,0.380036659885,0.367969150241,0.378603235609,0.384134283736,2.87073314991,0.0442087235247
HS0040,0.320206529633,0.314411470341,0.329614128299,0.345393524372,0.35936456866,0.353643827215,0.368082721909,0.365311982598,0.362830186741,0.367057624402,0.385165550927,0.374231515524,0.385413357011,0.381432298982,0.383875466575,0.385384407861,0.366136114285,0.364586540931,0.380667225797,0.365815268549,0.377488549935,0.378471646009,0.36175255965,0.357081969781,0.350199874099,0.331255554596,0.332461287731,0.325288063744,0.302737663648,0.299383968667,0.278308530958,0.274694578043,0.263303276436,0.233829143756,0.229502233556,0.236671564988,0.225751900174,0.222858991216,0.241251833754,0.218904698022,0.236142977215,0.238164571116,0.240204389329,0.252764987321,0.245969359509,0.279111543381,0.270757575475,0.289197302165,0.285922652871,0.294287456708,0.314859394987,0.319444508882,0.319528490939,0.328013738958,0.350820264229,0.341154254114,0.366714985285,0.369421585039,0.375370760618,0.387307843223,0.377938751989,0.372748370774,0.375747291023,0.37167575191,3.05721084041,-0.124352404688
HS0041,0.315130456966,0.320011971419,0.327658197197,0.338715593735,0.346017510476,0.348434964684,0.357457153953,0.362513027375,0.365817509868,0.376753518587,0.362788053387,0.371901444482,0.386252252484,0.368203280883,0.377168389708,0.366726143381,0.360567953072,0.367336199373,0.366233889115,0.346111150551,0.338742145546,0.335941542584,0.306425049874,0.309961366926,0.280296597669,0.294892029625,0.266407914925,0.271338499453,0.257244966906,0.244960606022,0.255178346563,0.24208670724,0.217387856823,0.228411768897,0.20905696994,0.217090276163,0.204962839979,0.218926760713,0.212305114118,0.221925044715,0.218157310094,0.205928008465,0.212528345894,0.223165731991,0.219386683304,0.220290468359,0.234473920531,0.236393897065,0.237832294747,0.257440159925,0.262386179572,0.266749708581,0.272399165802,0.289096689614,0.31149071964,0.325475337262,0.328860784667,0.356999081171,0.365368436016,0.369179930679,0.367929395777,0.37029381001,0.38030086015,0.370331139671,2.4185647103,1.76898193181
HS0042,0.308530397473,0.32860588138,0.337250441877,0.341458775976,0.360460485041,0.334233781892,0.350477604184,0.36651433427,0.387846696976,0.370167858537,0.387475701746,0.384686097393,0.384472732799,0.388154407785,0.382903193445,0.363600570122,0.36697967415,0.385924015474,0.36316073185,0.357169322614,0.341957058994,0.361965554542,0.334964338848,0.34046300496,0.313271428531,0.304057998334,0.299620194616,0.295586709651,0.281797804155,0.273955879177,0.257998154302,0.234938870664,0.256681378125,0.2329496376,0.23441414815,0.20578097231,0.239540337366,0.216942864401,0.242276070187,0.212597197811,0.243139309915,0.22581887017,0.247904762836,0.24284998574,0.26743305213,0.284030739806,0.292237054624,0.30974095283,0.313670888628,0.305915733599,0.322861652265,0.341914608649,0.326418442433,0.349693265157,0.354571766705,0.369212093034,0.360356399624,0.37943368158,0.377359764152,0.381149251275,0.38225668435,0.382560783195,0.38308033753,0.385947165374,2.66450651132,-0.671688376435
HS0043,0.319642304914,0.323754948123,0.315753556148,0.336947600809,0.35336645148,0.351408310784,0.367369647247,0.355652086556,0.378789604123,0.378356689873,0.382678693196,0.387933298349,0.380440391884,0.388427027914,0.389555251891,0.383531206788,0.383329109952,0.385260063758,0.398178764967,0.399243763036,0.377918328905,0.387669449736,0.385522250223,0.389228299634,0.382934991824,0.366591191813,0.369930159198,0.360670886671,0.342094691073,0.332795314152,0.313826135823,0.287457549436,0.270272848683,0.273098326399,0.272005415015,0.244240830839,0.237885312093,0.224308345762,0.228786710898,0.2334009781,0.232456386275,0.232068170514,0.249437390967,0.238545114124,0.252216863887,0.256088678186,0.274754235549,0.288096799886,0.278741137224,0.299023747891,0.322113803011,0.325357885204,0.340299355447,0.335800453945,0.341218917212,0.354709431012,0.351976034666,0.379462543691,0.37673361934,0.380700931609,0.385607028642,0.369678331137,0.399705155331,0.383409429589,3.38492334602,-0.238748460933
HS0044,0.319290699995,0.316840354755,0.335886858196,0.330226252171,0.346737095332,0.346755271951,0.363037116768,0.3640265558,0.362682044797,0.372356355591,0.39033749459,0.375501494507,0.382048951568,0.371736567617,0.370225066394,0.363988824384,0.354218936079,0.34411994182,0.3222869906,0.307949558744,0.312526688243,0.28390397699,0.278248107622,0.259066651453,0.260363421217,0.241833539738,0.245577390246,0.207219865544,0.220712568537,0.22379140733,0.208631378617,0.199815013494,0.207807120199,0.20565861716,0.198989893921,0.210598955472,0.218672789881,0.213809857382,0.223023242136,0.20553711363,0.229665786747,0.210633595472,0.216988776357,0.229864165208,0.232060007366,0.239448702193,0.241491587573,0.242500277027,0.26360163641,0.255385738316,0.284203888851,0.286365454812,0.298813692125,0.314536854447,0.324737894447,0.340141233243,0.351912612298,0.361718773073,0.3648298684,0.373255438162,0.368829625777,0.382156176891,0.370655399948,0.370472575458,2.10059733607,1.19452841865
HS0045,0.319120201603,0.316520018892,0.320718382775,0.338787865059,0.341640276028,0.354048231492,0.367602556937,0.365328628852,0.366722948051,0.390212898935,0.390716900667,0.386966216359,0.374381066589,0.362690308474,0.369076253435,0.36059574737,0.348481421349,0.348212063715,0.326381727671,0.320152512616,0.2964911535,0.292524726195,0.288414150138,0.277666647993,0.255653059277,0.222016708439,0.23611769511,0.227624102785,0.227865499571,0.223137851811,0.205930635823,0.203079952502,0.204330857971,0.208389847014,0.205498742567,0.191536776225,0.215279467618,0.208784848948,0.221958126617,0.214161838472,0.21398761368,0.224093387551,0.233107498748,0.248539147166,0.245870765245,0.240297991626,0.255218892841,0.259191794037,0.274856550236,0.291267845243,0.287434743867,0.29463386938,0.303152121296,0.327023321088,0.329354082261,0.342690615902,0.358950558994,0.342966429276,0.366175106889,0.358244638941,0.373154766696,0.378946662894,0.376783504253,0.369910284007,2.03829056378,0.606496245484
HS0046,0.307442087817,0.316677828361,0.337542228767,0.331437464969,0.351790532859,0.377050747208,0.37403985889,0.372838302706,0.374076796051,0.36989749406,0.389352057923,0.391914871693,0.37996011305,0.393089474367,0.389344746551,0.38732656658,0.400003273318,0.391383772047,0.390258684012,0.379960469675,0.379467348139,0.366706058862,0.378544175277,0.373336679286,0.346408036914,0.352509772838,0.33369142768,0.339037542687,0.312338464522,0.305940001794,0.292082699926,0.281183044683,0.25866621433,0.257919998753,0.252842998116,0.240585003826,0.229832164894,0.223833845374,0.225623961541,0.241959571256,0.232376508392,0.235480629538,0.223842942393,0.237520520453,0.268146099544,0.264908369251,0.262113283693,0.291888088678,0.289940875215,0.298304159038,0.324533786824,0.325031472666,0.327620763996,0.347792457733,0.365660879792,0.36432283584,0.353984370429,0.361578133833,0.385757401717,0.367257993962,0.373364255754,0.367052349124,0.39019636598,0.391777419577,3.1981593293,-0.177421448772
HS0047,0.298030569201,0.323858634455,0.330441965708,0.337636024341,0.33593993726,0.350944315005,0.35900839835,0.37223817396,0.394745004561,0.390371438313,0.389263664756,0.383153381259,0.381799844386,0.369005724008,0.382863967453,0.3785089857,0.36479275968,0.35671599787,0.370498436745,0.352548818556,0.351950514786,0.33134394261,0.321878317821,0.310704521083,0.314126688783,0.287306749018,0.295322031538,0.268567864998,0.2726310726,0.257066248216,0.258630626494,0.224643739754,0.241600428962,0.238058941433,0.230037321023,0.227649533033,0.225258178402,0.226340205054,0.216057516802,0.211622373543,0.216633152524,0.230811889464,0.243283191881,0.24814436944,0.258849941076,0.269094745835,0.264650205881,0.298732382281,0.301721587454,0.312455906954,0.328933910435,0.320245278265,0.334421664373,0.348550945045,0.356688962267,0.356609480103,0.372591251084,0.384076422835,0.374371170924,0.384583209126,0.383392903617,0.383903654257,0.382422154198,0.39422156397,2.61657444665,-0.287984691062
HS0048,0.309887528763,0.324337187449,0.335517274852,0.324935137296,0.341314587884,0.345953533227,0.365301763242,0.367520347426,0.363728080636,0.369761912986,0.360022467585,0.376993929492,0.371914902086,0.367460487748,0.376407828656,0.361360333697,0.354324907357,0.356814775735,0.325107220216,0.311270340378,0.30617951683,0.29550272006,0.273800653731,0.268058244246,0.259952476232,0.233636851174,0.237570167624,0.227713542362,0.232216066452,0.222475232218,0.204886534389,0.218714456099,0.208566665904,0.203964384235,0.210294314463,0.210270634505,0.190368975501,0.21663628334,0.217572543225,0.224984350252,0.223145860655,0.225769643335,0.226093688547,0.246507944711,0.252900792929,0.269752307006,0.268490656328,0.261449468677,0.279001354512,0.291793102322,0.303352725233,0.311035546803,0.305158352777,0.344536367544,0.338825072259,0.348753305584,0.342217051925,0.363214468698,0.361520160964,0.37437372542,0.38266671242,0.362170829786,0.387382911472,0.381651280729,2.0930500765,0.128611581906
HS0049,0.324113137937,0.322635300232,0.331334523711,0.335907145201,0.34391931732,0.358803554739,0.347850393861,0.358546027644,0.378604598192,0.379388997693,0.368571313376,0.379014126817,0.377276034923,0.387218085218,0.385958251055,0.381762612844,0.360089215176,0.363282823794,0.355926950265,0.327473160671,0.334130340315,0.309690204663,0.30919818373,0.301845013052,0.292248884027,0.292552544555,0.272564077106,0.263758248597,0.243382226901,0.244261680547,0.239584651242,0.230902843784,0.228550269284,0.229942374285,0.205982638005,0.217072808914,0.210967673878,0.220168734988,0.213873802636,0.212061277181,0.218969179141,0.22431566052,0.237391318308,0.238075076709,0.243224803985,0.218850432938,0.258015265642,0.24827812509,0.269265135294,0.293036104213,0.279618057358,0.298825070458,0.331932520437,0.330202398129,0.338186356996,0.343815089415,0.361947486814,0.37346645646,0.376240720813,0.375429164635,0.368483617586,0.377925684413,0.385169388927,0.37949150324,2.47282723974,0.585485041762
HS0050,0.2903124284,0.325471723733,0.327467411895,0.33657670843,0.344112306737,0.349088287882,0.373076136254,0.354468949539,0.381264581193,0.366704188365,0.376238223642,0.365472930853,0.374976794766,0.381884290354,0.371638505693,0.361778037275,0.339668649794,0.339879535715,0.318838191392,0.318285475429,0.3041618418,0.284206987905,0.268168900157,0.263062448597,0.26347778629,0.239739246787,0.241599257578,0.21025659785,0.227082653356,0.220886285031,0.216821470965,0.191265804964,0.213901965671,0.198884028025,0.201783948601,0.21625788777,0.20626577856,0.212599660321,0.213607349571,0.228159769087,0.235928826098,0.232854984321,0.244723576043,0.26244339898,0.262824662313,0.267322989546,0.28823578626,0.289942760367,0.305677232975,0.324605042222,0.330251846668,0.341316549441,0.342607715475,0.349568355836,0.352339339352,0.357882900433,0.363828120773,0.363672974552,0.367098899469,0.366875493078,0.391184308671,0.375538734717,0.377593528364,0.376463573651,2.1105556004,-0.697628135987
HS0051,0.303272913021,0.310636070045,0.321187553116,0.357204289851,0.348586663809,0.357401041931,0.37271309791,0.369204580529,0.366942184423,0.364897619357,0.371697475623,0.381379796497,0.364531949796,0.375428415373,0.355072101217,0.352257429393,0.364965655036,0.334979770489,0.325870395606,0.307722761795,0.289133126663,0.254795692227,0.256929447144,0.249093094681,0.224401589124,0.229523971595,0.215041760341,0.200568775089,0.192750512451,0.187468123357,0.196652849236,0.200371179006,0.196055788937,0.213389188061,0.204731768948,0.218336216966,0.208583737104,0.217237370599,0.223804490962,0.232983701221,0.223439403141,0.236522285288,0.253251964851,0.255205521426,0.269939784217,0.266171429246,0.293875614798,0.292065532746,0.314070172877,0.333585598655,0.33057702843,0.3490318577,0.350459658381,0.354055197625,0.351319181,0.362845109298,0.375779374719,0.379453864557,0.373333310625,0.376979016754,0.385389065543,0.358181522536,0.378494330333,0.372552334954,1.97819906243,-0.908258427576
HS0052,0.305900467388,0.314189575044,0.335219519325,0.323123518651,0.349286119191,0.357216519328,0.372358854736,0.363016376168,0.370133451901,0.386365491487,0.3950305785,0.386275344704,0.395392876304,0.375986200489,0.367867607469,0.388027187165,0.39382476529,0.376247229372,0.377546242809,0.375978122726,0.379021830133,0.38506108246,0.373250210049,0.378246443518,0.375143906467,0.338569290293,0.352683173376,0.333287903706,0.323469931209,0.298164523247,0.285392244251,0.271944840246,0.273661643844,0.250368931626,0.251580674495,0.239446478619,0.22699161486,0.230060705865,0.219398539132,0.218362360372,0.220273346004,0.230459122615,0.221241188111,0.241113145011,0.237442845875,0.210922070568,0.231768192405,0.247262386506,0.245716476613,0.258150710722,0.264768493881,0.283312367441,0.296268839818,0.298195625293,0.307810144402,0.323536350065,0.344331422031,0.358598652935,0.372485126694,0.349927662792,0.378957981158,0.38035288895,0.374087511842,0.382936672185,3.06264337842,1.55736904431
HS0053,0.303573676639,0.305098891652,0.321805293614,0.345236146565,0.33955686977,0.362316011428,0.350453048482,0.37176620856,0.373930414309,0.381837591149,0.388608854617,0.382114176334,0.390501174328,0.390386381784,0.377558738014,0.380048876225,0.375407413339,0.364644671476,0.356642280011,0.355109069037,0.344305980946,0.333927369615,0.320211590741,0.322653456911,0.321534555852,0.288193645228,0.273298915054,0.276517788971,0.264594101344,0.273421717757,0.246278751344,0.240258982962,0.237947614098,0.241308786825,0.221740345267,0.22351211401,0.218831220245,0.220016579835,0.226675592968,0.221321495201,0.241723943999,0.240400380239,0.247779075379,0.271509316125,0.273420804833,0.287775026155,0.28936212277,0.301872684567,0.298292267866,0.321720356512,0.340624658987,0.351658586101,0.340804006648,0.355162301139,0.360668980883,0.372046292502,0.360381598312,0.360423785801,0.378836686841,0.38590683629,0.3769189741,0.360725599754,0.376366399165,0.384896901881,2.50489966707,-0.986994693165
HS0054,0.308364566223,0.326539229315,0.318262581669,0.329613225641,0.357895512684,0.34336993303,0.363353080873,0.364998791819,0.378495053313,0.381327810685,0.371049127735,0.371532643928,0.374509692805,0.387730690081,0.379282437964,0.377239279057,0.36795648291,0.351378980573,0.362429703613,0.340182176966,0.334446669279,0.318421711433,0.306856390813,0.300153759419,0.30128005949,0.285198970153,0.282763755805,0.270791954786,0.26507850056,0.244542533041,0.234182737559,0.23412791166,0.253162511832,0.228321327325,0.233515142707,0.212319493489,0.21932610491,0.214701603053,0.227209831545,0.229502499752,0.225623967484,0.212305259362,0.219747542923,0.225496284839,0.232605860627,0.238904359472,0.251519032199,0.243060079153,0.27575279227,0.271008855263,0.274540274237,0.278788727164,0.295968197354,0.313088400008,0.331512961014,0.335920787217,0.338554222435,0.363143546381,0.368164316932,0.365996606233,0.363483664959,0.40450988681,0.383149023208,0.379256306333,2.40638608821,1.0409610298
HS0055,0.303918336282,0.327776342253,0.339256124491,0.347551876214,0.348299810242,0.357038225508,0.35159828321,0.367027533349,0.368186852147,0.382312374719,0.393822919908,0.389959238985,0.374782087676,0.386252894097,0.383130056285,0.380353680003,0.37522548007,0.362925989302,0.37541358176,0.378377076905,0.362819121847,0.359143534745,0.349511450151,0.344456371875,0.350580155222,0.328494977801,0.335782109432,0.301146145166,0.301408817596,0.279055916267,0.278157856127,0.251864376161,0.245130959674,0.235121089481,0.240387864946,0.22890169646,0.228773536091,0.217257350874,0.234202754172,0.225899664123,0.219489240944,0.238940295759,0.255466162945,0.24511610401,0.259884344558,0.260188950784,0.278354716538,0.290257983913,0.291855250276,0.298747453479,0.316064466912,0.328642026091,0.330637619127,0.324407409862,0.347695985608,0.363556002873,0.356802027748,0.370955918673,0.381242935166,0.365875762466,0.370174830596,0.377780489506,0.381457941032,0.382703151876,2.76955729893,-0.426472966423
HS0056,0.304656841648,0.313390664108,0.323380629642,0.333347188748,0.343512041234,0.352463234403,0.35550593448,0.358577161611,0.364482314799,0.372407346049,0.375549548368,0.391308504651,0.366092334324,0.387236670057,0.360545644223,0.379505774812,0.358990013343,0.346243797516,0.338013872805,0.327583107758,0.330037116794,0.30974108756,0.312646142359,0.295881011554,0.288540740128,0.283191322918,0.275826246043,0.263885738854,0.243749885478,0.232531317953,0.224333731418,0.230593741764,0.219632289758,0.217548710709,0.224046586725,0.203737351806,0.230077499601,0.213187368266,0.221480696475,0.213201870816,0.231145303893,0.231027338108,0.2272473353,0.234310890807,0.245772716247,0.236505486418,0.252964991936,0.267640028983,0.267015207585,0.278092585986,0.284296390654,0.306199690401,0.318936147815,0.33125410074,0.329941723471,0.362603275534,0.354126307779,0.360772624754,0.369960592328,0.377314522405,0.374795367551,0.382681765057,0.380368812069,0.382615508767,2.25905561608,0.515901561674
HS0057,0.316706468553,0.326154679666,0.33760117646,0.340184779977,0.338546270726,0.359566925411,0.373286061115,0.344830573414,0.362500538784,0.361388180854,0.373573246354,0.373317585453,0.36682852341,0.376736845233,0.375612322629,0.363299500173,0.357637569158,0.360276539742,0.349480359863,0.326932212334,0.304836792328,0.310501347876,0.286942367129,0.29780790001,0.277429456884,0.265528596658,0.256773690705,0.248356925848,0.235774184836,0.228951220702,0.223635446068,0.21583538107,0.218559145013,0.223378602035,0.21897011708,0.217288365523,0.21964625812,0.215779853877,0.223006083777,0.221932241258,0.228049658129,0.236534812038,0.235586688993,0.256195240311,0.266686620628,0.273622535499,0.291619462099,0.29118685665,0.31205457228,0.309163063574,0.330945238817,0.34382323278,0.332912366999,0.361846435605,0.352783816755,0.355532990203,0.355819805348,0.371895879456,0.374937694456,0.385605469116,0.379706493937,0.385542807388,0.374052038336,0.381336551232,2.27852814411,-0.725362359989
HS0058,0.302463767893,0.324250625901,0.346258286708,0.352742192983,0.359151780952,0.343757948005,0.355590856391,0.367728103427,0.376612527852,0.379781557804,0.375135969448,0.369997709491,0.364888792894,0.361012197409,0.373200503605,0.352073719411,0.365988648265,0.353512882576,0.343437753277,0.33902153309,0.332666036365,0.312793733502,0.304829470723,0.300341203164,0.279232290278,0.282262783758,0.27795264606,0.266693059804,0.249230644394,0.226221804703,0.235089720209,0.23048998698,0.23986249619,0.234127089943,0.21882089383,0.220435584497,0.217274144391,0.218709684026,0.212549714795,0.245579207932,0.238288197104,0.229599364757,0.247144206453,0.273377431766,0.286430331096,0.291667066276,0.302082009734,0.304084708383,0.332104128911,0.348388402134,0.350364132432,0.363165285151,0.366127249774,0.383142271507,0.349754284901,0.381079321976,0.357141800252,0.388438477479,0.376782691999,0.372620983316,0.37906421649,0.375500241144,0.383385749266,0.368709604371,2.31923674335,-1.47182793504
HS0059,0.319453300308,0.321305825815,0.328367254592,0.338422058743,0.333776352057,0.343079978863,0.372241139431,0.357546719421,0.384373990115,0.38067371219,0.37141859655,0.38543635156,0.378945574297,0.40276459345,0.372755723368,0.379489527653,0.364251369038,0.372587533706,0.354441497608,0.338367028524,0.341872049722,0.32848246898,0.31843677068,0.314275677258,0.296921121742,0.292899449117,0.291411343121,0.268099529933,0.263591994872,0.264301526081,0.244784071857,0.235983788137,0.240261822031,0.22018741483,0.219750821004,0.223655310782,0.217723150291,0.229918287182,0.217301014502,0.21452548627,0.230264074482,0.226959143648,0.252497001544,0.253834285791,0.267097375603,0.26952993279,0.289627878659,0.314305595732,0.307307330446,0.326335322011,0.326936002051,0.338403621996,0.336358719247,0.34743843363,0.378178506289,0.358645673861,0.358894608722,0.38002748947,0.349219429686,0.369676244454,0.382875280789,0.376198396137,0.382446703162,0.380262395525,2.48986494606,-0.740328419306
HS0060,0.311297977452,0.314054586025,0.319536975842,0.344951437089,0.358801359336,0.360382727345,0.363252460938,0.369123086061,0.389872422521,0.37596982286,0.385570395848,0.375896503456,0.383068915105,0.378027646147,0.376047921594,0.387394347565,0.376973443608,0.35811817811,0.368241634858,0.37986229616,0.353569026772,0.347222718131,0.340300697659,0.345381150294,0.323008544426,0.308004560275,0.300966046814,0.30001377276,0.278825277743,0.271567783248,0.250442344704,0.258951223605,0.243371177781,0.252701910494,0.222937686763,0.214280760749,0.224128207491,0.220832732178,0.218051944776,0.225664212818,0.216473623251,0.218074421684,0.216589086923,0.220553003875,0.219619340738,0.231025907914,0.218485915026,0.216019266877,0.23237165017,0.238517679028,0.244769938884,0.281786248481,0.282834081949,0.301298951348,0.299057657216,0.328602076302,0.369304079068,0.347159307801,0.360681670043,0.371383451147,0.367404613078,0.37831902487,0.387876279337,0.377506679336,2.8783477738,1.82458139579
HS0061,0.316940919009,0.328974482482,0.328371025134,0.352511892525,0.345860274281,0.360207151542,0.351790671725,0.355988661681,0.374951897409,0.363061963895,0.371071192858,0.369101455751,0.380700112697,0.362297309636,0.352867434385,0.345689135634,0.351385861116,0.328500509658,0.316282887131,0.30783311847,0.287851028999,0.283215267141,0.257507559997,0.251356556507,0.224565366423,0.227745206807,0.221737884706,0.18830780167,0.202371851861,0.200894802876,0.1981521946,0.194880084448,0.203604098379,0.202102015325,0.20849219702,0.209047858902,0.214010324609,0.213236803155,0.202518737888,0.220584196782,0.225576697759,0.230466752814,0.230205581483,0.234937506369,0.248279838067,0.258084238815,0.277137597514,0.273805130164,0.298255193609,0.290818941304,0.31939792545,0.323069329595,0.332289817457,0.32758798254,0.330508874145,0.358357784702,0.371868888019,0.359997257411,0.360243151361,0.374375874017,0.388027060963,0.370607390394,0.368961050774,0.390318866789,1.96784122682,0.0339244046421
HS0062,0.314442108915,0.331173121137,0.332024482677,0.326168132405,0.361870140604,0.358429481426,0.377775107676,0.359294534764,0.363333095635,0.376110661406,0.362638692034,0.386297926204,0.36891452261,0.378647551802,0.371623489765,0.368873032113,0.359021400374,0.352244716793,0.336866787277,0.317798246145,0.313524560851,0.306884415282,0.280172445048,0.287722093757,0.25394362872,0.256007138665,0.234666585068,0.240015517136,0.22540266107,0.230588143059,0.217140235886,0.207385745178,0.218737152815,0.22583004275,0.220107587964,0.20717422542,0.214017257233,0.21064940547,0.216036706793,0.227501730603,0.225870002881,0.233388904154,0.250458262216,0.250570397333,0.250279478318,0.262074651477,0.274799469541,0.292534023311,0.312079539257,0.31016310473,0.309800038373,0.333812632274,0.3317367786,0.354013941536,0.356543778083,0.33555270997,0.374482030226,0.359032784636,0.373518052227,0.360820494569,0.383026948372,0.38208063908,0.386921812144,0.374613703676,2.27649783224,-0.389782981488
HS0063,0.316055934804,0.310449412332,0.317340291734,0.332203994142,0.350651824338,0.3506964181,0.363387340819,0.366357303129,0.370180769111,0.383329447714,0.376802003895,0.377670522515,0.375786076711,0.392341781424,0.388917767683,0.386721805885,0.401706201676,0.387118815033,0.396639335456,0.375970405135,0.412734411951,0.38339380854,0.400092668704,0.377023644941,0.381967600277,0.364154089886,0.368840935163,0.350557908701,0.32027253029,0.32735151854,0.290764040498,0.288665902992,0.266220200795,0.279422128592,0.245609383775,0.244914656049,0.220171185516,0.21907141857,0.219496307232,0.234914143813,0.226021972417,0.218469055415,0.219825852712,0.230992947513,0.241228289078,0.232591860677,0.247188802049,0.235592777203,0.246457456635,0.254643231295,0.259870880625,0.282062941293,0.284931921423,0.305060162388,0.315315128724,0.332107514302,0.330530766414,0.346731333672,0.367727858593,0.372093343703,0.360316920712,0.364578723309,0.3784213493,0.375039917422,3.2496922619,1.38340848509
HS0064,0.315749037708,0.330887536805,0.341742764885,0.339608435937,0.353595844474,0.366229105571,0.374932183848,0.371709354414,0.37183505106,0.367537547659,0.39146138491,0.383443234347,0.389524026929,0.387124914432,0.388805011129,0.389812885149,0.376776404064,0.371598412039,0.378204696224,0.381749617001,0.373817247911,0.378894504232,0.360293017898,0.366593855077,0.349174730338,0.340503346186,0.322040080814,0.302872676028,0.299464854837,0.273606402384,0.290536686842,0.257882530478,0.250199163539,0.238883300591,0.239802064186,0.211999166811,0.243453080543,0.231166726083,0.221875991521,0.216211370473,0.22761941949,0.24573026365,0.237708540042,0.236721652677,0.244704471383,0.275619099068,0.258724154276,0.264761784693,0.271785738211,0.279251380073,0.279914985206,0.299858585576,0.307315591195,0.320199207411,0.326317556039,0.344056677708,0.359515475812,0.36669377842,0.374122004048,0.365877954194,0.367150968772,0.366930403354,0.375326622515,0.375095039751,2.79419144518,0.338900209928
HS0065,0.30716442467,0.315351702839,0.338175541358,0.337408082459,0.349726288373,0.351236513835,0.375559897103,0.382446638179,0.379469667177,0.361639075426,0.389534392724,0.376081843877,0.386525422001,0.387782407626,0.384707575276,0.388108016773,0.383438313525,0.374562502202,0.369475372428,0.368978369512,0.380122263521,0.354543856944,0.366642678485,0.352486070827,0.34916056099,0.347928211417,0.331677099543,0.312040403973,0.306950196421,0.294844814982,0.279620040095,0.2782725954,0.267674603719,0.252203430752,0.243508647498,0.23981690384,0.217203183702,0.232536298987,0.216734008036,0.235493413651,0.231578129227,0.243111571058,0.236738873687,0.241420258531,0.275617020305,0.26841792291,0.287117481828,0.305369623283,0.30467946116,0.314740589639,0.318252609449,0.337299482942,0.335016481025,0.351828954692,0.346694803165,0.348286534944,0.37362095431,0.379592159752,0.369139223707,0.365567044409,0.367583433889,0.376619904801,0.369698327508,0.372225036795,2.88336625846,-0.61901391013
HS0066,0.313549376309,0.320386128934,0.316789100371,0.346567853028,0.349439758462,0.340012499242,0.355197594598,0.361926073957,0.352699191523,0.383783095435,0.373063443817,0.361803859699,0.387424942505,0.368574360544,0.361117087401,0.349629982255,0.339927366053,0.341929121616,0.31869707443,0.305019278127,0.264715133333,0.259747570663,0.246596126121,0.226439630019,0.222313716211,0.213847320862,0.197424920772,0.178756532225,0.174234866913,0.181995320913,0.180604579753,0.18328372721,0.201889004211,0.194098886404,0.190929461852,0.207638972716,0.212214411257,0.203753835822,0.204256475762,0.216621591109,0.227288942534,0.23320339974,0.226445057796,0.230492865736,0.243144079264,0.218918344545,0.250974173523,0.264921241085,0.248973379771,0.267455129983,0.283832344343,0.283676414308,0.30466037775,0.315340116591,0.318227848504,0.339021659711,0.368721138967,0.359153108617,0.363722283627,0.373205663969,0.380377839517,0.370005411041,0.379874677726,0.371861973589,1.7073367176,0.912593285711
HS0067,0.298444108157,0.31066148003,0.328716014711,0.343706625401,0.346887285843,0.350058307016,0.350017449201,0.381216360232,0.384184278715,0.357554123777,0.381214985426,0.39073536341,0.379685364182,0.403390326574,0.404916759983,0.390867822776,0.370105727707,0.362812618181,0.374990281716,0.385969258567,0.369308683049,0.373909588194,0.361287871797,0.362520252667,0.352082200639,0.339651594813,0.31742851145,0.312612191046,0.30840417996,0.296288879549,0.270056311937,0.265912823891,0.25190184721,0.250460631923,0.225585341654,0.232776268156,0.220029465764,0.241933535057,0.226696759871,0.232526141939,0.226314848096,0.243689731307,0.245905510136,0.234898288031,0.261220912579,0.277404828024,0.284789769811,0.298486068489,0.311475058462,0.30665682052,0.299724622057,0.336452608897,0.338300841548,0.351027027517,0.350832695982,0.35310254637,0.359709000152,0.374458613754,0.3536100652,0.365123510526,0.382741767437,0.392011451679,0.376175630414,0.369570329328,2.88265248552,-0.281885506369
HS0068,0.305523825369,0.322930324842,0.320025422814,0.317250738975,0.332155156835,0.350268302949,0.372516574483,0.367951902588,0.381928038059,0.379711486211,0.400185075794,0.368136507715,0.38847441257,0.38162443122,0.381203915144,0.374796565833,0.365533873415,0.372456784157,0.350974028994,0.353522272687,0.349867964219,0.346207518158,0.319697022367,0.321914443002,0.31877291823,0.303685650588,0.299176286451,0.281085837637,0.269869299472,0.272080499799,0.255041973825,0.244174513237,0.246638860006,0.238429871012,0.224894680623,0.22892753386,0.228381079663,0.21703394283,0.214833928924,0.212622849712,0.234470919427,0.220647159704,0.234645900099,0.235126347892,0.238676994268,0.245759190485,0.263202361546,0.270795680524,0.27475493645,0.287298734214,0.295709361953,0.305216550005,0.320237181786,0.324531673969,0.341970220035,0.347770030556,0.374497142609,0.363766034947,0.35729292612,0.380379264006,0.379664783361,0.373718834748,0.375593077658,0.382649828288,2.62554032927,0.330290117099
HS0069,0.314051889547,0.32866795007,0.327496571056,0.351889827206,0.343368896623,0.340738479475,0.354244779522,0.382075013792,0.370002589241,0.382582966267,0.364813032122,0.395201656531,0.392513832995,0.374139542161,0.355255942918,0.352069068466,0.346944799829,0.346814301636,0.335835131986,0.335122686248,0.318646148869,0.300665568347,0.294002506064,0.264818336141,0.269410234144,0.247833719888,0.257985054554,0.240576339677,0.214979032656,0.217888016677,0.225901390402,0.224572193417,0.222047324619,0.20920886924,0.235169241259,0.218638837513,0.246701898114,0.220054521435,0.21758155618,0.243068901971,0.242683285633,0.252536756725,0.269397335051,0.262804595201,0.28516174449,0.304931743433,0.31714156296,0.332388479225,0.346816355712,0.360363611457,0.360925178771,0.357725456162,0.374045534489,0.366316625335,0.376047425852,0.375710625428,0.382182309268,0.375551923835,0.378107170657,0.373542042252,0.362129879769,0.371059041229,0.384506975416,0.379522966476,2.25974953654,-1.929441105
HS0070,0.30212029489,0.31696115879,0.32422791086,0.33745202395,0.345961236523,0.355989919628,0.362424046247,0.357956109999,0.376926653868,0.382880178691,0.392022439239,0.37644876137,0.391319215389,0.376472542226,0.383695630816,0.373107899127,0.373108088975,0.379002192535,0.370670361146,0.357706747028,0.351046459385,0.339984380789,0.324786226312,0.331266765437,0.304677246708,0.301121831965,0.283839317988,0.28688527391,0.27885517155,0.269678482747,0.243824832066,0.247112537658,0.240461257398,0.231075263163,0.228625036522,0.225974416579,0.223623040541,0.209440995493,0.22195210955,0.246665813818,0.235850366405,0.232109358252,0.251627516121,0.260923203454,0.262173116914,0.29249705209,0.301485891493,0.308900080326,0.318384712988,0.320887119944,0.341009273578,0.335691544628,0.344110171455,0.355140386448,0.378211678934,0.371992424477,0.369099725413,0.372859222726,0.363706407447,0.392850898821,0.377730431364,0.392099683643,0.382497398683,0.387273488999,2.4461690287,-0.85810458191
HS0071,0.302682138379,0.322764280324,0.321127176149,0.341909582313,0.334553778394,0.349352035528,0.353595646382,0.360346973173,0.370974427379,0.373344859826,0.365179966746,0.377399577211,0.375582599704,0.370458433041,0.385072319508,0.355302770412,0.364376373081,0.340288716692,0.333830083759,0.313267595222,0.300835492898,0.278311035318,0.251705871385,0.259460064637,0.235130362321,0.226638953173,0.22419366367,0.214726227698,0.214807689522,0.2025901757,0.206772186927,0.202502924119,0.207727537199,0.200497387656,0.190569958097,0.218637865981,0.202490168649,0.208755774797,0.21773675473,0.223280343863,0.219517920784,0.244436395231,0.254616488673,0.243888604554,0.266983811829,0.271698875723,0.284037632937,0.309227733598,0.316032571187,0.31520516837,0.323781560279,0.347524083729,0.353962386077,0.352718604153,0.357211176436,0.34879579345,0.377253054097,0.373443226409,0.369619316472,0.381452173598,0.388943652327,0.378074515083,0.386369181019,0.375736678105,2.08868272752,-0.785362390033
HS0072,0.318710571677,0.322267800691,0.331835661575,0.339592975586,0.347893016746,0.343607405146,0.370765890284,0.364816021357,0.377539318314,0.383961679713,0.387433338163,0.373159739386,0.373488566625,0.370366780894,0.374332633066,0.374047702136,0.35834022589,0.353825740535,0.340685820557,0.352658798811,0.343383877997,0.311791252203,0.307397214373,0.296917915683,0.295412848928,0.275566970994,0.273765431544,0.258439144233,0.260912147153,0.24391052159,0.234029748496,0.230058805985,0.237634080684,0.221496019066,0.216434121759,0.223951603271,0.222362755665,0.214542714233,0.21460891112,0.219197185147,0.228938620149,0.208785470782,0.226500265523,0.232356883552,0.236029120323,0.252477777801,0.24503097355,0.250875911833,0.257015433761,0.283935684288,0.289917193012,0.292041619021,0.309808470646,0.329554026243,0.329651870898,0.348641271195,0.344530936857,0.349811892329,0.356496809552,0.372904269201,0.392377981245,0.374733808738,0.386193089933,0.387367812125,2.10829464661,0.709009243539
HS0073,0.306434470241,0.329130524277,0.342446946115,0.347414485199,0.345830024901,0.358500756552,0.357690096694,0.368821516535,0.357257099343,0.381307247929,0.371714003617,0.37501232625,0.378955896144,0.372281910134,0.363245696519,0.37721978091,0.341424239074,0.355886032678,0.337653916645,0.329765486871,0.308148810896,0.296094222376,0.302886544582,0.299056412025,0.261124598314,0.257038885411,0.262669825944,0.231653015504,0.249289199975,0.238001464181,0.209175080274,0.218385872596,0.217361681094,0.218503886578,0.207705896076,0.206278370564,0.208470720013,0.223858923397,0.229800543871,0.208465912472,0.213081051114,0.210994595814,0.230393150517,0.240360240763,0.230211343055,0.228278460757,0.233149096012,0.241265012647,0.246490155535,0.251862522967,0.27758732173,0.269281258872,0.303213540401,0.30208033147,0.322844794057,0.335478614921,0.33877981472,0.348570543855,0.367774067211,0.380809129052,0.363197588711,0.371518766988,0.384369270651,0.391187827283,2.25600917541,1.37679867106
HS0074,0.297871785871,0.31836997955,0.326792979721,0.337844767224,0.355091687837,0.353068627286,0.369199794049,0.380171975344,0.379293231637,0.377167666196,0.392778521313,0.372233571817,0.380509632204,0.369740059091,0.377634376089,0.364505668126,0.36494578983,0.352540599033,0.323883039729,0.327423360179,0.298392856616,0.308367289622,0.292259178006,0.279178654099,0.256773042374,0.243518789087,0.257212753281,0.239375749333,0.230473246451,0.227244814827,0.2276844017,0.222812747043,0.21782788028,0.217310034343,0.21795769826,0.220477952759,0.213739927091,0.22532569285,0.217361414348,0.214975423974,0.214385105994,0.213868917675,0.213854371386,0.234800352216,0.212714667487,0.216034201133,0.233936705033,0.226371722602,0.23555416377,0.250097039146,0.238333851659,0.266691560007,0.260961931117,0.311879545508,0.318584598317,0.32915220499,0.347154993891,0.354886512855,0.3370481727,0.376065426433,0.3813292975,0.375346053424,0.379276063859,0.379799992219,2.32153311285,1.76163981129
HS0075,0.323852801321,0.32942272911,0.332240067103,0.338730521735,0.353584711358,0.351900381516,0.374956736343,0.370768244897,0.369204515805,0.360125505306,0.37794310579,0.376278225112,0.383200621232,0.384687563049,0.377766844881,0.371557596671,0.371951685012,0.354930821755,0.33219028569,0.331658929316,0.313546756625,0.319621396045,0.302720557007,0.288413254777,0.272418290477,0.279136090634,0.243856142329,0.2544190026,0.257781307542,0.23236457234,0.237956141552,0.235018456768,0.210669461244,0.208477365128,0.230134749598,0.198518828079,0.217441124917,0.220972562182,0.21515045596,0.230247412216,0.223543696663,0.218726074986,0.24403077669,0.248466483806,0.240679278936,0.262652756852,0.272697211815,0.288726840751,0.286730405667,0.312120352739,0.315062682688,0.324100213335,0.348105698031,0.345284764776,0.344301637902,0.352563957881,0.358228443122,0.359474164622,0.358909633398,0.373065820451,0.377693064052,0.386348226023,0.377976930807,0.377968282031,2.37120923379,-0.14773264065
HS0076,0.324083721881,0.318003260346,0.326912915217,0.338902385668,0.354777863928,0.342667249751,0.362990093032,0.360911428212,0.363810897301,0.382328156207,0.378200670914,0.372606503045,0.366841378023,0.364632844699,0.378370478109,0.362259610285,0.36960904998,0.347665326343,0.347822843606,0.335194252067,0.336152905174,0.324401127306,0.296870641646,0.295309669141,0.287493661723,0.27961117779,0.271655101323,0.253587539304,0.244536966773,0.240541837444,0.231390855016,0.244688571268,0.228545705696,0.224581272196,0.211408165894,0.222958200996,0.218439818302,0.220626190962,0.225078692898,0.226516116642,0.229154802047,0.250189902717,0.253698232461,0.257514110866,0.281541002734,0.287321772993,0.301681810915,0.323995353566,0.324286115217,0.31666763934,0.341452909187,0.344807583077,0.347358725692,0.363868965613,0.363113296183,0.372270984837,0.374048604445,0.36374994066,0.376835163775,0.37527500003,0.379010498446,0.374018531609,0.380164239981,0.379109111224,2.24344277575,-1.34430841552
HS0077,0.316539074649,0.322649299931,0.331452422471,0.344689986981,0.337167055228,0.353795564271,0.353346090511,0.374005568325,0.366226113617,0.370562364493,0.357009723727,0.373823906249,0.367823304844,0.387817128783,0.367532192655,0.357376478657,0.35151469969,0.34671514767,0.313756958626,0.298757709005,0.293139829726,0.280263273882,0.245347844416,0.236253429661,0.22248115503,0.21589389541,0.208314989877,0.193667398369,0.197062345141,0.192627580715,0.191075939504,0.195130939262,0.205591253785,0.184386842098,0.218625677406,0.201765689351,0.217330761837,0.213899404518,0.217729039699,0.219742203499,0.217697022086,0.244032138918,0.229224166871,0.250049825076,0.265682985198,0.263462428299,0.258470953373,0.288854228009,0.286798434316,0.302340001573,0.294950424876,0.313611433328,0.347538181444,0.329928086965,0.345702183383,0.351367016759,0.353442421664,0.369954750505,0.368921060822,0.371376771599,0.370009362504,0.367287753949,0.384343683241,0.371093583929,1.74476624382,-0.0752992149999
HS0078,0.296853080734,0.315003261883,0.327317119949,0.338159002276,0.34732286951,0.366980710999,0.361374831901,0.360254774731,0.35775646921,0.385379257199,0.374701660148,0.373348662069,0.383298025201,0.372239000158,0.388548410809,0.375778338513,0.383507180875,0.379358210893,0.360578681579,0.369314545212,0.367765280831,0.35215718606,0.345647459113,0.347170701327,0.334377042407,0.31974075329,0.305663742019,0.305409142895,0.274099005589,0.28375905349,0.270517007571,0.257489010812,0.254145364607,0.245987430713,0.237711485849,0.226111939417,0.239403699322,0.215988073044,0.21815330316,0.227271428104,0.232111338425,0.222033145865,0.239154093106,0.243992347082,0.247685663255,0.256157009444,0.261523237583,0.277485889876,0.284823203338,0.292489559041,0.32028562345,0.314197459069,0.329099097841,0.336546502647,0.354776527,0.350781222267,0.363652171877,0.374759366598,0.370051036517,0.376069642646,0.376208691228,0.395171464415,0.386129310845,0.377882700411,2.65440054878,0.155948795327
HS0079,0.2996718147,0.330350132597,0.339890063707,0.346954388889,0.352595353177,0.34824247508,0.35624966219,0.371990957012,0.368724990157,0.375358404639,0.383524152962,0.376403220949,0.393618284056,0.365982558069,0.384395545686,0.393724886815,0.389833468031,0.387815030183,0.354438779498,0.384468722583,0.369200946419,0.358311541851,0.370527988371,0.359275103497,0.335968753023,0.334211386398,0.315345660114,0.303636210716,0.302545276097,0.291828234062,0.286427908184,0.264612445878,0.254218330324,0.251746081741,0.238006220646,0.230288479175,0.210850693776,0.231608314094,0.224951479066,0.231336204329,0.23593161384,0.244809819854,0.271342398113,0.274904796969,0.281644003266,0.306637183286,0.318715161672,0.327823870045,0.344838563263,0.349891762629,0.359096209534,0.373017888005,0.37145461113,0.383725266327,0.369393439921,0.380508722487,0.367296099251,0.377027412854,0.378510582081,0.379176781122,0.376402765093,0.387696284918,0.381567515962,0.388914122888,2.80074384201,-1.83027682115
HS0080,0.323001489419,0.303191906842,0.334094840265,0.341390377201,0.350915343288,0.343393945644,0.374762277029,0.355086530907,0.377840494645,0.378545173433,0.376090239041,0.372321211551,0.391923043172,0.403335071381,0.392973359138,0.401159790534,0.389705755419,0.379524817239,0.357672813842,0.389124119652,0.362452977178,0.371708539609,0.360674635321,0.349654023525,0.343191718708,0.338628389809,0.321436897803,0.319127971732,0.295837780102,0.291694340552,0.274682665953,0.266459854487,0.268572940154,0.239159337261,0.228596814967,0.219202229373,0.229437952244,0.222888845607,0.22412964273,0.221985909011,0.235390375767,0.22845032549,0.233731706434,0.241798981175,0.257297740719,0.255984867531,0.27089627056,0.279195978757,0.295401603914,0.30828670389,0.314622217154,0.319112161045,0.329254182136,0.34556253797,0.331690806312,0.360727314743,0.352260311837,0.369630306852,0.365541961553,0.359655524446,0.375128484333,0.395590327647,0.360422826725,0.375248867375,2.74183505948,-0.0669800622966
HS0081,0.319422015448,0.318376328759,0.330393754146,0.337990501702,0.346184408408,0.344536521852,0.350683728942,0.371771430386,0.363392393913,0.361819436247,0.384192124924,0.391065078697,0.376161762449,0.391251546762,0.378356318437,0.375076923223,0.385982268209,0.394141613861,0.37843671632,0.388626017006,0.377994374826,0.388758571647,0.367514165338,0.384584469709,0.375837680532,0.362858795431,0.339853707396,0.329749272467,0.330084100963,0.316934269456,0.295251201851,0.268223220292,0.277530540373,0.267945714908,0.245409090658,0.221340434629,0.230896221153,0.232384315886,0.215998996077,0.230058808362,0.237975245704,0.245956845538,0.24960352648,0.257702934778,0.273366390451,0.284587181628,0.294217045317,0.305713023075,0.326279641995,0.34297803649,0.352842273979,0.358040275082,0.351698421068,0.380202025965,0.375441686777,0.370391042184,0.374071928865,0.387447174184,0.369020945849,0.381169896631,0.371813643762,0.370358310386,0.380196696648,0.373882598029,3.06619550186,-1.31767456313
HS0082,0.311958499939,0.321690631853,0.327542173403,0.346728761857,0.345379182954,0.338812630928,0.351130138248,0.371885280787,0.363860802944,0.362447922453,0.378227540707,0.389100084929,0.383264009219,0.366190115087,0.374048327232,0.365067189683,0.355037144192,0.343347382971,0.341149769649,0.321767440283,0.295865437726,0.28756562192,0.272769515113,0.248366622472,0.254446040161,0.239965158918,0.220679245242,0.229302481583,0.217092734404,0.21173165394,0.210269236348,0.220393590648,0.203175099534,0.205464302405,0.204866551393,0.214545086206,0.204667971614,0.225322487065,0.21997363717,0.240561538057,0.232230328471,0.233006272768,0.236264743039,0.234450094002,0.262053351977,0.263867875396,0.288308353678,0.296920857841,0.308768274393,0.316381799688,0.332775065299,0.338718039207,0.342657903058,0.368086551698,0.357779697238,0.359865546718,0.372579725056,0.368119074228,0.367698384581,0.374563793979,0.38077344566,0.391978787246,0.384135318448,0.385117749771,1.91543431866,-0.761925698844
HS0083,0.303718700001,0.319503990878,0.320982404994,0.349036999925,0.346674371549,0.342819403276,0.351545773711,0.362231256119,0.384902944353,0.366261774677,0.378877695193,0.407558476289,0.385015051875,0.38291706621,0.372713392291,0.39216955698,0.392363598128,0.380761424699,0.371747353234,0.382875167299,0.385271506767,0.388467360795,0.378128503666,0.365738557659,0.358490134061,0.354678397516,0.344882066313,0.316904095922,0.316378290824,0.309910420596,0.282752230468,0.283590026244,0.264838116342,0.241549975597,0.239884837181,0.239251051269,0.222675460087,0.227096267023,0.227044210409,0.223938122511,0.224568278952,0.215292128086,0.245905862127,0.229037653457,0.248914833644,0.253254787938,0.252127620366,0.271835430174,0.281551940429,0.285377687489,0.310123420134,0.296588790629,0.333528963385,0.346451733004,0.356372248385,0.358209175794,0.367336483915,0.365010640401,0.364644632751,0.38398306769,0.36532161832,0.40103085874,0.383845294592,0.372933203837,2.93760707393,0.255937633009
HS0084,0.300547198206,0.312005049082,0.32936460498,0.332724234312,0.364842070585,0.35070491221,0.351188933379,0.372041445999,0.379127526584,0.380551268898,0.380256596503,0.384826345122,0.378012277235,0.380459763824,0.37985394648,0.368391572556,0.371978590598,0.357035954009,0.371207266724,0.34886818682,0.345665552675,0.355855545215,0.326779779774,0.330740259594,0.320815700577,0.302508905801,0.29231231869,0.29643526299,0.286920180446,0.255237717855,0.259302580183,0.255083885523,0.239096471157,0.215531016649,0.226367646126,0.220556964029,0.227290350821,0.231619149925,0.233111237972,0.224094227814,0.212725831723,0.219171599613,0.227573792067,0.251025302692,0.235947306755,0.246995784241,0.247253303575,0.257361385078,0.24243638261,0.28179908129,0.281016007365,0.287974661603,0.315896943872,0.302823219793,0.314311610705,0.341588547658,0.362472256862,0.352927951893,0.37159158478,0.37782709651,0.37155579559,0.369959862731,0.387526692612,0.366331434556,2.52572330096,0.889346175447
HS0085,0.30788776981,0.330846593894,0.331051262797,0.343135692883,0.350520100607,0.371447817563,0.367051935719,0.374055831099,0.379139005619,0.36443430517,0.367345398085,0.379108407851,0.400830853498,0.39233351204,0.377514149643,0.378221445885,0.371778960596,0.381779706549,0.372335549083,0.365492587125,0.366933219108,0.35322957646,0.343110509698,0.341629929481,0.33994974079,0.326647644945,0.317271286075,0.299697689415,0.294327457099,0.27108700735,0.256702240169,0.27018401867,0.253813889163,0.235499184875,0.238813125587,0.21615216519,0.217863368738,0.224367767341,0.22604079169,0.224914782256,0.229491392981,0.216821058235,0.227767696616,0.235495304105,0.228808572585,0.23332596013,0.257157081286,0.26774664799,0.258322673841,0.273662925471,0.285827901658,0.300539376985,0.296961917598,0.32039725382,0.332419824257,0.339600372111,0.352136750727,0.35587161275,0.369495049076,0.386426619056,0.385999303852,0.37527097616,0.379767472971,0.376092846375,2.77953791722,0.887359919345
HS0086,0.320341799912,0.322560899055,0.325380913584,0.3301375416,0.346773210662,0.365104266563,0.370395036967,0.372246389416,0.36174422154,0.380173812087,0.376190153431,0.385089831365,0.384987961002,0.385095410895,0.386258900377,0.38061248234,0.355389007667,0.361027082005,0.367164061262,0.356574878923,0.360638555545,0.348446769849,0.344472250971,0.326257332471,0.316736271324,0.306867594184,0.303454976385,0.282812306515,0.294788650672,0.26872564952,0.264047558587,0.261435526353,0.241517058104,0.24287962373,0.238226785406,0.235763032553,0.209759525258,0.220332462395,0.213988093973,0.239379145854,0.231222654531,0.240822095454,0.257016493633,0.245211063785,0.256539960356,0.264871458725,0.259686834836,0.270493560219,0.281601834319,0.303725835894,0.300042604876,0.311918668478,0.347910554561,0.336959581487,0.348684807653,0.36424229216,0.360740434342,0.374821622975,0.371067817,0.37185492862,0.378005513309,0.370837510354,0.389321425679,0.374103990496,2.64736803721,-0.130530974595
HS0087,0.311285768144,0.316878305497,0.330222534518,0.333861235889,0.345660148845,0.353794439172,0.352858448532,0.370731109028,0.377980852813,0.37550647786,0.384697047826,0.390527885668,0.373002670804,0.371080667475,0.386334217638,0.38092039342,0.376258057765,0.380808771317,0.359276820832,0.362491906389,0.348327700451,0.343748838517,0.333066998872,0.337496501318,0.306203843532,0.307364228413,0.313108888464,0.293549375415,0.268200032695,0.282293312267,0.252010895853,0.25503433951,0.229571687782,0.227976041869,0.238190894816,0.222930985297,0.222107437613,0.216381295847,0.231677002086,0.229775781228,0.243652601724,0.253046421654,0.250998383625,0.276224038624,0.279101031584,0.297418579529,0.305909140884,0.322656836814,0.344667814104,0.342100308994,0.338354639531,0.366624919254,0.375013376327,0.400326721073,0.379545794295,0.396916177736,0.38284266221,0.395746565052,0.38226278222,0.38254592047,0.378325182556,0.370458906335,0.393707621571,0.381917011692,2.7386227177,-1.87530463221
HS0088,0.310333795704,0.311001308847,0.345694597526,0.338206891365,0.341735757798,0.348701856504,0.363870685279,0.373498389901,0.354576399908,0.388160260068,0.389037440281,0.388041277477,0.387770117412,0.375527524513,0.372842579771,0.382943551267,0.351416148778,0.347436108073,0.349210104342,0.346914924725,0.335323143507,0.317411052154,0.322836390389,0.288820084078,0.293958234559,0.28244716724,0.279816766617,0.258558670506,0.248255399529,0.254981120319,0.24244612259,0.232314654082,0.228501186226,0.223665111558,0.230586201385,0.221689528917,0.225300199213,0.230406271605,0.218592941065,0.22229308669,0.240052332203,0.239360046079,0.251640597758,0.256907569986,0.273013156928,0.279841184969,0.291722682146,0.312540896614,0.309499873588,0.331644941147,0.33076065581,0.351878873398,0.343071790892,0.354160689056,0.366814984456,0.360641876906,0.385653424799,0.372077229619,0.38274983239,0.37301638921,0.38804436291,0.388446790573,0.377508178362,0.374627327047,2.38787514745,-1.0251722224
HS0089,0.30008039963,0.326696371784,0.323880944374,0.334018203876,0.353800077865,0.351135018246,0.358058815297,0.378340133014,0.368508763731,0.367753176994,0.387965041591,0.370670910625,0.388931791941,0.384686777036,0.377297797742,0.373934344003,0.372762357891,0.377369670219,0.377842622719,0.37825743047,0.379213505682,0.350228382659,0.364582014409,0.342740324193,0.346327165986,0.343927584129,0.33123538614,0.321081397135,0.3034131757,0.285462181035,0.273508406389,0.26478143149,0.257842613334,0.250776009643,0.238089067157,0.224122940961,0.230704543659,0.221707478952,0.228708659868,0.223115305497,0.227999653556,0.240220872646,0.234043763362,0.25374956098,0.246876748835,0.262358552519,0.273328711309,0.291768815949,0.303049244591,0.318750294371,0.317531350286,0.338721418577,0.350386420837,0.330938822757,0.352429045204,0.360835895631,0.366631579881,0.364024012498,0.377998748246,0.386266282541,0.365964500853,0.372948294819,0.384444027489,0.374377072724,2.84570060725,-0.449291670955
HS0090,0.295906707835,0.317924127281,0.329819703749,0.338516677832,0.33773905922,0.360844839193,0.371676169401,0.378530576941,0.364908129118,0.365801343665,0.386991594125,0.380915086111,0.369833057771,0.378774809485,0.368705423806,0.370359399034,0.374403666879,0.350873333253,0.346122758935,0.355121898652,0.341163158416,0.342330980905,0.321889357912,0.300771325822,0.307890776616,0.297880665209,0.275081317433,0.286921792389,0.267853856233,0.267289065161,0.265345359103,0.238063801166,0.239992544057,0.231291954631,0.224858603401,0.232289089156,0.218802480484,0.225969971209,0.238046682622,0.223352037469,0.204585873939,0.227617173419,0.246242888931,0.222495434943,0.229570787507,0.244441546295,0.25547277696,0.262336097691,0.270153347175,0.293876536314,0.288402482161,0.327893416809,0.311058183145,0.34197628318,0.331914494815,0.338627238221,0.358357326922,0.369758019305,0.370486840906,0.38302115829,0.371377973415,0.369233971269,0.393043565238,0.380667717405,2.51512063352,0.475984947777
HS0091,0.310798699179,0.303804846539,0.321448020089,0.341023819968,0.364613720365,0.363115145268,0.35737587068,0.360095188235,0.379179406917,0.359518211185,0.387720287843,0.368659283902,0.383277325225,0.383264848451,0.363773375702,0.35956563797,0.356125241501,0.329764708531,0.327673872568,0.312778585998,0.308226860185,0.296597026852,0.251811673724,0.257566760301,0.239337422923,0.228809063394,0.219397549257,0.211747240192,0.218231772348,0.192809396475,0.211565592474,0.193725744478,0.211537634778,0.213040539342,0.208877826172,0.195289586628,0.210625662257,0.220425565556,0.219748518577,0.218807080787,0.223880370058,0.230503138113,0.234195682582,0.234522848546,0.233880450162,0.248529410109,0.242929975818,0.271541578289,0.275194139921,0.278221964191,0.297819897068,0.310257785285,0.319916305798,0.318110321001,0.335255901644,0.358154904256,0.350130278056,0.365961580561,0.366897646873,0.382595623688,0.388308122076,0.363197612306,0.368262555125,0.36637887722,1.93300856385,0.52073051159
HS0092,0.306731767365,0.306282829538,0.333237359535,0.336497513809,0.339911452323,0.355861450456,0.370958984566,0.368398928924,0.377408082884,0.370538681554,0.385870579165,0.377129037796,0.366277258639,0.383602100036,0.392910030414,0.377985890103,0.368723537268,0.396465186127,0.386639467026,0.383334853597,0.380146148094,0.385552766822,0.383652284291,0.362139179982,0.376580010716,0.348296444874,0.349214116495,0.351166107742,0.329357275155,0.309380491808,0.29241114721,0.279781206381,0.256585066711,0.248279601747,0.241665494559,0.236061314849,0.218089224213,0.227993496331,0.239990162708,0.220307452287,0.223913250644,0.228090402622,0.229307490901,0.238367655837,0.236119610907,0.237015552107,0.246239081506,0.259488430322,0.275782704813,0.272192126616,0.283299752827,0.305878519198,0.340057096223,0.329031235301,0.336288236745,0.34832500545,0.346924701539,0.356829711816,0.377042632978,0.371315962737,0.395730813739,0.372725314294,0.379389417989,0.384248222462,3.03491161795,0.681567547387
HS0093,0.300925948559,0.310824377264,0.324793586257,0.344097391877,0.347114669758,0.374151509247,0.371238826783,0.372647635896,0.360999768504,0.378590823927,0.381722864629,0.373908021333,0.368866269255,0.370753305748,0.368754488372,0.366060861457,0.372292106001,0.335075719716,0.347382485865,0.316348081267,0.299915034283,0.288172371924,0.273787973414,0.267017606069,0.248266298743,0.23073013292,0.233327503923,0.213608571485,0.224535527347,0.220056848035,0.22525269302,0.202790654108,0.205438378495,0.217275262605,0.199551250511,0.216127297725,0.219384804369,0.22434999121,0.203654156308,0.226109709648,0.222801217937,0.218066510265,0.223861448188,0.241368995129,0.249161694312,0.242767690285,0.264339955216,0.260415549204,0.261874908014,0.291283860964,0.284729395083,0.293932527374,0.30212936855,0.333564745762,0.334610149471,0.336865207857,0.356776457186,0.368742508077,0.358708090667,0.365418719113,0.369760919636,0.37800965013,0.377714689231,0.380262570417,2.25229758105,0.522413574492
HS0094,0.295415401076,0.298863125497,0.321961259066,0.352019913679,0.351828086107,0.357616425323,0.351846952637,0.367522256701,0.37955328004,0.375510953876,0.384776837171,0.391155411193,0.36642107103,0.373264576793,0.385426068365,0.378202668678,0.357778690794,0.357706315452,0.35525979979,0.357573900234,0.348930032259,0.342618005777,0.335772861093,0.337794628918,0.309300579007,0.299140190349,0.28032141097,0.284545397629,0.264254629842,0.26677163067,0.251220330128,0.257159870071,0.250810167346,0.232759293509,0.215730769499,0.240731742861,0.228718105749,0.229539638616,0.235189900967,0.231529620641,0.236433612318,0.24485646501,0.261997743773,0.24504652854,0.252147361616,0.288461733693,0.312888069285,0.303535391759,0.311437452807,0.33123643596,0.347650996368,0.346500831205,0.357634290916,0.359632304531,0.36660376261,0.369470097876,0.365090660319,0.376424948236,0.372913411534,0.373917501751,0.381602592789,0.389528194587,0.389197504097,0.382524113455,2.59701582617,-1.13280862366
HS0095,0.303576958435,0.318476015196,0.324762375499,0.340179208238,0.340208924074,0.362173099364,0.374510777991,0.372183598938,0.377613586321,0.364970382537,0.372641609879,0.38770150288,0.366471165147,0.37518663406,0.373554435954,0.385758692169,0.367621182914,0.353819766672,0.35512730781,0.352523988882,0.335766569715,0.313512069218,0.309187564356,0.299297820955,0.290986513215,0.283088273144,0.270019488491,0.259153200529,0.249385129277,0.245338970816,0.246235050278,0.232643174472,0.232123335163,0.239563352805,0.22623812576,0.218338281821,0.203736631618,0.223898688285,0.220486521156,0.229530369136,0.228564295003,0.2410622609,0.230481038051,0.250894829664,0.262547524859,0.24377972154,0.284734411144,0.277630538948,0.31013713687,0.312787592731,0.311557690245,0.334509907327,0.341573306113,0.350796775283,0.354108827424,0.372625439295,0.370364754528,0.36365075595,0.38191007361,0.386387790805,0.375500748359,0.383421650852,0.390751555306,0.374095606562,2.58135196414,-0.40238275549
HS0096,0.309153103986,0.328929367055,0.320728579167,0.334689910428,0.342096202016,0.357223872628,0.375288767954,0.369586798994,0.369699154886,0.368437579716,0.371385898009,0.40242605229,0.381392824367,0.381589457198,0.369020221589,0.382056959847,0.364809174455,0.366027429582,0.364750633719,0.358059440063,0.347801916408,0.351442374418,0.340836927145,0.311873957014,0.314304647948,0.293649908246,0.302825174234,0.278030042681,0.276267375007,0.272053545108,0.254585352058,0.245537639525,0.233899169039,0.230433514215,0.229250822695,0.216533293886,0.214146650936,0.211452921012,0.215937764644,0.227667635723,0.229821532818,0.233209160434,0.243558564564,0.250164023084,0.26674836098,0.281555247918,0.285459679125,0.298172722019,0.321363198842,0.322430773513,0.328425013717,0.351607600882,0.348519830401,0.352985328392,0.359411736498,0.358591933712,0.362462417176,0.375996844905,0.37994261332,0.369566947291,0.370097067862,0.400194410827,0.387652914926,0.371643507269,2.64754681288,-0.851870390657
HS0097,0.321113579558,0.3255764492,0.33074306061,0.336458667102,0.331998018846,0.356139407425,0.358787267589,0.362656953056,0.372016731336,0.37503665,0.376113512594,0.382662512676,0.372000681221,0.378857976208,0.360808020269,0.369330861454,0.371810829176,0.359111999532,0.343786425997,0.323637872317,0.321877956375,0.308910972265,0.291656671057,0.290059750923,0.264452151597,0.26228112347,0.242088925084,0.248069831069,0.228695959523,0.22334107624,0.228953670102,0.228045576195,0.222964215355,0.207506525245,0.20136674161,0.212774507066,0.221687594086,0.226925381008,0.218463359905,0.207411554001,0.226257077066,0.233772455515,0.23570838496,0.242105359337,0.224424107532,0.224710622591,0.248603568896,0.26111524591,0.2680506213,0.272821664253,0.304179635996,0.29616346635,0.317382933065,0.314496003036,0.334830934289,0.335468093444,0.346539730264,0.360116837076,0.373363975172,0.379953794392,0.375934917575,0.373675852493,0.37257886451,0.378047361843,2.13344145029,0.627349366193
HS0098,0.317105102377,0.32018822474,0.337961184122,0.336161400154,0.348311433314,0.344468552516,0.359587600486,0.375005657169,0.379682166919,0.370466928241,0.37145742925,0.386898204106,0.380990876167,0.36900234032,0.364548436776,0.367468416106,0.351680980492,0.330296839748,0.333365838237,0.311257270706,0.305322694646,0.271511695046,0.271013365726,0.254398278206,0.247646812187,0.218695035639,0.231093512037,0.217555392784,0.224038171219,0.205882985931,0.20023875154,0.201526061743,0.220565224022,0.205085595701,0.207766307284,0.193864956256,0.218987882956,0.206078935305,0.210258224682,0.201752885035,0.206395303754,0.222783683736,0.221716571737,0.222796509117,0.245189373383,0.241604700695,0.253396987238,0.256524943494,0.280986446535,0.284893119786,0.27599946753,0.281630056522,0.310694994733,0.332380973861,0.324104749666,0.346096847448,0.359182066125,0.363556754041,0.380423737767,0.370838555178,0.378686198863,0.362099027935,0.389581630147,0.374731280567,2.0065864939,0.638641725775
HS0099,0.301077121724,0.320084874746,0.327350835628,0.335850759116,0.344202917699,0.35526919154,0.35864745753,0.368194729267,0.375909790137,0.377548460911,0.380879299362,0.369451309891,0.384699328762,0.383307449165,0.378170926734,0.380893428044,0.368759936919,0.356479371758,0.370229187064,0.360997609101,0.341627146772,0.347354123666,0.339364427156,0.333661996078,0.324853421566,0.298158093417,0.307295007061,0.290231756973,0.293950679411,0.276375859072,0.260438081628,0.243663482811,0.253308812342,0.246451310554,0.229232497017,0.230414712041,0.211168251945,0.218133387476,0.232200081323,0.221925055151,0.232196427034,0.220335927185,0.235966600834,0.251448551158,0.252597376494,0.258077120978,0.256264299702,0.269436951433,0.285049877331,0.298300735636,0.299371983134,0.322646817729,0.320585873068,0.333362852833,0.346522517299,0.354135567054,0.358677919737,0.379928242473,0.382192643319,0.375850727274,0.371517143057,0.372822036055,0.372534623269,0.38800758955,2.75866333445,0.101899135985
HS0100,0.32020611857,0.314802888436,0.327476086177,0.32957781286,0.33375790087,0.367508407427,0.357641241709,0.359086793004,0.385022740024,0.361970505145,0.387038738152,0.382051573769,0.371739059435,0.356256857777,0.386870029285,0.36956466411,0.367023039059,0.342814987737,0.338639920382,0.320738029851,0.313239087502,0.300639727063,0.290183771621,0.286078589066,0.265161981255,0.26402825551,0.234744342521,0.240765347125,0.237533989504,0.244527701482,0.21769368656,0.215870888682,0.204212459116,0.213185918998,0.199043130767,0.221156455776,0.215388665623,0.223699886652,0.223558058023,0.214578297458,0.232095578105,0.227951056872,0.237608868002,0.26045105627,0.252062274838,0.258928975821,0.279823316618,0.295027397429,0.303953153414,0.315360642074,0.316890570288,0.321231367049,0.341538103594,0.331096066415,0.349881197917,0.352335712231,0.363393063932,0.370160507073,0.361923225128,0.369071713831,0.378025461393,0.374932646762,0.372455410679,0.364471029382,2.13244872378,-0.313905166152
HS0101,0.316784730107,0.340572930784,0.326287501842,0.33319720681,0.353175538203,0.344772450426,0.35691273077,0.374940326875,0.364322829264,0.371597827602,0.36769895023,0.389860377397,0.391708625877,0.370482062248,0.36676904541,0.348764631577,0.347557009357,0.351688462756,0.339979358661,0.325019191344,0.300384587742,0.302904371646,0.294716524544,0.264026815418,0.267967361787,0.23940868037,0.244135679644,0.242159969738,0.235569926591,0.214513690644,0.222834459563,0.218753577724,0.2132694607,0.215181864585,0.220359563537,0.216585022878,0.208500152223,0.204737169664,0.203083288415,0.220664681896,0.208562089038,0.229259306284,0.22302210375,0.22558306296,0.234121772117,0.243769044091,0.237614538233,0.270077752078,0.266546868933,0.288680405766,0.2814845764,0.28392385461,0.315791059769,0.314751043407,0.325629020452,0.347015380831,0.365441610938,0.365270238364,0.365899382168,0.37933442836,0.372453237232,0.379045258004,0.359236494836,0.37628544118,2.15948313078,0.685496632718
HS0102,0.3028671702,0.309744079002,0.325161912358,0.326565098504,0.342528143247,0.347746450924,0.348022891634,0.36596600914,0.380109556051,0.375582034755,0.389525336411,0.372113534816,0.383829213132,0.38081019384,0.379264521161,0.373131087519,0.362023917897,0.359611411821,0.341959851305,0.34292331585,0.350834543722,0.330897243985,0.31174274975,0.297690372964,0.297935408617,0.284063938441,0.272452193208,0.273310865477,0.265414068624,0.243570392269,0.241048320305,0.23168459687,0.218559223201,0.222899829047,0.216538806839,0.224696114834,0.213281067691,0.209520674157,0.214788728989,0.221749195889,0.234815221482,0.216987164858,0.237070254623,0.23894187506,0.235766897343,0.242265330564,0.255111463779,0.267543235383,0.282957823779,0.283906761681,0.305278359449,0.300573449646,0.315104817392,0.321241068574,0.328554295124,0.349819433185,0.35220680536,0.362594177041,0.381729545707,0.385798756529,0.374162279296,0.381435086072,0.378913918196,0.379881329002,2.32424808134,0.369322763518
HS0103,0.309535327828,0.322919161067,0.34091954063,0.349395892911,0.346566383692,0.340178280387,0.367755589069,0.371754463269,0.360497630383,0.372132650161,0.366589785559,0.385430700884,0.374897239025,0.376223193069,0.371938250522,0.359703443187,0.363151219116,0.350928132155,0.356588931625,0.350616038634,0.329416477867,0.328702047374,0.290485915822,0.298809151589,0.292903474577,0.281641522894,0.263486190645,0.265901915969,0.244537820553,0.249050367539,0.228185977417,0.236660044748,0.234027297888,0.230609169443,0.234615663074,0.221061158356,0.21870394664,0.223617958443,0.219671364168,0.225285065612,0.226148260288,0.225625553445,0.230357899852,0.250514233298,0.255125834367,0.267969134237,0.298228082871,0.308280893761,0.290177282397,0.318218582768,0.329007902257,0.327460898972,0.338516602353,0.339341521011,0.355648395236,0.37114873544,0.353932337159,0.36210693317,0.374492706066,0.392694177876,0.370189213711,0.390814994089,0.388947014646,0.373579988122,2.34591968131,-0.617595929365
HS0104,0.307117961374,0.321619286644,0.336279422688,0.340617672484,0.350498864893,0.35112634344,0.384122804356,0.35842411503,0.372083985924,0.381605961052,0.392723151548,0.376996465547,0.365152353338,0.390592805827,0.371827376308,0.374225375636,0.381723309683,0.368898845117,0.369401151461,0.356314821609,0.354943386306,0.353349573495,0.335607831721,0.341200928444,0.319079297166,0.333826455663,0.292799131513,0.282568320586,0.279614256501,0.269017276023,0.26139998308,0.259437685073,0.234584494729,0.242124667742,0.244521851644,0.219834964156,0.235601915236,0.226497893798,0.233203543251,0.226359000634,0.245676862236,0.26936947905,0.257207816276,0.276922311639,0.290275302252,0.30236167671,0.318865748829,0.348193895938,0.35181754521,0.358203541897,0.367616860451,0.366303749442,0.376980088451,0.371590351793,0.392667014647,0.382384230852,0.389503047622,0.368544452062,0.380979325859,0.407235473721,0.384518116182,0.398619756952,0.386907997079,0.381317992915,2.66979871016,-2.13808495083
HS0105,0.304049821321,0.309006573479,0.328346073261,0.334109226288,0.353791259485,0.356161947151,0.359735110674,0.358846207293,0.373905653868,0.393540405657,0.352471496884,0.378131502508,0.366816615055,0.362198023635,0.371903706087,0.342265836979,0.36049512355,0.329998280582,0.327643308391,0.310823610916,0.294710299109,0.286920060084,0.264515487221,0.246712113027,0.233866922505,0.231045982507,0.217548566067,0.208359936114,0.203109209329,0.201644061825,0.206128885602,0.194971501278,0.209255005453,0.202285346291,0.213405592274,0.200432391662,0.203706465156,0.204814464843,0.213594760634,0.214477059931,0.227317142655,0.226129366668,0.238553922498,0.249506702688,0.249557736848,0.262524641346,0.258413440152,0.287667668448,0.294215430343,0.291594114658,0.320345027188,0.327937814506,0.328301723698,0.351442894962,0.351613568113,0.34564772561,0.34938736578,0.358685120775,0.354124983427,0.363094978561,0.385532491158,0.372505613722,0.377515160676,0.382628908417,1.77541785592,-0.174073497853
HS0106,0.312410689865,0.321533137796,0.318242923318,0.332762735375,0.348334801391,0.359419248347,0.369491072743,0.352665129823,0.370194687542,0.375813578207,0.374950550387,0.383283340538,0.384048605487,0.395064011714,0.383739089188,0.371957722383,0.379608264884,0.357657773088,0.38097011255,0.353452846323,0.35843124962,0.340847968801,0.337924711047,0.327551940507,0.327697555382,0.31163226566,0.29658263211,0.292940339343,0.279878174268,0.272823446942,0.256818411779,0.248373954418,0.25550034525,0.246692528766,0.228107930531,0.209732550134,0.228202325722,0.211190979227,0.221100839388,0.21916778541,0.222635665016,0.219773030303,0.22874978176,0.239923330374,0.234549028981,0.220017147912,0.253998558458,0.268279592155,0.253914988004,0.263437242747,0.292882175392,0.284714158873,0.297378739099,0.324159862628,0.31300445513,0.335081724956,0.35554454531,0.374537773292,0.373701782937,0.3784873951,0.377814345781,0.36538946227,0.389863886363,0.372630496951,2.78251714321,1.12377048511
HS0107,0.309831168838,0.308255536712,0.320526413385,0.335922451259,0.339589578949,0.368117170857,0.354302536855,0.356426800833,0.371037948035,0.370337340211,0.37458681106,0.378457250753,0.362848539791,0.377715799485,0.388648747797,0.367003668904,0.383743614158,0.37697543409,0.382827037458,0.373582114144,0.368849784491,0.357233336479,0.36104725103,0.340481459358,0.341396844348,0.332659189887,0.315319233449,0.307642732265,0.285724028307,0.284195988267,0.279265430022,0.2638336384,0.252793785348,0.23968052842,0.220421346214,0.231974574883,0.228966823564,0.236818996742,0.22477130354,0.216890781805,0.22557176251,0.238969789018,0.23169253897,0.254572880441,0.256607713012,0.263868754031,0.291840997928,0.278060303135,0.298586785232,0.305585923909,0.314858933716,0.329370159703,0.335997501182,0.328122666071,0.348274507323,0.345160642593,0.370242068878,0.364576948826,0.368070901661,0.389937310272,0.36933372898,0.384942422803,0.37761556017,0.393550807482,2.82309247007,-0.256131939314
HS0108,0.314329949074,0.316552237354,0.318033372149,0.324387036304,0.359625581644,0.348013345431,0.350759919558,0.369506100903,0.377325831703,0.365609499195,0.367635577066,0.372920558988,0.372148951326,0.380124469021,0.371802840233,0.378049592433,0.362799475401,0.384783488575,0.378998740926,0.353619922708,0.368040269646,0.366503794712,0.35143576426,0.342107226027,0.348583046748,0.327209524802,0.306785455505,0.297365752479,0.29494754496,0.294336263831,0.271791222548,0.276609516908,0.252503882969,0.241324830279,0.228465189158,0.230711301072,0.231366351226,0.22065367937,0.232509396764,0.239956581391,0.253344415336,0.255394451903,0.266813449896,0.29472931108,0.29845666555,0.324259397307,0.33350702452,0.336959478455,0.360401445675,0.382580890151,0.388312992275,0.396072429931,0.406806776806,0.391501997071,0.389401125543,0.396973893389,0.388810941898,0.393661170688,0.382355304972,0.385777502969,0.373286535375,0.379412068945,0.394252387919,0.398003197576,2.83603825882,-2.8031169946
HS0109,0.322883017112,0.311804379776,0.3200127291,0.332811337416,0.327782526479,0.35466746285,0.356831716714,0.371174570863,0.379795005069,0.383955687982,0.380778212309,0.376712522556,0.372923132775,0.378784845956,0.367265510137,0.351391682966,0.346828922402,0.343189869498,0.323953153148,0.3173653513,0.297918915476,0.286592408676,0.273891310287,0.263155508306,0.242060811307,0.233477165122,0.212490730062,0.203691756443,0.205597209277,0.196219677101,0.206918039876,0.187579478918,0.19816994319,0.215015855199,0.202826653295,0.203234864877,0.217827822987,0.216808663672,0.208225008327,0.218003654075,0.213018057857,0.230363457893,0.248458441393,0.256822853791,0.25849330304,0.263248694081,0.280966699397,0.285013027091,0.303416024882,0.321219242904,0.333361936569,0.338817726128,0.32774192001,0.338168858438,0.342355852672,0.347934643288,0.354371146412,0.359282911747,0.37655715958,0.387336419845,0.384375785296,0.390604364168,0.378699622243,0.382320404783,1.85668342008,-0.446478666514
HS0110,0.303306878639,0.322914743648,0.330907550807,0.33556554593,0.358572453805,0.341140210603,0.363123699347,0.365197951419,0.388072855685,0.365835521239,0.37530783895,0.37806262672,0.380474063627,0.380398332826,0.372353872701,0.373293539199,0.377003027156,0.379678663692,0.379067699434,0.378106691047,0.373740931899,0.377541722589,0.367479166629,0.359441965885,0.357473006688,0.361252037805,0.330312810504,0.317564146908,0.324733916728,0.300359802418,0.287605861856,0.257919440835,0.263077612686,0.24155895218,0.248603647083,0.232908227927,0.227634923109,0.22852143062,0.218715080052,0.227558863853,0.241499786209,0.235191027571,0.254551420048,0.245261015078,0.277484080648,0.283037824457,0.289953785521,0.273276286415,0.306634035727,0.320942761454,0.326500593332,0.346140240205,0.342750320081,0.352070506253,0.364382863948,0.355306996388,0.36186773234,0.373938845844,0.374070643666,0.377392811888,0.380245830831,0.38599829493,0.378278281611,0.389436995562,3.08328631062,-0.691852752731
HS0111,0.324427053715,0.328206354778,0.33560399256,0.338399744878,0.35517009536,0.356293165812,0.373575390765,0.357730553011,0.352408314784,0.383499625699,0.387539725811,0.389058438222,0.382015724963,0.377443017379,0.365578788675,0.37502414579,0.355516883859,0.359283941712,0.345796137478,0.341172684754,0.327749459294,0.32384435994,0.302989987868,0.281345474034,0.273442595013,0.286746532813,0.26289635719,0.249134538136,0.241993459008,0.238876445231,0.230520113944,0.235517812652,0.2348289186,0.221741917411,0.228938506924,0.217507837915,0.214725737796,0.217085584585,0.212709650593,0.21976058084,0.213933874713,0.224311236331,0.245227782748,0.23451308478,0.246381345731,0.236541447383,0.246435488233,0.276956717867,0.26502290308,0.29534467424,0.294509054542,0.29553893852,0.31335629431,0.327557607597,0.338276112139,0.364444836041,0.36054076897,0.350304295792,0.373701495311,0.3617985719,0.365467661812,0.363435698712,0.371264591327,0.377577020452,2.3349067649,0.459829053131
HS0112,0.298256754021,0.326646919995,0.339148277734,0.343182311944,0.336652108694,0.3551329522,0.361572824036,0.373006241984,0.377222584884,0.3822184832,0.383996643748,0.374705857719,0.400828105148,0.383777972767,0.378962060844,0.373998115305,0.372193674826,0.352784133028,0.361178920265,0.334580272813,0.351516287087,0.334556344306,0.318812233348,0.301272875809,0.295982945506,0.289702332126,0.288287048521,0.272767362019,0.255890898731,0.269392020362,0.245526968479,0.253426797355,0.219268417032,0.233841526011,0.226952876936,0.208591319473,0.21492042073,0.21105539371,0.217006885086,0.212219179509,0.220356083027,0.228088122453,0.223851143627,0.224608421615,0.235492498303,0.235492670651,0.249704628411,0.270664119566,0.258450226076,0.270158091732,0.286863192671,0.290842033918,0.309605050236,0.315525466343,0.323963652041,0.347003351431,0.351964671856,0.353264474317,0.366065337338,0.371114877826,0.381020139289,0.394995364394,0.376177315632,0.375476718087,2.60673012931,0.737891552316
HS0113,0.314352245943,0.320880750566,0.323909928651,0.355468536624,0.337874259944,0.33680004627,0.368354057118,0.359566008007,0.375910929818,0.372910524672,0.376320272533,0.386382681375,0.370086856519,0.379989274039,0.381375722106,0.379964092791,0.3790976486,0.376083845732,0.372529975455,0.369517263428,0.3895961283,0.37070343043,0.345483820185,0.35995404778,0.361891487079,0.349866151344,0.315730287219,0.334195191083,0.319804878185,0.283546619529,0.284724345805,0.274809572749,0.254072036982,0.243518455654,0.241217472339,0.241948119334,0.229207509963,0.223106855859,0.219616450964,0.212810476375,0.215277916618,0.216322572929,0.228033284398,0.22813054555,0.221465566139,0.23547336636,0.238275354403,0.234790220568,0.261312535446,0.261926857363,0.265323380737,0.29194145289,0.304882449269,0.325028168279,0.322077073104,0.342244185421,0.343715013963,0.36902618686,0.361399404468,0.375139225017,0.381506929208,0.372925062697,0.375498950599,0.386458944608,2.84668138946,1.05504938865
HS0114,0.298175691837,0.318821763773,0.331059024444,0.319077585939,0.340702147859,0.353723346138,0.344399824205,0.387931549063,0.367935360711,0.381893269876,0.373983948097,0.372499717097,0.382991233147,0.393609007903,0.377639948175,0.370857280577,0.370884257838,0.382145393626,0.363086277438,0.370391865895,0.361761911251,0.353418877648,0.349012861639,0.335191917946,0.334560546239,0.315631370676,0.326288515931,0.282065152794,0.284379039444,0.268547917168,0.259829233854,0.264466637647,0.245270367002,0.229134370343,0.224693798114,0.227887157843,0.2268029484,0.229726307398,0.21831403438,0.214030914354,0.23735625013,0.231182778025,0.23218844978,0.228225060213,0.243927927321,0.240696458543,0.278852387975,0.250834439118,0.266858135246,0.278751024603,0.285339269234,0.302865345812,0.296309714793,0.334292961261,0.337095289382,0.327843700635,0.364934170657,0.362622426356,0.360733967872,0.36632993921,0.375450678956,0.383572493215,0.408614955716,0.362226890843,2.84490210221,0.556277411296
HS0115,0.318218389369,0.316922889547,0.328109328259,0.341454381883,0.349756607009,0.367407297653,0.364150760137,0.375979503116,0.378312954887,0.37233348644,0.369263292186,0.376026514382,0.370123387149,0.368285335683,0.378988223491,0.368033139883,0.371953855855,0.353136981955,0.350254945328,0.356859854972,0.344345434103,0.318492079905,0.315124711255,0.309143205606,0.303194909652,0.286024556474,0.288013411842,0.26417880397,0.260455221151,0.26601959897,0.249631629552,0.234690555482,0.231062399951,0.224602249799,0.216256676459,0.234906371812,0.217213977003,0.219027374467,0.217007851169,0.217813441152,0.229279723812,0.222146304919,0.241268490707,0.257329175149,0.261004131644,0.266456590286,0.276817980831,0.261622004255,0.299750637157,0.314612469143,0.320834608994,0.333582007149,0.314515664384,0.345799352477,0.334478838728,0.366112907794,0.352846866029,0.360354898283,0.377390817841,0.369550147733,0.391952720977,0.367787086483,0.379837119491,0.372386803306,2.55960640834,-0.171861404562
HS0116,0.31543706589,0.324514882595,0.331146673993,0.339026482933,0.356818263862,0.35643715913,0.349244572669,0.375442979714,0.372949396351,0.375658075843,0.388277218114,0.391764605517,0.375537334736,0.366400118645,0.37671976106,0.363318406473,0.357037497044,0.368946781619,0.351014812294,0.344138259035,0.332800090297,0.327600117274,0.326415347128,0.309425248298,0.290175959474,0.281008910105,0.27587460334,0.270284082116,0.263409260127,0.245472231699,0.22978535635,0.228445217515,0.231926365395,0.236282783288,0.221455034667,0.226601770881,0.225047458478,0.228238560043,0.226083601379,0.22819271269,0.228311972973,0.250200604638,0.241965615592,0.254245977912,0.259957128202,0.276443872648,0.285486936674,0.277067980708,0.303594562517,0.328637329355,0.319097468292,0.340953786674,0.357374887785,0.352522689496,0.353541525905,0.353190572783,0.365487014508,0.365738541953,0.372913801041,0.374939223925,0.371449259765,0.381530862964,0.373178782095,0.376687256077,2.55737275321,-0.623806551468
HS0117,0.309882405282,0.313694957405,0.338479481151,0.32683403621,0.340101375579,0.343870308514,0.36031442499,0.357519413031,0.367588554627,0.382340743788,0.39132384799,0.383799100191,0.367375564787,0.374631082554,0.387080488301,0.389576016974,0.387401805384,0.372097940377,0.371404259407,0.359454677895,0.355861262991,0.337298738869,0.345488991166,0.356429179059,0.334266615038,0.307828762772,0.312006187768,0.298720634806,0.294445971474,0.263959373673,0.272101530272,0.265492912375,0.255759804236,0.240623858133,0.22504902541,0.218538550364,0.221450174313,0.214654214533,0.225917196932,0.20361206802,0.21730616258,0.195223184915,0.221849226412,0.206963299001,0.222756773406,0.215210510533,0.205526119435,0.22264354298,0.222412024748,0.233973631578,0.231751554519,0.268020388,0.274379870819,0.284564595741,0.322367700621,0.314896608726,0.328623396272,0.34853691065,0.357749965662,0.356680553686,0.370906232082,0.389160409408,0.374019257305,0.38984816037,2.73847452278,2.37396100657
HS0118,0.302372326451,0.319396543836,0.329474810192,0.334742806956,0.347074503134,0.336383102183,0.353136905305,0.362623728394,0.369938440787,0.395317014499,0.364699984438,0.38003066236,0.362255182853,0.359479896092,0.357901896548,0.358128882685,0.351396988796,0.32894701475,0.322824055181,0.30786325476,0.270314604947,0.277004855893,0.248252492738,0.237625137256,0.214135648273,0.210298352058,0.202317886127,0.199749914181,0.19803776762,0.17630137299,0.193552889118,0.208258243147,0.197066016815,0.209501108708,0.200533258205,0.213154207623,0.206152396467,0.223472148861,0.219936742726,0.223738135255,0.220779263493,0.240791553937,0.244765960068,0.256506287842,0.27015427198,0.291798953097,0.305827536446,0.312945864495,0.312411275381,0.344380799351,0.335510170453,0.358259534897,0.367833253421,0.368820633303,0.370488828739,0.375063096534,0.380605800068,0.374569733786,0.378467020997,0.382850239987,0.383423893806,0.390089735121,0.37279686213,0.371226895577,1.93661522404,-1.31663209189
HS0119,0.295951968613,0.316546116757,0.32323791023,0.340676146756,0.348112317399,0.358681908644,0.357650275836,0.380461688891,0.371629373086,0.379245418274,0.372864155493,0.375163575654,0.36972321036,0.377005358028,0.36555920878,0.373071383339,0.354884162553,0.34747413047,0.35434236598,0.326984578715,0.312755153973,0.299745711222,0.279842215912,0.280647408535,0.256190566269,0.256917906699,0.253898551588,0.234871772304,0.234828255735,0.225446718084,0.227536084033,0.220616984205,0.227083741942,0.187331258905,0.201701040766,0.213576132109,0.217017068458,0.208565390845,0.216028343335,0.207409161764,0.231386677042,0.23884789874,0.231174319953,0.245502954314,0.246705553035,0.25634634968,0.260620947366,0.276558464213,0.274498386523,0.29749877239,0.292167118657,0.307261787746,0.334147127442,0.347109656028,0.341423867041,0.344417039373,0.352981590044,0.353147259413,0.371067585849,0.363317532258,0.383737375249,0.382727230212,0.368563372671,0.386923073439,2.11032988951,0.125507170278
HS0120,0.315898882822,0.324640917824,0.328032980626,0.332017460728,0.356890722431,0.368686339742,0.360640235715,0.373100296036,0.382380670137,0.380023181012,0.378870259189,0.387531892506,0.397285521911,0.381444316402,0.368037572633,0.377777008869,0.384767734787,0.36487552479,0.363343934315,0.367911120417,0.366441914185,0.352159725572,0.349128764762,0.338950567744,0.337434957689,0.324418589851,0.297711317696,0.292353410573,0.291224919062,0.262009373518,0.260839659452,0.259280671279,0.253869661387,0.233541836342,0.235098560263,0.224451178813,0.222093196396,0.230963348972,0.23421046198,0.242960580969,0.226498160327,0.215801239654,0.225323312999,0.242401511468,0.256844922784,0.249883109908,0.267068133268,0.282246403593,0.287353914853,0.296824647888,0.295254138253,0.305685998262,0.30303494289,0.336609776065,0.347683044808,0.347605386711,0.361948917974,0.364047943007,0.372807680007,0.373793540323,0.3864225724,0.376892414068,0.378397559407,0.371058670883,2.78959864659,0.110152270418
HS0121,0.315802077266,0.338558530029,0.329428035399,0.345607206475,0.357688888059,0.345865667057,0.360481387855,0.357818244258,0.385306517424,0.378843490117,0.378856838775,0.392466288699,0.387960826083,0.372658563907,0.382790361783,0.372880619131,0.390286696696,0.365623181186,0.372429951707,0.361382814623,0.353941015146,0.352132482708,0.348796739213,0.336358305833,0.343328624692,0.337271216199,0.308024897652,0.294394424025,0.287758914623,0.291475355957,0.261865873813,0.262844896509,0.238568105512,0.232633415638,0.243303767209,0.232694700767,0.224358760993,0.235276231325,0.210608284262,0.225423806128,0.226389194044,0.223633413839,0.218340293415,0.24003712624,0.22859917136,0.245372841852,0.249303987661,0.263565118537,0.251214855119,0.277731777814,0.275443492395,0.308460828571,0.310868411071,0.324609976864,0.340991196217,0.349953668035,0.329945873337,0.3582944645,0.368761937822,0.375326587037,0.360897109625,0.377192807281,0.380692842113,0.381402643945,2.66556566043,0.695120740329
HS0122,0.302225679641,0.329409467805,0.330982661049,0.334866244162,0.345627194822,0.352846015866,0.354813584743,0.379785164506,0.364738702267,0.369106809441,0.372225204134,0.37675085599,0.394770921874,0.378556278087,0.371938807788,0.372692248238,0.373512514003,0.359590308249,0.359463889571,0.354155156308,0.346561410115,0.321550803209,0.316220355786,0.304627982227,0.307767440947,0.286945251319,0.272003255396,0.277663304571,0.256147011445,0.268691805712,0.24439956058,0.237728513289,0.242861092022,0.227599070429,0.230328117835,0.21964354545,0.206571864232,0.205489283092,0.207734533371,0.224990653879,0.226486735137,0.206360101401,0.22308589301,0.223881655714,0.227545841358,0.211775104253,0.209730808901,0.227846999079,0.222778515616,0.239468022079,0.238110468625,0.247858416826,0.272644075346,0.278030809297,0.312244528157,0.30986108018,0.342291637311,0.33636612939,0.371874494816,0.3662926115,0.365408885952,0.357125958608,0.376645538963,0.380523419942,2.57253977165,1.90643286463
HS0123,0.310630317307,0.315951781023,0.343609860999,0.329123611272,0.358657640453,0.358900597922,0.3626404896,0.358649727597,0.376115236783,0.357700231434,0.382192475882,0.37345369335,0.380041093441,0.36704131959,0.368756132334,0.396622135526,0.36786592923,0.342108120252,0.339303932897,0.35628257246,0.349815175742,0.338054433774,0.320630643097,0.309769272014,0.305559168803,0.295606378825,0.282819259037,0.269893161787,0.266576817966,0.256857852531,0.247029558777,0.239639898677,0.234894490717,0.225001077667,0.224647214894,0.227802237155,0.215890576944,0.218245949483,0.218968724823,0.229002783794,0.221974588594,0.241322050671,0.239283983937,0.260868761845,0.244043083746,0.271448098273,0.271598581359,0.293903039416,0.284119742351,0.319784330543,0.317402860148,0.344945937606,0.337572615462,0.342645850617,0.358827833631,0.376285106387,0.37344674598,0.376028530159,0.368060387293,0.359866775003,0.383430220968,0.379999722177,0.368688904251,0.380477821815,2.46761704309,-0.457103594689
HS0124,0.31558857851,0.326829981412,0.334367543139,0.338274724019,0.358943578184,0.352868907762,0.365386241685,0.355363569617,0.35961155713,0.39020645583,0.387181277147,0.373253933995,0.361910299318,0.376961380842,0.371034742914,0.359038305728,0.358739506638,0.358131285892,0.332860087508,0.3166307702,0.304657811007,0.305585972521,0.299396145208,0.270837801829,0.263874894056,0.267360820362,0.271026134316,0.239615948355,0.238344459869,0.239783931105,0.221874679487,0.213428712626,0.213723667062,0.215748495991,0.206324807386,0.215539019345,0.214026364076,0.2108522845,0.218855427664,0.226432973861,0.219332429933,0.231338014574,0.246757430455,0.243108693966,0.254134896457,0.259794537817,0.288058736506,0.275908874666,0.309636413596,0.301200370874,0.314956041484,0.311348506759,0.340305205403,0.349800435013,0.364457875626,0.364136872146,0.356301689819,0.369073699503,0.366862068075,0.370282296644,0.377709137897,0.384196481604,0.381049884286,0.381637045252,2.27268499716,-0.347983730734
HS0125,0.292547324626,0.319047496598,0.325353950525,0.337553835874,0.345137343646,0.344889732579,0.357993534271,0.370999871552,0.369643889462,0.370194449567,0.371422598967,0.37519321373,0.368857769201,0.37262303407,0.373304109566,0.386857171797,0.364890307357,0.352087187115,0.348289416542,0.317583156894,0.33490698563,0.304581437133,0.301789696065,0.283083911877,0.271270264228,0.258389363831,0.256114385513,0.24495559941,0.23235394037,0.229758521457,0.230108765739,0.22932754472,0.222179825329,0.21193257481,0.219181679607,0.217723590108,0.213691094657,0.213441174693,0.229042120408,0.215077031039,0.23734189596,0.224983851388,0.231280431398,0.24442586272,0.251354699756,0.267188872166,0.276325696991,0.283885003247,0.324933196267,0.322792477479,0.325230050863,0.338588602042,0.350246164522,0.340555078247,0.353720779241,0.35759088826,0.381997831305,0.358539494759,0.382539645086,0.380722756496,0.364806048523,0.378209822826,0.396224368363,0.369214526005,2.08082862712,-0.793398581137
HS0126,0.312986239802,0.32614271898,0.334973124664,0.337302656689,0.34360355185,0.368049613617,0.346543501633,0.364625740216,0.371459351044,0.367326952697,0.355395465841,0.378216933536,0.384423574755,0.377516769317,0.375926715776,0.388488206226,0.35358799571,0.372347392742,0.355751045449,0.35479213437,0.343518958802,0.337977323206,0.336955085719,0.302690566717,0.303452032006,0.299608287515,0.286952335718,0.283840294953,0.267889424027,0.256845087223,0.254902975202,0.23656918462,0.224838991455,0.235629503474,0.237752463096,0.22119887339,0.225644492325,0.212743097669,0.226095536426,0.219227033267,0.231246419482,0.227095037475,0.23059547377,0.221648418667,0.232998846868,0.241911750041,0.249272358783,0.269995078707,0.258495107799,0.282971193754,0.291231331093,0.296861424795,0.317785583377,0.317956908819,0.339592918667,0.338953635668,0.347656174943,0.369438520874,0.37381123199,0.383532560185,0.384289930825,0.383886850835,0.377369202148,0.378232209338,2.65319135184,0.693497618185
HS0127,0.317938393873,0.311504276913,0.319965045061,0.336366963666,0.351303996973,0.351756596778,0.355446869381,0.36611880405,0.373001061357,0.380258327441,0.37002719746,0.377800753728,0.378067228342,0.376281764633,0.373556295113,0.382645568461,0.369979289552,0.357143759984,0.358287757083,0.345022242709,0.348326651067,0.323403737886,0.313555121825,0.306063621877,0.30181774803,0.272483147109,0.285701824087,0.275291047494,0.233795391621,0.245888737491,0.234972587984,0.238750096994,0.226105974572,0.233387556741,0.22572410452,0.213618968584,0.235506834188,0.230011407339,0.231869657755,0.225410056693,0.227006485142,0.237393127687,0.264902978967,0.265127098439,0.275624147544,0.298125259941,0.30456308396,0.306129604475,0.323765563257,0.33041432647,0.347581898486,0.350226726443,0.36827470822,0.369728046617,0.3738454152,0.368112203565,0.376800795953,0.380538181736,0.380635830591,0.384556650654,0.387264147892,0.375168166951,0.386963393171,0.383252254091,2.44470375955,-1.3954307463
HS0128,0.317272214681,0.321629382091,0.329246656742,0.347706775518,0.34007413871,0.354276063258,0.361342636208,0.376893164897,0.368378531735,0.380032737251,0.374111606747,0.366468976766,0.384411634428,0.365974674355,0.36534140241,0.365629834706,0.354290044029,0.349403910052,0.323550518463,0.328955931921,0.309575080074,0.287184991033,0.270198038087,0.264607463244,0.255531903586,0.237687386108,0.236718190748,0.233193252644,0.216559839498,0.214350032208,0.20211401784,0.217731035313,0.215875671347,0.209822899248,0.20867913347,0.223721203064,0.202802615436,0.21874765453,0.23359475069,0.224954238709,0.219796478779,0.229037873307,0.232233038216,0.248727295358,0.258624930853,0.262262647502,0.285430143635,0.296082094085,0.293703253417,0.314705552241,0.339083538687,0.328274267214,0.350172855656,0.349740247441,0.354268764913,0.370458729222,0.367800413296,0.385472901548,0.375481577967,0.376986232578,0.382914949957,0.370765753738,0.371987565104,0.386181918063,2.08753951188,-0.522383545288
HS0129,0.303508900301,0.313142147674,0.338589828315,0.354255745374,0.337281084026,0.354172012966,0.36897069282,0.374222278657,0.380666163364,0.371587429937,0.379414719522,0.369217413339,0.376956542125,0.383379005616,0.385911088403,0.375738555427,0.377448303169,0.375869363822,0.380822894204,0.380778958019,0.37416295952,0.363953321462,0.358947728612,0.347953303137,0.333335971699,0.334281602352,0.310676133323,0.317994409368,0.29801164198,0.286998008985,0.274919503361,0.250769801904,0.240586390002,0.244622584782,0.219733260245,0.241248385647,0.225421664918,0.222142079297,0.22470260437,0.227888207242,0.243873107082,0.243004170067,0.253736770872,0.260623692364,0.284599328176,0.285966259761,0.314726153642,0.313132752797,0.31191375997,0.329585806132,0.345261053297,0.345401871049,0.369586900974,0.361179485255,0.375912051698,0.379819087968,0.373580269267,0.370758643309,0.382972837237,0.373720879357,0.386745883172,0.373255537352,0.387281926468,0.382272099095,2.88935526465,-1.29302262295
HS0130,0.306181186736,0.326326122411,0.336180181067,0.348176930768,0.356782038011,0.344001871018,0.356160495052,0.367137565669,0.377471698284,0.377576891139,0.390392742271,0.385754306341,0.378864565399,0.384582264411,0.368215118211,0.385669633092,0.356893379742,0.376592978092,0.372001059584,0.369694229868,0.357039398139,0.327823927639,0.331972917058,0.323492991889,0.298387641942,0.290056260417,0.295516455591,0.283182291999,0.271507697452,0.254278330953,0.244821572629,0.248447901276,0.228951129656,0.235313336551,0.24915032883,0.225465907388,0.212492284755,0.216950996563,0.217078349084,0.215393894747,0.210724361897,0.219267138819,0.22941526118,0.221644642246,0.230806177328,0.233557468091,0.243995313359,0.255084636382,0.252448143782,0.268285452624,0.29479290383,0.30306232638,0.31190064927,0.324925593095,0.325825233161,0.334475731498,0.343923858583,0.352426090254,0.353531010747,0.364647236489,0.366361192718,0.374860417564,0.373924874777,0.377048036135,2.6233465593,1.01938877709
HS0131,0.296697439514,0.307735211486,0.336854185601,0.339560538855,0.343220063062,0.355861931803,0.364131904723,0.357665663377,0.372375783904,0.377763285983,0.383174354458,0.37075420783,0.384891479852,0.391038221595,0.390436893268,0.368384752606,0.36649507162,0.38275326211,0.372136084863,0.376523081554,0.35398885637,0.348549032107,0.352133447864,0.332293715802,0.3301380773,0.320867092589,0.295561926032,0.281588054769,0.292924920912,0.260706752422,0.252069630315,0.243779227287,0.247617101612,0.215998869028,0.237337990009,0.224536595907,0.231869162977,0.226705900477,0.210979683249,0.2170012424,0.218547836585,0.213910401065,0.235356524739,0.22066099706,0.241928574969,0.220719008717,0.214896895796,0.231160675042,0.229826656889,0.239373697529,0.258034239792,0.261522316765,0.276596282441,0.312304115097,0.311074109605,0.333346477211,0.338768151715,0.353039534652,0.342616828687,0.356641775797,0.37093923672,0.388242739149,0.380131117935,0.3896065795,2.90671550839,1.74029883025
HS0132,0.324030263121,0.310986420026,0.325373865441,0.328961644618,0.34102558988,0.35232112194,0.357350906476,0.3609038043,0.362106916229,0.384635822928,0.374159182345,0.389492700026,0.387292346252,0.380895898299,0.389446515349,0.38075058028,0.373111134414,0.370697821742,0.380060317449,0.380309035113,0.366354297673,0.364079097496,0.35519780468,0.362947897419,0.344353899238,0.342139191056,0.327810399856,0.301366368257,0.303172703316,0.288652777848,0.276421451133,0.26604008817,0.24396675595,0.24759685882,0.217501766239,0.234412447024,0.232906147535,0.231980214118,0.239410154089,0.216090934661,0.231731480924,0.225624993334,0.252701517867,0.260968148017,0.259556130243,0.276020227933,0.286661307034,0.278672467828,0.289770609914,0.314468010429,0.332070006465,0.323015633798,0.349399190296,0.362858799578,0.347766999174,0.362801907334,0.35916315364,0.371150608785,0.368571040006,0.363538747296,0.380949235845,0.378762071411,0.388358930658,0.380501946344,2.72615719871,-0.612830282995
HS0133,0.29931432157,0.330583174286,0.347184474971,0.311410458523,0.346804019111,0.36393580343,0.356745253353,0.354635973246,0.379170103107,0.371208414801,0.384317887754,0.376522990204,0.396542280518,0.370814019804,0.365320987748,0.376988998798,0.367448204556,0.36027589207,0.360911338968,0.353751739337,0.350656077948,0.348798670979,0.345428651292,0.32049529891,0.308887700392,0.294084331377,0.301722405947,0.283652418469,0.279816707841,0.27040734181,0.248687780649,0.256161855962,0.238058785497,0.245652214889,0.228559127671,0.214718898013,0.227785090478,0.22066356617,0.218988789697,0.229146567486,0.227724503987,0.224165021725,0.218792174216,0.21958287254,0.233919612989,0.228759628559,0.252433840167,0.251934058337,0.256673046917,0.273868270883,0.277402527828,0.293234584135,0.314577005077,0.313677853994,0.323967257311,0.336406068888,0.342632998749,0.370570820651,0.36413045559,0.376022268202,0.375773353154,0.371752477482,0.371295062504,0.371447841187,2.5672189514,0.962529938772
HS0134,0.316783192953,0.336500678728,0.336840356196,0.337364333673,0.343028626379,0.352787031088,0.365412280351,0.358887196268,0.382904378152,0.380688448112,0.38520486507,0.380873440139,0.385884888025,0.390234907958,0.387713436275,0.383297132371,0.404115188383,0.412925821526,0.435220323299,0.422111489824,0.446143012426,0.428550282464,0.451364593803,0.452660414848,0.442096104504,0.429000027531,0.424011747696,0.397971948029,0.38866424324,0.368888094472,0.344792950493,0.315905654357,0.296536580653,0.277929340172,0.260900418721,0.239852474073,0.253588968493,0.231886707265,0.227785921953,0.235462674522,0.217395704808,0.22315171573,0.212601225675,0.217549866724,0.225877587864,0.237962389088,0.252177038261,0.264648859734,0.261950505794,0.266066651084,0.288938856534,0.312963907201,0.311179919776,0.314049462828,0.32024809427,0.338492202711,0.354461579163,0.374080198551,0.375732511345,0.360870055229,0.376441870409,0.368006023506,0.369465532607,0.382273729197,3.69175853236,0.913724650309
HS0135,0.314049605681,0.33577393391,0.325676136242,0.337566228477,0.359484123255,0.357518339497,0.360756525153,0.358594295066,0.371288146044,0.368646941606,0.369906996604,0.375050610785,0.385043916718,0.376898570383,0.381440193694,0.367935825794,0.393818225558,0.375886902889,0.370617196426,0.352841032821,0.342707894752,0.339910347881,0.334915722286,0.333520190074,0.305383729118,0.301387562328,0.28342424596,0.281003107666,0.292118380361,0.275718166637,0.246474875398,0.249320514066,0.224767245615,0.234051982329,0.225855274656,0.231143833715,0.232468373611,0.243631249821,0.227795608293,0.230677305552,0.212187695657,0.244117423384,0.242494465832,0.239807025973,0.250523311515,0.270250509932,0.271955104072,0.268452672263,0.281721023122,0.28339603404,0.31017984641,0.319039324204,0.30558073662,0.33649909561,0.338774973562,0.347197619696,0.356567570633,0.349558755631,0.350533003511,0.374368832837,0.385193328926,0.381997834129,0.379568318111,0.372064860356,2.63146642349,0.122347361073
HS0136,0.313745731904,0.312458674636,0.323603455178,0.3387473563,0.345293356118,0.353383194104,0.36440612952,0.359216154535,0.36624295036,0.396753566067,0.382748376773,0.368413825797,0.378221667452,0.377090722135,0.378374322864,0.376220164938,0.373374790411,0.377680856026,0.373389781079,0.355312642794,0.352764690977,0.348241709461,0.355463628641,0.339455306251,0.327525485583,0.326764282492,0.307139699729,0.299385140027,0.295501314009,0.279356751145,0.261381436033,0.252756695814,0.251159214544,0.236207232015,0.232173519791,0.228148290022,0.228112702126,0.211300364483,0.19858455755,0.224867868816,0.224380150745,0.220246608454,0.242038543897,0.257014699687,0.268635508503,0.280168059027,0.2842568181,0.29824044448,0.311410005811,0.312030101114,0.328136819303,0.327577359931,0.345475617057,0.342898119245,0.346703855359,0.375924867263,0.363586683362,0.369044257819,0.381245056096,0.369972126197,0.396256482462,0.381650708905,0.388984700122,0.37626705752,2.85485780284,-0.731296889337
HS0137,0.303851708144,0.317785605917,0.329444467974,0.344249335725,0.355466942986,0.355808255615,0.357261321998,0.380172455828,0.381722209055,0.379027088116,0.381558683704,0.3776281079,0.371957534257,0.370627258531,0.386462183799,0.374372012202,0.366395514175,0.364569648845,0.365820607494,0.337018950052,0.340597751775,0.331192724085,0.318635278902,0.304607509878,0.294672882045,0.289809364145,0.28954206209,0.252741092243,0.251308097077,0.265100389401,0.225652023849,0.221945576092,0.228277755786,0.220286166107,0.232596554654,0.220331884643,0.225226250308,0.208382655649,0.221670293545,0.201250368247,0.218328323761,0.21549946873,0.233205827445,0.240195417259,0.244288752679,0.251049444645,0.246278288812,0.256204153934,0.263255289269,0.269506356477,0.272671586008,0.292944605244,0.309806082445,0.31399370078,0.345311491262,0.338028732,0.337434023599,0.36871940799,0.366295670796,0.37119390368,0.364463893293,0.375192075868,0.370470920562,0.379118852808,2.38492181978,0.84256462554
HS0138,0.31187976284,0.323826435936,0.343843002332,0.347101714889,0.348367471136,0.346811148819,0.358348103895,0.368694415737,0.375953165795,0.355035920216,0.397555227965,0.384515890301,0.387585251917,0.374430975608,0.37162690262,0.362803555763,0.361163660499,0.347171043474,0.343642547022,0.327840372584,0.314777660925,0.310146543309,0.292941794932,0.277061252959,0.283686403675,0.270330565762,0.255115003101,0.261039917028,0.23541166481,0.219423097075,0.22562035061,0.230763722365,0.213186447934,0.218551323417,0.21993232374,0.214553795363,0.212895095767,0.209694813363,0.230249318723,0.2196846225,0.222450189589,0.23137025763,0.232140709099,0.213053554622,0.253233065755,0.264814960883,0.261224881125,0.278709089555,0.290156291276,0.283161285137,0.295636757026,0.307310473743,0.317207056801,0.330064978443,0.337570443999,0.350836641454,0.357444270137,0.3657955561,0.374512979807,0.381300890651,0.370278581814,0.388541793961,0.376694200644,0.372243307658,2.26129424323,0.189504426343
HS0139,0.318300346356,0.308193157912,0.322381257247,0.332289655555,0.35671116773,0.343620749314,0.363039619756,0.36500272148,0.364040115498,0.395167327384,0.380604734121,0.371490104922,0.372072133776,0.376943907741,0.373834342762,0.376527260253,0.363051104161,0.347558719709,0.347473104148,0.320941822195,0.31076917553,0.298300021696,0.299841498238,0.275165475546,0.267886114019,0.266214515346,0.249290190928,0.248014658521,0.239491995694,0.233962169416,0.225938711908,0.213546029228,0.228160010842,0.2261785607,0.209459608163,0.204936872472,0.216188509146,0.213983329898,0.222976139518,0.237604175985,0.241302157821,0.223200505717,0.234884223589,0.246545211806,0.257031412247,0.273086066535,0.280915871581,0.285513419179,0.301781771267,0.293980680464,0.318957435928,0.338004420001,0.337447262394,0.349181816658,0.344839774667,0.356082629373,0.356422697899,0.3592083685,0.373244071836,0.373280963708,0.370337723832,0.377159034351,0.389528223931,0.381967296626,2.3950890305,-0.418657011636
HS0140,0.309204761809,0.326825027406,0.324244085205,0.348456309519,0.36157515352,0.356258721281,0.356159426429,0.369075232676,0.375455433493,0.378050001871,0.367192975759,0.384849037502,0.383469955377,0.392374251588,0.383601958721,0.383217980565,0.367707768081,0.374315178527,0.354601429791,0.359411478573,0.342857202065,0.328313662904,0.33142599302,0.328964152882,0.32096684438,0.298593929219,0.284135285368,0.275879499126,0.272410267487,0.261155784797,0.263093200266,0.248715346639,0.249473119663,0.228632318094,0.230274348901,0.221193178208,0.228458923024,0.219261884221,0.232616128432,0.22015774043,0.211586727651,0.232632545516,0.246770356868,0.237383310726,0.239872494042,0.240748944289,0.236180460009,0.240757729786,0.25950190573,0.270863797747,0.282681802574,0.297664916004,0.312960220749,0.322330545827,0.32728530916,0.339538660391,0.346177444881,0.358801951295,0.359845294461,0.371800759157,0.36477412795,0.379706078778,0.372291299027,0.386039995856,2.63362929023,0.932509519305
HS0141,0.309307823006,0.317559882202,0.347671348548,0.343690630813,0.353742178162,0.350734862758,0.366602032362,0.379314710262,0.375937576719,0.383297152748,0.376389523658,0.390135576698,0.369362648459,0.376628140569,0.360129195852,0.374667025162,0.351989859178,0.340810376994,0.339418472387,0.335902055778,0.311447166772,0.303117158822,0.313113646718,0.278144082505,0.274150338659,0.274943237947,0.25994355433,0.220755105356,0.253729897304,0.230053609513,0.235593169315,0.209013110229,0.241127870614,0.224509319907,0.213262037684,0.216890319019,0.223421762535,0.200705288004,0.230538118624,0.231209576713,0.226680816245,0.23056768774,0.246515517092,0.242475718459,0.267231113012,0.263669665671,0.284840934137,0.281153630184,0.301321506591,0.294480563206,0.299038052904,0.315435113257,0.326378825264,0.340094550935,0.340397776831,0.359756320318,0.362130240099,0.381158882814,0.382405584542,0.380101024666,0.380829707146,0.383252621249,0.387904534469,0.385513899093,2.42176843531,-0.211522559093
HS0142,0.303006343319,0.314207602621,0.315515005654,0.337365141849,0.343749533186,0.360124762329,0.353491822326,0.36194269062,0.358277825759,0.373991093717,0.378299576761,0.388738523237,0.366283331347,0.374986620562,0.382671073135,0.361741063743,0.344705682951,0.343623957944,0.325424202189,0.320063859279,0.321928377188,0.283474480872,0.287943629791,0.253704287153,0.248363744716,0.254119566634,0.230999635043,0.220281733883,0.229341932773,0.2124660281,0.221881557112,0.206977631676,0.203906430124,0.209199185154,0.201337713254,0.198011382179,0.212776425024,0.226699543491,0.223460268914,0.223133024819,0.227154738,0.243183382097,0.233765927163,0.271060158091,0.26824716351,0.277353180396,0.279996884587,0.298315458949,0.314623502191,0.319502098025,0.331302675658,0.341587330619,0.339493839661,0.367071617915,0.354633684584,0.357522337924,0.368105257563,0.381213715078,0.369840542667,0.369683026567,0.381495978083,0.383813374875,0.396340374007,0.383024417658,2.13889270422,-0.848872090303
HS0143,0.31248641258,0.326062241459,0.324709056241,0.344062456319,0.330129062636,0.356462217623,0.357919994783,0.369240129713,0.367806104553,0.379666783831,0.382780204879,0.380578660079,0.371988831494,0.373082889722,0.375876142202,0.379845326262,0.361534450092,0.370201379268,0.370112153816,0.365410410187,0.360425660863,0.349799579413,0.345718125885,0.339991316203,0.32756070948,0.313721331184,0.298531177045,0.280397932833,0.292270797222,0.26118880852,0.261027409341,0.264653421936,0.233279638538,0.230575479877,0.234771422952,0.227140452981,0.227916606933,0.225154110092,0.215887874035,0.227764888919,0.214856961417,0.223813215257,0.234929396266,0.238541811339,0.237434193798,0.258125428944,0.236780624233,0.261931420054,0.277671653464,0.274472144025,0.283448364746,0.301171681236,0.309780194005,0.313024077032,0.331557762535,0.350428261762,0.340299059912,0.365307766931,0.371030639677,0.387284017415,0.378725032273,0.376361129936,0.381876779296,0.370238168799,2.8356468739,0.641097658129
HS0144,0.315930738836,0.328540112989,0.31770344446,0.328840533375,0.338294777063,0.353170249308,0.360193749796,0.373090823736,0.372955172421,0.377541252475,0.374993633823,0.371406815045,0.382441221115,0.382155820792,0.385663501032,0.388559003232,0.377546662157,0.369781715293,0.359642390943,0.36672046996,0.353878469874,0.355565623262,0.331247195263,0.324141574394,0.32722076792,0.315315148237,0.311999805302,0.297818484906,0.27314913051,0.272619197503,0.262606676029,0.247092815081,0.238392853554,0.242450824388,0.236339250711,0.212446491559,0.228700399553,0.233976613788,0.235589679329,0.22313059329,0.20433963842,0.226058274328,0.235243702468,0.227464668966,0.234727533631,0.246889463813,0.233211052547,0.258177814003,0.264000646815,0.273678140235,0.277806667541,0.285856689196,0.304229622237,0.307149218439,0.32887632629,0.338745653559,0.341637682019,0.34700041891,0.360317512584,0.376042278999,0.380280770867,0.372447164098,0.388116482541,0.372560399774,2.6547577379,0.977517411349
HS0145,0.308098367627,0.318772396368,0.331238310812,0.346265431604,0.343170538892,0.351967126156,0.355879091589,0.378791423253,0.384953826114,0.377051372168,0.395703729839,0.379466139207,0.394597758435,0.375971974746,0.355606348055,0.378692064248,0.342372582688,0.358021703877,0.340561376105,0.33012196268,0.323596127382,0.296822425764,0.313641537981,0.276023482612,0.272415882195,0.263348869651,0.255014868035,0.241401768859,0.23771857362,0.228598079403,0.236929705779,0.214588484274,0.224273844276,0.208966633196,0.218551658568,0.217464794548,0.207106257601,0.227612509818,0.214839169674,0.219784327661,0.242349274578,0.252127757621,0.249571669535,0.269328660227,0.268361289035,0.284983782524,0.293713247255,0.305382360598,0.321769239431,0.332433870619,0.329037854882,0.34823323512,0.348683858963,0.351555173233,0.356288289705,0.368182820014,0.362254071749,0.387739329366,0.369442944657,0.370277800868,0.374844046734,0.398786954579,0.375110042486,0.379586109098,2.25592396451,-1.0027061464
HS0146,0.309879779282,0.328692875065,0.338241850379,0.335048822401,0.347995778127,0.36142892507,0.372183581963,0.361637655977,0.37230698708,0.378228773393,0.380757455773,0.385240627507,0.388013296344,0.370287919875,0.384644513574,0.364806414589,0.352196795701,0.355904321975,0.33826411551,0.337502586596,0.332541544942,0.307282701126,0.309213639065,0.28790317498,0.274984449821,0.279547429872,0.245997041163,0.263802588991,0.242430303298,0.244327690755,0.244263733501,0.240965445659,0.236614702365,0.215454719826,0.219925426108,0.22207635017,0.222960211093,0.205581133777,0.225451066818,0.217780416721,0.223314641139,0.229590219547,0.225852150048,0.250135555761,0.234186695256,0.24761481449,0.249825736343,0.270203769668,0.277216612849,0.27515718136,0.299935777642,0.300732493103,0.312899366075,0.325656731375,0.351609351304,0.364054441967,0.355547796969,0.36714245216,0.373522908495,0.371264761807,0.364287346707,0.369747448017,0.382682788076,0.390678361885,2.3863218576,0.531133825254
HS0147,0.316404494078,0.31062338373,0.329362299378,0.329958226299,0.333732432808,0.358765447308,0.370261987713,0.363847011093,0.375247988189,0.357960578553,0.376934954953,0.352609665025,0.367315898072,0.369337650973,0.36553000326,0.36904045517,0.368708145703,0.370635905592,0.339848829228,0.355576012306,0.339178552401,0.331684217923,0.321035047237,0.311983561551,0.31388710317,0.296935632667,0.299799716689,0.2689562922,0.261304335878,0.248530160804,0.245780713181,0.248615298612,0.227281948438,0.241885502997,0.230840687794,0.229479714497,0.218356855932,0.235985671811,0.23659512479,0.226683645778,0.230161778849,0.227133159559,0.246423486148,0.25805895495,0.260993278507,0.260723004565,0.272573272077,0.299004333343,0.296242931585,0.309611638097,0.323861170032,0.326418930209,0.345980183735,0.351834260022,0.368236306913,0.357442731102,0.365864719374,0.361533605909,0.376468450402,0.362378954243,0.378739596135,0.386657039339,0.38174211631,0.373090051426,2.56497969039,-0.467301532068
HS0148,0.3061967736,0.320400537234,0.325350679698,0.33614106933,0.362601000977,0.350452012827,0.361432153941,0.364084489969,0.373564483866,0.382972001103,0.367091188781,0.364252464955,0.35776073979,0.365764326458,0.376419637966,0.365142001053,0.357293066997,0.343861309973,0.316821384789,0.302607430861,0.297466583862,0.274934833935,0.253450443454,0.259551549516,0.248237590742,0.221753283737,0.218652004518,0.213287162549,0.205092887645,0.208614375826,0.206230364162,0.194586355648,0.197655965497,0.201061141831,0.210772612283,0.202278619303,0.209769144505,0.195970662983,0.217014649012,0.213420377705,0.211419758442,0.219221943478,0.218829592499,0.214094476576,0.248213097849,0.225980411978,0.228275356819,0.26060279458,0.248218813661,0.257045317338,0.269405209655,0.277349248915,0.29566829845,0.305790872031,0.323094100413,0.340536779479,0.346326900846,0.372898050528,0.366330883589,0.367152781086,0.367015994047,0.381365522143,0.373284464807,0.377822987129,1.80177351817,1.26065449659
HS0149,0.309561767734,0.326438376447,0.326533832936,0.353122044169,0.352778439166,0.367760111981,0.368991244202,0.368135981671,0.37403197053,0.369161143207,0.369787174556,0.381171444287,0.376844397623,0.375379705988,0.379645734541,0.379676410453,0.360819044163,0.36191537658,0.349855386785,0.337967370897,0.339554000004,0.329572657576,0.320015312376,0.311850219049,0.304708406165,0.308456576792,0.289569822485,0.274582415236,0.264181432929,0.245692798989,0.24746073425,0.242531500811,0.235235317084,0.234260415531,0.223581336572,0.225396357182,0.217179400441,0.225339722583,0.215103656351,0.23331273805,0.22157071077,0.23139716706,0.247339259712,0.243931380417,0.250498162474,0.27897131449,0.290966855302,0.285951421423,0.308410498407,0.30539232751,0.331290879521,0.332929863228,0.34802954508,0.352434464111,0.365137545514,0.353677364601,0.367788075799,0.365124625808,0.36367262024,0.358837362185,0.383763374519,0.38564210104,0.379438732663,0.384711424517,2.64102065072,-0.653919626892
HS0150,0.304768051459,0.31647222319,0.320281628389,0.344090491566,0.357504183158,0.338536602698,0.363657906856,0.372416430417,0.352518515321,0.355133149425,0.383153912091,0.36688515432,0.363725328409,0.377520923808,0.371774712038,0.355961211331,0.348428651374,0.334157994535,0.329325656616,0.321625821559,0.295066759615,0.273830202107,0.259280843198,0.234126140218,0.238669026345,0.227396235394,0.219402696714,0.206578634468,0.194846806085,0.192642112208,0.205215947816,0.187526342498,0.21169593962,0.219407860836,0.204116444908,0.201359635158,0.220048904504,0.223516730773,0.226218559563,0.216661256113,0.234928843781,0.219365165071,0.228888941977,0.22800590374,0.226474499195,0.229551806806,0.249795366404,0.24692891371,0.259087949672,0.251897316435,0.26161848743,0.276675537611,0.288113343043,0.310272705842,0.315885913628,0.312289130982,0.343644488882,0.352059706108,0.361452078776,0.364094463672,0.373014292745,0.376536714839,0.373368931287,0.378644836703,1.7730563142,1.26060514198
HS0151,0.316811019439,0.322856730645,0.324095243259,0.329731723995,0.346943107705,0.342112157053,0.375617165991,0.372450328506,0.378126350465,0.379262688709,0.383416283903,0.381978186346,0.380014877511,0.385839921661,0.377817574986,0.376444149583,0.389502678169,0.373455185712,0.363917888225,0.36268856606,0.343991049708,0.352969749524,0.334679785957,0.335394106484,0.313566572921,0.320501521054,0.300900591183,0.293787181164,0.288097504584,0.266639870507,0.27157772869,0.257268946049,0.246069546381,0.241939168729,0.237518918085,0.213871039065,0.21976442611,0.221842525022,0.221358718109,0.215048331346,0.227542492245,0.236461229544,0.240939724677,0.239325455354,0.249080781939,0.280099786134,0.270379051828,0.271638560648,0.309553132732,0.313929472858,0.317791567621,0.340168250497,0.313565802592,0.349049210168,0.337455047826,0.369621141918,0.358788104358,0.362028255316,0.370962440902,0.381553417141,0.381494736818,0.372844744846,0.391312803811,0.371328197107,2.70373744126,-0.373470933842
HS0152,0.314089741505,0.310022054543,0.330949849293,0.351883641152,0.341562851435,0.361620449856,0.35321653318,0.359228449732,0.368425409629,0.371309020393,0.375819244953,0.381551263671,0.377446689513,0.377429281452,0.366190054276,0.365949550722,0.355669906954,0.349908401891,0.319504465249,0.316647579125,0.294850612166,0.275314099597,0.268646604492,0.263850833359,0.239912482695,0.239972798415,0.228826264327,0.210170010544,0.232654621523,0.210227275099,0.20587222391,0.212271471935,0.207078293386,0.209068612484,0.206598930783,0.213810321286,0.202247784234,0.210689501936,0.213237639332,0.223098076767,0.22905456417,0.240025247464,0.233160625543,0.246547854756,0.264848577148,0.273455450151,0.280994139977,0.291643603484,0.313128641614,0.312586455793,0.325304618645,0.324481325346,0.32573822722,0.349773995218,0.344115243985,0.34808418764,0.374391401458,0.360599027883,0.36812775317,0.371513860336,0.377723375991,0.387805937989,0.379396537531,0.372571459982,2.02031094375,-0.495403269607
HS0153,0.314173306914,0.307627496338,0.325282379436,0.330862046799,0.339231326351,0.363925411508,0.360936632226,0.359270673074,0.361990335052,0.363571705464,0.380082655297,0.380944720335,0.385917367632,0.378011711613,0.3813298283,0.375654275537,0.365766877203,0.38725940019,0.370706351619,0.369084957631,0.358881331991,0.345053187828,0.34318593275,0.340685205799,0.330362789581,0.324454527229,0.309377809413,0.288473661428,0.284841479149,0.272496848559,0.255895764775,0.252560066625,0.240930663443,0.2433390989,0.242243584965,0.227535649761,0.214452452024,0.216331368636,0.229235503878,0.226159863076,0.238959344553,0.230875686582,0.227585753426,0.232177625791,0.223036426537,0.25148639022,0.235188351876,0.250160495048,0.269335206774,0.28418604382,0.294936036632,0.278199503625,0.308579248921,0.326891316022,0.316954736245,0.333211333845,0.363157535144,0.36521353642,0.372854806048,0.38672794312,0.378455052649,0.375502274781,0.384543098391,0.377898260238,2.64684504001,0.771690528565
HS0154,0.313649281521,0.315580287072,0.326831396209,0.334478038642,0.33331710225,0.343025521045,0.371597928073,0.373319611684,0.362961573806,0.371823060002,0.386298777489,0.370744212793,0.384531452954,0.374776909233,0.393153138926,0.389191221419,0.379483120721,0.361323358434,0.39382260474,0.37194662419,0.363978140074,0.365995252843,0.365929281029,0.348466517852,0.349025788509,0.351125224586,0.33418839347,0.323609581327,0.30567473538,0.299081364501,0.288860680443,0.276897569826,0.260943671908,0.237499681828,0.231155903341,0.234074131836,0.228941389534,0.218791651404,0.203415052948,0.22779735266,0.240316188224,0.228451267489,0.23725616661,0.23390446828,0.244739750292,0.253850510194,0.24681121569,0.266873505345,0.283337509027,0.282265457447,0.290846473558,0.296477913325,0.308705689441,0.315685270846,0.329073693624,0.345531997654,0.357722024615,0.367681436888,0.365631228848,0.384770476721,0.385249151112,0.374989097747,0.367125492027,0.385952191604,3.08957704444,0.495756021402
HS0155,0.302963159056,0.323126624339,0.343742884672,0.334598223878,0.349234205802,0.36590111656,0.346149271258,0.355045027861,0.373396759759,0.3730548015,0.371818082862,0.386688238801,0.402304609213,0.392179543226,0.376184488624,0.36639954727,0.377514084349,0.376130722131,0.372364184697,0.369952152401,0.370014530269,0.372472646627,0.351170351448,0.338449910859,0.348009799712,0.32295062991,0.305026017803,0.302229297809,0.306755350505,0.276722383721,0.260212706312,0.257855618828,0.260437225337,0.252881517559,0.22309213704,0.226043889831,0.233911509758,0.220901177599,0.2114732357,0.221618065156,0.223393025884,0.251056945566,0.238302419299,0.259747123604,0.259903446255,0.27196862318,0.272357015645,0.286306051856,0.296895998116,0.316840957474,0.312864204053,0.32212475068,0.328524556137,0.35435922487,0.347976782008,0.355055682868,0.355776307633,0.36565965791,0.374881169475,0.39218928145,0.382072588749,0.362672455471,0.381566965684,0.385848986472,2.79852046991,-0.309170396939
HS0156,0.316467459557,0.332118397979,0.328556859195,0.340333727743,0.358545844935,0.341537975666,0.348029339282,0.376905800816,0.362150029698,0.37853332785,0.381974971119,0.383089118744,0.378111327599,0.369114993423,0.374621195488,0.372011574134,0.366070754393,0.353300941207,0.342217886079,0.337339396999,0.320476921694,0.329008899592,0.307251800399,0.282971757881,0.281634120607,0.265983033731,0.258859199647,0.242763485453,0.252859057684,0.229121841075,0.245083383085,0.21357749604,0.225794168665,0.216692041714,0.222070909468,0.225381925146,0.204354182044,0.233973955528,0.219485070031,0.227892997046,0.229324146292,0.226839770711,0.236144791288,0.25005924929,0.257875690556,0.263989922953,0.273404989483,0.282246910985,0.288007723243,0.303424422806,0.309551135517,0.311186407948,0.330982830288,0.336137737605,0.350686880145,0.357493203952,0.380205940815,0.358929316154,0.377404582583,0.359282774621,0.37454304751,0.3984081066,0.366799974942,0.377352484901,2.33021224773,-0.258218073643
HS0157,0.32121109287,0.319248523124,0.328820402426,0.33410662609,0.344717280866,0.354931748364,0.36214407664,0.372194056531,0.379932782718,0.366939510057,0.383205501862,0.380306798238,0.387071545031,0.363748392812,0.362867625919,0.350698560609,0.343239078196,0.348641095919,0.322452468968,0.322365177115,0.291509007273,0.269954364367,0.269986270987,0.251807946952,0.240141779957,0.225828444312,0.214045939209,0.207781252265,0.214957505471,0.193428536446,0.20637290755,0.19327681702,0.202760897207,0.201949823234,0.21138647048,0.198082063107,0.213483843731,0.208922467101,0.193400772791,0.223542030437,0.218352769223,0.225038377763,0.227058418761,0.232920415369,0.241708787263,0.243066245348,0.24315708227,0.240396325306,0.24437788628,0.271853028495,0.279992101211,0.288397881782,0.298255467306,0.308430013852,0.342319383778,0.336212301633,0.357667022029,0.352837572907,0.35541044478,0.367872273403,0.377174283645,0.37753049331,0.383064696527,0.364612459497,1.97776260262,1.03689588383
HS0158,0.300419860676,0.318085541165,0.334607310336,0.349135051963,0.345441177306,0.367777261369,0.354598391365,0.367276672201,0.373359693767,0.378195396117,0.378161377892,0.38080782334,0.372076847147,0.389842621598,0.377478005084,0.379498239864,0.366032363039,0.35999862032,0.371225666475,0.353961332007,0.332484115093,0.323228486876,0.306251715343,0.293416953542,0.306532987957,0.276957658205,0.283416271377,0.262708115444,0.262711589155,0.242364559448,0.239709715056,0.239942762108,0.228675106239,0.229288234029,0.227106735499,0.221148151615,0.225083856136,0.215055218744,0.22135352248,0.223456294374,0.223402595502,0.218381411012,0.22021577126,0.2393407179,0.228225910632,0.248405621806,0.240609007332,0.237511692388,0.239917488532,0.256644158467,0.262547254616,0.287807241694,0.298408127067,0.315155307078,0.31965049699,0.335254097974,0.359992352464,0.354262005524,0.35528639172,0.363320125882,0.381918124422,0.379943549342,0.362453630974,0.382732837665,2.38876109929,1.32068096345
HS0159,0.308632830012,0.310861918641,0.31977435694,0.342568450286,0.34498913207,0.354504416871,0.362595993267,0.355814068933,0.383460354069,0.392716047835,0.373024135351,0.390794917725,0.387742540832,0.381451665456,0.390474104487,0.391661388956,0.373189434533,0.383640359731,0.372660067312,0.388045128025,0.370237064679,0.367290713376,0.363894592922,0.351355824006,0.34295753995,0.331807541756,0.332985042426,0.33043762414,0.305107523501,0.290163382875,0.278100105152,0.262650953459,0.244683719387,0.244248158999,0.237388291393,0.237784463425,0.238644849993,0.229658735549,0.225946069572,0.231650855355,0.209222999171,0.220705154737,0.21865526356,0.219359986153,0.239071293559,0.232912252299,0.24386356393,0.243235188102,0.254237860692,0.275692240173,0.282496519489,0.308766160586,0.293505714535,0.312504217874,0.322973451753,0.346212897873,0.358134931406,0.365360474466,0.364781424268,0.362184689019,0.377047508177,0.37333101519,0.380552469188,0.364050040364,2.9480748678,1.07793972483
HS0160,0.302267316353,0.317358038668,0.32423804832,0.325871319854,0.349174014828,0.361566719542,0.357464885824,0.352904374132,0.37221467591,0.372499272693,0.37671917755,0.387077888834,0.37868799689,0.380955099531,0.365297243478,0.377886851004,0.371994941732,0.370893548822,0.373035818154,0.348150027349,0.351928138791,0.344348139278,0.334166997554,0.337520834965,0.329098668715,0.318297946861,0.29836800257,0.297464917482,0.285891282392,0.261871285472,0.261850779951,0.242947909013,0.243090927217,0.232391133965,0.226127642508,0.227520896536,0.224135527151,0.226447583037,0.212601760958,0.222846620962,0.206128806066,0.231757758806,0.222985048946,0.235372619712,0.234536090629,0.240557121781,0.255548133637,0.248740676534,0.265422502545,0.270698990384,0.279712001451,0.285446743372,0.291164215203,0.305748988167,0.324561307032,0.340195699946,0.359663277963,0.350712764731,0.357360886908,0.38677783981,0.373373927534,0.366145281451,0.37883171974,0.380032227945,2.61867244034,0.966588390313
HS0161,0.32090238845,0.315275293821,0.332051497644,0.337702631629,0.351091378272,0.362588552342,0.359962943612,0.367185267812,0.385806030526,0.373026738939,0.39132229753,0.38048683982,0.393175224702,0.383298177514,0.39197914511,0.387865597857,0.383003278507,0.388335854432,0.403059869554,0.409420966184,0.415694131018,0.427556418921,0.423304412129,0.420840353192,0.419345014782,0.400874689012,0.382780776432,0.386450240155,0.377551396942,0.352792345246,0.333211093632,0.310892526145,0.272752100833,0.283230594015,0.261368344759,0.246107053792,0.229900766606,0.238766183109,0.229150594502,0.235022003537,0.233116136827,0.241219139636,0.244432986798,0.249346613923,0.240621325397,0.263910467178,0.2569447711,0.274173420508,0.299516057428,0.306065070878,0.306175785166,0.306823899524,0.340371064283,0.3413572369,0.348138462735,0.330933366011,0.359704594613,0.375357213552,0.379599186377,0.38608897384,0.380429053363,0.361037369325,0.3751432033,0.398709341982,3.4860222876,0.0740730974152
HS0162,0.305324189408,0.31240868852,0.315496586911,0.339376399342,0.346037397967,0.353883027283,0.371048547198,0.368868421042,0.367020378394,0.364692156036,0.3801179754,0.371617596445,0.381478504957,0.368374468638,0.384971415289,0.373382136338,0.359825135503,0.37222532101,0.352642730585,0.354029643411,0.347179563367,0.345324856287,0.327538841198,0.305117950353,0.30512418997,0.302667289612,0.288835596816,0.28083103057,0.280872324297,0.256302080204,0.262750523091,0.25259657571,0.223616191018,0.234730371339,0.224181333772,0.222083969313,0.208492663399,0.211319072163,0.215575683047,0.229150823024,0.212870280843,0.238731406002,0.219341304718,0.222429533737,0.225379427611,0.244966418763,0.251778297475,0.243863094533,0.260575758412,0.266947619179,0.266377934576,0.29552432291,0.304545780986,0.321982341845,0.333733433244,0.335749007884,0.346344899172,0.366200537025,0.377561083754,0.373875440726,0.377051709198,0.363527714863,0.383411252663,0.374201667265,2.5182286354,0.976721393632
HS0163,0.306963627278,0.311812421557,0.328096372944,0.343805280143,0.343344932735,0.356769470552,0.366727943395,0.355650568292,0.360969450715,0.375455541001,0.381986308082,0.372875093472,0.386607454913,0.376879613984,0.358844630435,0.361019880467,0.350959746791,0.336937451862,0.314000853009,0.307388207657,0.2964329796,0.283875183194,0.25435658372,0.253633116347,0.245942445731,0.23836241403,0.209798674543,0.205601908917,0.211291147516,0.199122638618,0.222405484841,0.215128883914,0.204366568088,0.205609204763,0.208213896046,0.215125258144,0.221830709577,0.220810417834,0.220048756407,0.234310012152,0.216862969759,0.239106483161,0.229821496132,0.224582893696,0.243005073651,0.236760019942,0.261563250823,0.249330133503,0.276604093278,0.274889974591,0.299975173937,0.314912989607,0.297446410703,0.318860097215,0.320373415423,0.335053132603,0.3487880818,0.351531123703,0.37443521488,0.366728940459,0.372695500407,0.373065026623,0.390740749473,0.381260857792,1.98910063709,0.781123980552
HS0164,0.322374840427,0.327993537739,0.331987942643,0.34157144904,0.335879493398,0.366527476914,0.355755980794,0.367287572939,0.381957409151,0.369473105512,0.380310930005,0.374773372849,0.373532675104,0.379288541784,0.380341395238,0.374708507043,0.376136504195,0.375519470349,0.387062547412,0.375405581848,0.367453444901,0.359029505557,0.340617969882,0.350887579459,0.342028347406,0.322257535189,0.303602710697,0.299379565696,0.305971120001,0.285944402876,0.278600790848,0.253065621313,0.252365209188,0.256138048586,0.21498009124,0.223468298979,0.223563566229,0.233648209169,0.214109476025,0.217058119868,0.246251299621,0.243621872441,0.250259717853,0.244118706566,0.266151214314,0.281529643127,0.29045776986,0.29442451751,0.320843793042,0.317623524195,0.33787762067,0.331502454892,0.349598608092,0.354877474374,0.358514875611,0.365557304094,0.377655345136,0.364440681501,0.378422976933,0.377918377355,0.382772370533,0.375808216025,0.392859231072,0.396707206098,2.85710128549,-0.862589330622
HS0165,0.315673921109,0.30528927034,0.325292927023,0.344511610245,0.35015832957,0.36004145409,0.361228054512,0.367064493507,0.366159742029,0.363414801028,0.381558034266,0.392082058223,0.371177804301,0.379592440184,0.36662669236,0.346258191787,0.340901931402,0.346274976097,0.331859099906,0.308761785422,0.304042790602,0.283784410304,0.274590697031,0.260727118135,0.255091272746,0.241147016837,0.220278203933,0.223400358332,0.235731304355,0.207119790258,0.198940959462,0.227330861895,0.214411670083,0.196167292184,0.215190086049,0.209524362357,0.208610782069,0.221152961177,0.227412285059,0.221551357418,0.240378947719,0.228635326702,0.227455518577,0.239862396847,0.261699906091,0.250203041394,0.262766719669,0.288265340427,0.283830718693,0.297205058742,0.302807510256,0.31032877397,0.321841713837,0.339046586475,0.356783631396,0.349428164879,0.353884588703,0.38366053053,0.371686021941,0.389135481866,0.358696457756,0.384147682325,0.368958683949,0.381369838518,2.09504753021,0.00148386040214
HS0166,0.313888949268,0.326095248974,0.327894611881,0.339521716753,0.356598469415,0.342973082793,0.357792708856,0.371914527879,0.37640032942,0.377979577443,0.381716740203,0.374218482655,0.393637519933,0.383434500379,0.365591663065,0.380391827213,0.36180955033,0.359329419225,0.356538270801,0.348860092911,0.340026314862,0.323077073907,0.307861940813,0.311632389166,0.294455554936,0.283496482061,0.275901432901,0.254402114407,0.268625847741,0.257439927298,0.253965445523,0.225581487082,0.217956547978,0.225049487936,0.22047890657,0.219075117058,0.236071449127,0.231599592953,0.220138055305,0.222522603009,0.218541314784,0.218956021726,0.224458841646,0.249379192627,0.246303205371,0.254299833155,0.26032772398,0.241970299168,0.276700989759,0.294572942381,0.292348727276,0.305543270185,0.316567593008,0.328592058252,0.339744511455,0.329826948686,0.351728480506,0.341334418509,0.363016215744,0.378712947192,0.37619992628,0.376191263845,0.374067892173,0.35670484103,2.57362767157,0.477384554044
HS0167,0.311507548446,0.332578739386,0.339617651297,0.318836574106,0.337449182406,0.352567402415,0.377431208088,0.361128462215,0.377227962398,0.390426698486,0.36971405612,0.372739359521,0.379920990909,0.390517027113,0.377406572688,0.382299207569,0.386314687694,0.382425746769,0.370839736302,0.368415842995,0.368399483089,0.345643129378,0.351275187869,0.357440485356,0.337313983297,0.335760176391,0.326557702122,0.313542651067,0.307361142986,0.278239354128,0.277662967453,0.268301581974,0.257341373398,0.243412873308,0.239495708681,0.228336220457,0.225099348352,0.215774970316,0.229009522625,0.229667698597,0.237541524755,0.234872076617,0.25598621792,0.257158181389,0.250468304284,0.273151616158,0.280510866266,0.300117299514,0.324555484425,0.319569818277,0.336092988038,0.350115328936,0.342407073149,0.350083931004,0.345623154281,0.34880356987,0.34771484308,0.384123258727,0.377091069009,0.373051497993,0.387602705049,0.393604564413,0.385537054576,0.385349310078,2.91296119838,-0.771930268365
HS0168,0.308952283811,0.325134742237,0.333252463273,0.329663834972,0.347981213633,0.35450139439,0.371611604059,0.362387425602,0.372880317347,0.374951676663,0.383584641905,0.381073778783,0.394995578126,0.384690957123,0.405192063903,0.408932010004,0.388676937239,0.3800201705,0.402327733672,0.400656611452,0.396794267058,0.401880081986,0.385850616391,0.379188627605,0.377769555927,0.36325389883,0.366824572072,0.35686594576,0.321255915121,0.318513217849,0.308207619418,0.281916516826,0.264163576181,0.25922463091,0.243984029502,0.244233637818,0.232119887552,0.22719784169,0.223023335569,0.222585783476,0.227422569571,0.247392550671,0.231164542266,0.24989368567,0.244135222467,0.246945399884,0.257418709083,0.254388742355,0.279648858121,0.274385026457,0.286345947411,0.310942594132,0.315962679673,0.335871376946,0.328762264138,0.341353636586,0.345323780691,0.366198417917,0.36395261916,0.382631664846,0.376398511636,0.374060917016,0.392426207158,0.384368229867,3.17608185024,0.462318473858
HS0169,0.305196492016,0.320928664533,0.339986963687,0.346341108016,0.333837492019,0.363650927761,0.355134224227,0.37631866962,0.364276025333,0.389577336373,0.381508739945,0.37720679271,0.368932681237,0.390154293344,0.364547697923,0.362690279336,0.359333445539,0.340029712727,0.347508913253,0.325740837167,0.320549621303,0.310232324053,0.294605785221,0.287041172178,0.270663806839,0.266095709434,0.246070049913,0.248598054627,0.240034132196,0.236505669127,0.22376781192,0.212890393461,0.222112826227,0.21519968508,0.218295401642,0.213410047669,0.210353018038,0.211722849538,0.205558624963,0.220196022065,0.216407604613,0.252005263866,0.243061374969,0.234986643066,0.25588571964,0.24284996682,0.246297337891,0.27057793113,0.286036701382,0.29656106731,0.308908321484,0.319019524993,0.335933770105,0.3364385143,0.347624144258,0.335472219034,0.36475994645,0.361999542383,0.360713368693,0.385658973026,0.387113625852,0.376574573599,0.37723091883,0.376863837337,2.14611579413,0.0977537138789
HS0170,0.307929615466,0.312667363518,0.324227465115,0.336432968381,0.34845795427,0.357683818501,0.361923530466,0.374005295706,0.383863624873,0.379782745742,0.374931343689,0.391466283054,0.373415177163,0.381463513409,0.399619365926,0.390178717011,0.401360523753,0.393320530284,0.367658723764,0.382479866926,0.371438443217,0.363591186001,0.385410360199,0.366196915041,0.350667466685,0.349330735042,0.324126257535,0.314051725762,0.319164496533,0.287951174045,0.287377673097,0.277308762788,0.262521116697,0.242020637637,0.243620699018,0.252662820455,0.226306402151,0.221216916927,0.23303467019,0.23515733462,0.24307188625,0.224209049997,0.247549797372,0.256685160528,0.263200597057,0.283399486961,0.303376693536,0.298306576657,0.311103514742,0.326753158286,0.328089409293,0.36048280733,0.351038412023,0.353425818257,0.339764032142,0.367530496454,0.358081258611,0.372651609491,0.374705712045,0.380198367267,0.377827014437,0.394300959931,0.385178038914,0.375470841473,2.86015162085,-0.928376083345
HS0171,0.311268766916,0.321704020843,0.323406957012,0.341498709532,0.334068015362,0.362746639791,0.365368211896,0.373816802599,0.380783726878,0.367207385467,0.385261805493,0.379584562068,0.382079333212,0.373271017547,0.356681813703,0.366865506531,0.353673429224,0.342901126733,0.322434713741,0.314226620573,0.304321521557,0.299082823158,0.284887179403,0.257888311432,0.243350589704,0.238672840591,0.240231856218,0.22509531033,0.213914724773,0.21382384815,0.218866475156,0.217943254298,0.202591452424,0.208595999878,0.212274619501,0.21902145584,0.216761688241,0.215903945745,0.234441916135,0.233829540465,0.221844657888,0.255212052828,0.250603743195,0.269677497291,0.267177994996,0.297835344438,0.287655134726,0.326141101413,0.329609634105,0.327270043395,0.343547532316,0.344069237695,0.358269137038,0.356883908392,0.365162674616,0.367729530323,0.377457545934,0.37512383091,0.392420632945,0.380558353604,0.39783033972,0.385787737719,0.404266557703,0.383890410019,1.94652106546,-1.19001713744
HS0172,0.294679686096,0.319653277404,0.333607679452,0.338874371726,0.346413917328,0.372517136547,0.347953710256,0.343444705957,0.373017252366,0.370674564302,0.378584563755,0.374017724706,0.37533740458,0.386560268705,0.388298934215,0.378814864212,0.365988347206,0.379829760241,0.356864932204,0.349705171827,0.334650657136,0.349428848194,0.312427932911,0.329419748323,0.312593718954,0.288606563636,0.281430473385,0.287669879003,0.263905369441,0.264312395674,0.253711947823,0.245193989477,0.236472672705,0.243552482492,0.224837137177,0.237564305143,0.219020311239,0.223362436875,0.229463684169,0.231147388351,0.230957253724,0.227102332955,0.251231965268,0.235800164104,0.255976100164,0.245092598838,0.262968813909,0.268359422823,0.273219245855,0.289381603131,0.289933202213,0.28971829878,0.313030082547,0.330223124011,0.336845569108,0.335773710585,0.366181637774,0.373469516557,0.368124518414,0.383454867611,0.391733088789,0.383424001992,0.384747321478,0.363982231093,2.58877753196,0.373868651904
HS0173,0.316571906493,0.309823274268,0.341889056612,0.345863052936,0.344456635131,0.359205438389,0.356330175719,0.361764305522,0.365669462276,0.370226378091,0.380447328211,0.394726940585,0.380947495529,0.387791142173,0.366870144661,0.344351864512,0.350065406154,0.341944653269,0.330350522162,0.313404607317,0.297029830831,0.292659178334,0.282033627004,0.257221381638,0.239272577785,0.237275735495,0.228856159693,0.217932659735,0.198623905246,0.207128046362,0.199004024594,0.196208661449,0.193242518076,0.194237090638,0.198686789161,0.209055388385,0.200052730242,0.203203523894,0.231881340347,0.225861861299,0.228734877931,0.240469770892,0.269949313468,0.274473543456,0.286865233762,0.291320740397,0.301710715925,0.336442409546,0.340231958895,0.359973408967,0.365977227545,0.357326835624,0.374507383893,0.37159573377,0.380559323905,0.399567511254,0.372842997997,0.379111521165,0.381654272902,0.376319283475,0.371266812961,0.395093780912,0.371202022162,0.379745329197,2.02897866337,-1.71827001996
HS0174,0.306592544762,0.310899234168,0.33826594676,0.336425920548,0.34085048325,0.360760846127,0.365036647933,0.367280951952,0.38139664907,0.386785987466,0.384562781991,0.381691333365,0.382789236803,0.387509565943,0.40123551447,0.392546624549,0.393913676429,0.402332376059,0.398018164873,0.396398757125,0.406012462848,0.395124949871,0.418249861201,0.409509589561,0.397955924952,0.384162100178,0.364503600163,0.368743695458,0.358360417999,0.323415215274,0.302870790737,0.299240264329,0.276675630786,0.245969685144,0.251368044471,0.237956005905,0.232581980842,0.220614918226,0.224541494705,0.24368876439,0.222516146447,0.263650373345,0.250432273809,0.27317548505,0.271154439169,0.297013048937,0.313076070413,0.31724400351,0.333546369176,0.347362397852,0.351298188349,0.368251533552,0.384163837794,0.365581205851,0.362309573688,0.374464775368,0.37466788481,0.384991524829,0.381714150007,0.384439990517,0.38730979226,0.379277778815,0.368720264041,0.394479723904,3.3197552959,-1.64960801152
HS0175,0.306618181396,0.322554916502,0.312826442718,0.321413628027,0.334917450286,0.361601541226,0.372411518151,0.366207018719,0.365389486911,0.375654992349,0.362105337395,0.373738187183,0.386820164533,0.365899147022,0.378117342525,0.376159498175,0.372665524862,0.359623010835,0.350828981264,0.354404791704,0.356340169009,0.312220563322,0.317597692939,0.313044685017,0.302111625587,0.282886884635,0.270081028271,0.283858671365,0.238140487198,0.245384124661,0.245991445273,0.232938763161,0.247555687795,0.238256668188,0.236502567311,0.222266003426,0.225917141664,0.237886377021,0.206352332592,0.239735919173,0.232521408587,0.243862136304,0.253285135636,0.240823645761,0.258207225531,0.286148659045,0.285104284741,0.287135894863,0.310601393717,0.306473469821,0.328521865,0.327935594997,0.337281170924,0.350008934381,0.362287109034,0.375818261668,0.369437671465,0.372069844538,0.373264064249,0.371339972255,0.382291726548,0.37009567976,0.384500455687,0.378150484554,2.52168429716,-0.481977065758
HS0176,0.3011020832,0.313350249537,0.326095182345,0.338613977406,0.347223222988,0.353400457763,0.367077393903,0.355081599222,0.374266432451,0.369494753109,0.376881761474,0.376155225722,0.398118157334,0.36837164014,0.355844802915,0.379994628778,0.365010555412,0.361831682746,0.350410188035,0.361765404187,0.356762697351,0.336668765302,0.31796281081,0.318472645156,0.315487398973,0.305525054861,0.312728754744,0.288335092475,0.269639026321,0.271390626992,0.26393920801,0.2522881931,0.238649205202,0.23141480232,0.235179160186,0.22495377562,0.226724907445,0.221906615608,0.229934258083,0.214922413787,0.228441816934,0.24877744184,0.243028117912,0.267271902475,0.260038124352,0.274948879722,0.294942515883,0.291808776264,0.308078087065,0.334091743449,0.33396704604,0.331450687049,0.366471720313,0.361910444569,0.365920173445,0.351873811247,0.3729037467,0.3874589145,0.377284476298,0.377314164104,0.376514789757,0.383654325048,0.390441175541,0.375621264117,2.63857263244,-0.835265131123
HS0177,0.308789948925,0.303004525807,0.337828314462,0.335350841386,0.348885692529,0.355320820995,0.363218501586,0.377520250859,0.401475513093,0.376641610927,0.37346953249,0.388371643265,0.376155378256,0.38196026904,0.381581419398,0.364826060363,0.355587898808,0.386381307254,0.391921479016,0.372436754891,0.369114923812,0.376687589284,0.361979814259,0.331756806759,0.343417720935,0.334719490804,0.328744563079,0.308558324612,0.299456129348,0.28216525103,0.282094749494,0.251421485469,0.265797791938,0.241577563958,0.238610502485,0.228030582436,0.232445941982,0.225779226614,0.224192920423,0.237131100871,0.231329375575,0.25436994357,0.254869090807,0.259085183545,0.287008510667,0.282510793251,0.32825063957,0.332765839482,0.331772703237,0.344133785993,0.360616197498,0.361636914528,0.360787602306,0.379449543468,0.376602207059,0.35905402643,0.364160379348,0.364589525068,0.371850061794,0.385416601583,0.379322688411,0.376439963354,0.386184855563,0.379075017212,2.9905646103,-1.57714675952
HS0178,0.320493180984,0.325810422953,0.324489971276,0.328576487271,0.356592397245,0.354061967951,0.359793176522,0.367863380679,0.373477197443,0.382030209327,0.378727702062,0.391949000545,0.39067551426,0.384933311227,0.384746078755,0.376920094981,0.39065455917,0.383496241083,0.385589838684,0.391980075742,0.397105871271,0.381494003786,0.372197349621,0.362454645725,0.343152899911,0.343273085684,0.345895194725,0.324245789394,0.318012643717,0.302284854215,0.276777862302,0.272037879042,0.26757545024,0.256615892293,0.238617270644,0.230120344649,0.213317909733,0.218612864139,0.234260577436,0.236261975273,0.239244951509,0.231410614029,0.221645216468,0.220373621709,0.247761128339,0.246567055632,0.259158821209,0.266720130285,0.298737604423,0.280484553493,0.296875017441,0.304297860183,0.313210579116,0.31609998071,0.350131104624,0.34734132993,0.355815606293,0.360231544879,0.365853468532,0.370168103322,0.376166296818,0.388381354629,0.387623841831,0.359709225433,3.01178669611,0.413543298701
HS0179,0.313871865557,0.317062035947,0.337275181948,0.346281104265,0.346399675947,0.347758092712,0.350300299485,0.375249338266,0.371462202162,0.381536656187,0.379096475542,0.381573587463,0.384473430635,0.388130987117,0.379913163032,0.371345079526,0.362511479974,0.362172302109,0.35044500924,0.338706201371,0.333112171858,0.326179557529,0.311090599367,0.286392686116,0.28823829526,0.280900335706,0.262413429043,0.263841057423,0.256800490804,0.24135918503,0.22049553071,0.229739138361,0.249092324536,0.225850312135,0.21242483298,0.212574738529,0.211831401007,0.216739497798,0.211300411448,0.219284277669,0.220235896501,0.224740839817,0.23467928499,0.24710765232,0.239615306235,0.258080866293,0.274164021765,0.28975060811,0.298222816155,0.284832587166,0.29107906691,0.317090645143,0.32100102571,0.335039858887,0.34128434952,0.341555799803,0.360068858216,0.359430878343,0.373156980858,0.370083365596,0.357959941751,0.380816349471,0.37397007281,0.376554871953,2.45802106141,0.183825833193
HS0180,0.319697060788,0.334874053398,0.328019849968,0.326330072046,0.349831727194,0.362999636726,0.364223316011,0.368999894301,0.360527636304,0.387217212217,0.384174796722,0.375972033244,0.372910807585,0.358614858108,0.355148766324,0.348773088467,0.349127427723,0.331004157387,0.300057556954,0.283826990681,0.278073648385,0.247431570894,0.242878493873,0.215584138464,0.193893156918,0.18328996107,0.184412847981,0.162290016484,0.159874658582,0.178171121767,0.18349568905,0.181569441224,0.187032463305,0.181020195073,0.184993381589,0.203057409307,0.200596147388,0.213725946149,0.207512750891,0.227450830918,0.221448865188,0.216402998885,0.225082555666,0.253980248999,0.236805653014,0.257290881212,0.265883750028,0.268333125881,0.274158412772,0.270763354107,0.301805687544,0.307803634857,0.321835999449,0.320732083444,0.335996902326,0.345235447506,0.33800616752,0.356952593426,0.385253269589,0.369506593903,0.378206288551,0.369607028883,0.380814801186,0.37919577064,1.76167209044,0.312362828738
