obs_id,partition,x,true_mean,true_sigma,y
CH00001,train,1.26773252273,3.88443000878,0.820479635228,2.53851865307
CH00002,train,-1.81167730824,0.0240024678444,1.06525478871,-0.239470504349
CH00003,train,1.0578985884,3.72147420451,0.726054364782,3.06407601847
CH00004,train,1.13292543684,3.7882503073,0.759816446577,3.73198666305
CH00005,train,-1.59723430391,0.00705595944515,0.96875543676,-0.443434217603
CH00006,train,1.64225081537,3.99462980591,0.989012866915,2.83450878345
CH00007,train,-2.23483392354,0.201500881177,1.25567526559,0.0827097455654
CH00008,train,-1.08291043697,0.255219877724,0.737309696637,-0.107142091819
CH00009,train,-1.28641663476,0.104659650754,0.828887485643,0.505613401568
CH00010,train,-0.173430265493,1.65504470864,0.328043619472,1.24964237106
CH00011,train,0.894311465795,3.54385826491,0.652440159608,3.94396194134
CH00012,train,1.15853532544,3.80888238674,0.771340896447,3.66442330594
CH00013,train,0.838380814363,3.47344494579,0.627271366464,4.30253414893
CH00014,train,-1.93326406427,0.058904953464,1.11996882892,1.09007285089
CH00015,train,-2.23373255269,0.200880090021,1.25517964871,1.69068945547
CH00016,train,-0.282044661619,1.44407110041,0.376920097729,1.85394497924
CH00017,train,0.739675505064,3.33786850568,0.582853977279,3.2552308466
CH00018,train,-1.82303211243,0.0265580278081,1.07036445059,-0.506884630708
CH00019,train,0.0662645796249,2.13242265621,0.279819060831,2.00678098769
CH00020,train,0.653855712667,3.20898760521,0.5442350707,2.79528762858
CH00021,train,0.668866661841,3.23223029276,0.550989997828,2.68357675161
CH00022,train,-0.334630267793,1.34433086502,0.400583620507,1.45499959792
CH00023,train,-1.17660086882,0.177228617848,0.779470390968,0.126236067767
CH00024,train,0.145231524802,2.28934338635,0.315354186161,2.6898824958
CH00025,train,-0.357549921453,1.30145770948,0.410897464654,0.876529123963
CH00026,train,-2.09953468767,0.129701927078,1.19479060945,0.328652231019
CH00027,train,-1.79046365594,0.0196430084439,1.05570864518,0.985321013459
CH00028,train,1.81812944114,3.97456416151,1.06815824851,3.0861449568
CH00029,train,-0.569410289558,0.926952562893,0.506234630301,2.0091497206
CH00030,train,1.88022757549,3.95830712164,1.09610240897,4.7489359871
CH00031,train,1.48098006823,3.97451393364,0.916441030705,4.38249434649
CH00032,train,2.28382052821,3.77044424551,1.2777192377,2.65765866192
CH00033,train,1.88344869258,3.95734626241,1.09755191166,4.28551982018
CH00034,train,-1.99984985144,0.0844364831969,1.14993243315,1.06235131356
CH00035,train,-2.19022592552,0.176772839146,1.23560166648,-0.211523600798
CH00036,train,-1.42702267483,0.0412351986415,0.892160203672,0.731128529038
CH00037,train,-0.36936027471,1.27951930679,0.416212123619,1.33563831793
CH00038,train,-2.43809563805,0.321261097431,1.34714303712,-0.589366377488
CH00039,train,-1.10166619212,0.238427462849,0.745749786453,0.471690373021
CH00040,train,2.11784744467,3.86119293357,1.2030313501,3.55008738313
CH00041,train,-2.12920805777,0.144564251152,1.208143626,-1.47346520671
CH00042,train,2.42033794806,3.68938990373,1.33915207663,3.31446780597
CH00043,train,-0.0477273136885,1.90458517382,0.27147729116,1.59681878326
CH00044,train,1.41986118982,3.95632172493,0.888937535419,2.32630566849
CH00045,train,-2.08068441821,0.120566799669,1.18630798819,0.784277764167
CH00046,train,-1.5463198272,0.0125773304544,0.945843922242,0.977408191765
CH00047,train,-2.43267261722,0.318009399204,1.34470267775,-1.61279597813
CH00048,train,-2.30763193183,0.243459936948,1.28843436932,1.54476006078
CH00049,train,0.967474624731,3.62862192206,0.685363581129,4.60125819738
CH00050,train,1.48204993432,3.97477917642,0.916922470443,3.2948501857
CH00051,train,-1.67598239439,0.00600923576596,1.00419207748,-0.547385176122
CH00052,train,-0.213579698071,1.57639433474,0.346110864132,2.32355526404
CH00053,train,0.191848027792,2.38111854752,0.336331612507,2.33497445709
CH00054,train,-0.618135809672,0.847461627575,0.528161114352,0.995291317711
CH00055,train,0.0182984405095,2.03659463761,0.258234298229,2.45758523049
CH00056,train,0.129657799745,2.25851860046,0.308346009885,2.28303053772
CH00057,train,-0.258828060352,1.48865714527,0.366472627158,1.34070869298
CH00058,train,1.03054101751,3.69479534536,0.713743457881,3.09717701989
CH00059,train,2.35534289492,3.72830273498,1.30990430271,3.67392334953
CH00060,train,0.432164529794,2.83523732058,0.444474038407,4.29883470459
CH00061,train,0.100461174429,2.20055140927,0.295207528493,2.21626236164
CH00062,train,-2.04185454096,0.102564433119,1.16883454343,-1.12302035978
CH00063,train,-2.02858919777,0.0966819413148,1.16286513899,0.155935175588
CH00064,train,0.101008133185,2.20163923853,0.295453659933,1.86972720434
CH00065,train,2.11154649372,3.86435062815,1.20019592217,2.4082199598
CH00066,train,-2.04479162839,0.103885862391,1.17015623278,-0.060240068041
CH00067,train,-0.904150275465,0.44425261304,0.656867623959,-0.279843816595
CH00068,train,-0.439999277178,1.15068652577,0.44799967473,0.707470397686
CH00069,train,-0.197508174019,1.60779556801,0.338878678308,1.85372391465
CH00070,train,-0.354186109229,1.30772565671,0.409383749153,1.20396867282
CH00071,train,1.17592752355,3.82226359021,0.779167385596,4.42392822927
CH00072,train,-1.40658847878,0.0484268679237,0.882964815453,-0.017739059989
CH00073,train,0.706034734152,3.28851863892,0.567715630368,4.0908211252
CH00074,train,-0.208725951777,1.58586558335,0.3439266783,2.21338687402
CH00075,train,-2.21784135006,0.191978120354,1.24802860753,-0.788340747741
CH00076,train,-0.13618091472,1.72856147931,0.311281411624,2.18082578416
CH00077,train,1.35594558251,3.9307992575,0.860175512132,4.14436608136
CH00078,train,-0.94294886819,0.398847758769,0.674326990686,-0.225586110452
CH00079,train,-0.250581612011,1.50456766252,0.362761725405,2.1062348607
CH00080,train,0.0118804075332,2.02376020107,0.25534618339,2.03235455495
CH00081,train,-1.54795035099,0.012339738462,0.946577657947,0.658742782345
CH00082,train,-2.00671500997,0.0872978892846,1.15302175449,0.782669655394
CH00083,train,-2.44358920856,0.324553681156,1.34961514385,-0.202236046234
CH00084,train,-2.30437180538,0.241547602139,1.28696731242,-1.66543011058
CH00085,train,-1.60428680732,0.00659646396339,0.971929063292,0.881583637567
CH00086,train,-2.1779240529,0.170117043936,1.23006582381,-0.983030990341
CH00087,train,-1.50456612472,0.0200577303866,0.927054756123,-1.11901578932
CH00088,train,1.75208226008,3.9868296037,1.03843701703,3.99327479009
CH00089,train,2.47053749886,3.65932756715,1.36174187449,0.780136513735
CH00090,train,-0.935813483485,0.407019758027,0.671116067568,1.35976396661
CH00091,train,-2.05864941041,0.110211213132,1.17639223469,-0.493532707922
CH00092,train,0.233147519913,2.46167573977,0.354916383961,2.20173973303
CH00093,train,-0.493199525028,1.05663535688,0.471939786263,0.524504266661
CH00094,train,0.685879385839,3.2582205189,0.558645723628,4.29308153766
CH00095,train,-0.0764186953597,1.8473259383,0.284388412912,1.93525656129
CH00096,train,-0.646317241194,0.802793049844,0.540842758537,1.12034650884
CH00097,train,-0.761254167686,0.631298947011,0.592564375459,0.780302607096
CH00098,train,0.636088688705,3.18110815323,0.536239909917,2.9076636898
CH00099,train,-0.912489126062,0.434294196446,0.660620106728,-0.166022374069
CH00100,train,1.16099981059,3.81080954902,0.772449914766,3.78396698333
CH00101,train,-1.66475195008,0.00561887466209,0.999138377538,0.0105624108804
CH00102,train,1.5536154843,3.98845420826,0.949126967937,3.04217117202
CH00103,train,1.66446290474,3.99438884722,0.999008307132,3.60256653612
CH00104,train,1.56170969387,3.98950383977,0.952769362244,1.56115772934
CH00105,train,-1.8816801459,0.0421247895451,1.09675606566,1.4735638648
CH00106,train,2.49858861434,3.64264110708,1.37436487645,3.54527515317
CH00107,train,-0.499316646913,1.04599938835,0.474692491111,1.25799611545
CH00108,train,0.947808597835,3.60667164372,0.676513869026,3.2346346181
CH00109,train,0.0106713104918,2.02134217602,0.254802089721,1.86746570803
CH00110,train,0.104432087498,2.2084475163,0.296994439374,1.93801388321
CH00111,train,0.289661940868,2.57048751979,0.380347873391,2.83893500956
CH00112,train,0.0760435519002,2.15192616759,0.284219598355,1.44530787906
CH00113,train,1.29603904501,3.90073017254,0.833217570253,4.42659908028
CH00114,train,0.661089169871,3.22022377742,0.547490126442,2.34082805251
CH00115,train,-2.44181910571,0.323492943841,1.34881859757,-2.21956639428
CH00116,train,2.4283995808,3.68455350518,1.34277981136,1.45085389492
CH00117,train,-2.04136959503,0.102346905534,1.16861631776,-0.716585900045
CH00118,train,-2.45899545114,0.333776738458,1.35654795301,1.0871021521
CH00119,train,1.29216499467,3.89857889916,0.831474247602,5.77025807269
CH00120,train,0.514386924037,2.98003969611,0.481474115817,3.3365353611
CH00121,train,1.52483929573,3.98391148114,0.93617768308,3.78540877293
CH00122,train,-0.998199166466,0.338331275076,0.69918962491,0.555711545045
CH00123,train,-1.44832363463,0.0344593970339,0.901745635583,-1.21965446676
CH00124,train,-2.08585246085,0.123046605366,1.18863360738,1.04382561032
CH00125,train,1.37116229115,3.93748564486,0.867023031017,3.05857678089
CH00126,train,0.481500890604,2.92291898546,0.466675400772,2.37052047902
CH00127,train,1.3921658757,3.94608673292,0.876474644064,5.36016257329
CH00128,train,-0.619349091695,0.845518387524,0.528707091263,1.06501298466
CH00129,train,-1.01324454615,0.322707912069,0.705960045767,-0.275513075605
CH00130,train,-2.02102795146,0.0933929432566,1.15946257816,0.142928739933
CH00131,train,0.683537033633,3.25466456261,0.557591665135,3.37748674062
CH00132,train,-1.59213913684,0.00743366272173,0.966462611578,0.350071297061
CH00133,train,0.33647573997,2.6591354155,0.401414082986,2.62113719833
CH00134,train,-1.68869742888,0.00666227337163,1.009913843,-0.14033514544
CH00135,train,0.856418603577,3.49667372708,0.63538837161,3.1663514238
CH00136,train,0.4559818127,2.87785313215,0.455191815715,2.21922352765
CH00137,train,1.10252173478,3.76232449638,0.746134780651,3.56894664197
CH00138,train,0.286000472689,2.56349393786,0.37870021271,2.3086066503
CH00139,train,-0.912888635659,0.43381982502,0.660799886046,1.08837657967
CH00140,train,1.84747177206,3.96742905087,1.08136229743,2.7918871005
CH00141,train,-1.80347023842,0.0222512422021,1.06156160729,0.893496429893
CH00142,train,-0.790644705698,0.590364697249,0.605790117564,0.460770257141
CH00143,train,1.76578097037,3.98473245603,1.04460143667,5.6396643279
CH00144,train,-1.22350244433,0.143743449197,0.800576099949,-0.865635707118
CH00145,train,-2.20585070268,0.185332897252,1.24263281621,0.337294175146
CH00146,train,0.282917030089,2.55759802425,0.37731266354,3.2949369911
CH00147,train,-1.9119697381,0.0516438437757,1.11038638214,1.08083723878
CH00148,train,2.049931718,3.89378527732,1.1724692731,3.96484633935
CH00149,train,-0.590066953592,0.892912089671,0.515530129117,0.936471191276
CH00150,train,2.0144472315,3.90943089218,1.15650125417,1.17199805205
CH00151,train,0.9895055926,3.65247312996,0.69527751667,3.17952333975
CH00152,train,1.94667250781,3.93629073323,1.12600262851,3.76796768421
CH00153,train,2.23220125632,3.79998222713,1.25449056534,3.41620931338
CH00154,train,-0.682471045756,0.746956111925,0.55711197059,0.682382871935
CH00155,train,-1.17705492151,0.176886633881,0.779674714679,-0.154681883118
CH00156,train,1.4736374518,3.97264454215,0.913136853311,4.40603688434
CH00157,train,2.38474032142,3.7107366095,1.32313314464,4.28667331318
CH00158,train,-1.33182648505,0.0805864445071,0.849321918273,0.595822105023
CH00159,train,-0.583851228068,0.903103089693,0.512733052631,1.54142780038
CH00160,train,1.62214150636,3.99424062951,0.979963677863,4.19468467412
CH00161,train,-0.159556788964,1.68237061498,0.321800555034,1.8281712672
CH00162,train,-0.699418616718,0.721367322031,0.564738377523,0.962651041047
CH00163,train,-2.42945909768,0.316082028203,1.34325659396,1.11926308666
CH00164,train,-1.35919150173,0.0677422711115,0.86163617578,0.688465584328
CH00165,train,-2.49994473272,0.358162395654,1.37497512973,0.0818947563077
CH00166,train,1.20071352828,3.84045077418,0.790321087727,5.0957574017
CH00167,train,1.04347967243,3.7075670629,0.719565852595,3.79789696722
CH00168,train,-0.177858970225,1.64633674412,0.330036536601,1.69952999384
CH00169,train,-1.26405299205,0.117787892516,0.818823846425,0.9615714678
CH00170,train,0.478756919371,2.91810363344,0.465440613717,3.24501619517
CH00171,train,1.03314004732,3.69738298032,0.714913021293,3.85660786205
CH00172,train,-1.86592453059,0.0375630623408,1.08966603877,-0.225171297789
CH00173,train,0.633026692629,3.17626347807,0.534862011683,3.63115055264
CH00174,train,-0.070161378487,1.85980365625,0.281572620319,1.57864306899
CH00175,train,1.37436400841,3.93884374353,0.868463803787,3.7497039547
CH00176,train,-0.983689242127,0.353747565377,0.692660158957,0.297524149224
CH00177,train,-0.281173174511,1.44573899912,0.37652792853,1.02873879137
CH00178,train,-0.804610972692,0.571349185493,0.612074937711,1.18954626628
CH00179,train,-0.224311289676,1.55549256944,0.350940080354,1.04405456002
CH00180,train,0.817441042853,3.44586802247,0.617848469284,3.70123200639
CH00181,train,1.20590356276,3.84412762145,0.792656603242,3.42371346805
CH00182,train,2.12240731252,3.85889189846,1.20508329064,4.30682445422
CH00183,train,0.211825285702,2.4201834789,0.345321378566,2.68081979552
CH00184,train,2.24748343955,3.79133548449,1.2613675478,4.96425287743
CH00185,train,-0.701185412738,0.718721604584,0.565533435732,0.67083143293
CH00186,train,1.7421429731,3.98820047575,1.03396433789,2.61546932114
CH00187,train,2.12307210593,3.85855532543,1.20538244767,4.64856348933
CH00188,train,-1.56943119842,0.00958735852034,0.956244039288,0.107807717942
CH00189,train,-0.47017003962,1.09701310703,0.461576517829,1.10763380313
CH00190,train,1.88373920873,3.95725904981,1.09768264393,3.39009419841
CH00191,train,2.47635333607,3.65585871078,1.36435900123,1.32570762217
CH00192,train,1.82592161927,3.97276730421,1.07166472867,4.46599285049
CH00193,train,-1.29171226458,0.101674148549,0.831270519059,-0.103631192008
CH00194,train,2.48134603777,3.65288433538,1.366605717,3.79817804894
CH00195,train,-1.33673502588,0.0781908238041,0.851530761644,-1.37811977682
CH00196,train,-0.659899238847,0.781620026978,0.546954657481,0.846601577067
CH00197,train,0.488738133415,2.93558365179,0.469932160037,2.380824154
CH00198,train,-1.1655014307,0.185696752435,0.774475643815,-0.0826344534842
CH00199,train,-0.525050760041,1.00167827391,0.486272842018,1.03849213796
CH00200,train,0.0889687483765,2.17767980485,0.290035936769,2.1565444464
CH00201,train,-0.509284862267,1.02874952212,0.47917818802,2.27449966363
CH00202,train,0.988793962742,3.65171497236,0.694957283234,4.79539801164
CH00203,train,0.835038916577,3.46908760018,0.62576751246,3.18433280224
CH00204,train,-0.977894967169,0.359999091585,0.690052735226,-1.26082697883
CH00205,train,2.29415481715,3.76442824605,1.28236966772,3.72678679564
CH00206,train,-1.77630668201,0.0170404373134,1.0493380069,-0.349551224818
CH00207,train,0.48805931285,2.93439798568,0.469626690782,2.65465110939
CH00208,train,-2.15270918503,0.156723126104,1.21871913326,0.712200132359
CH00209,train,-2.37216977286,0.281741341355,1.31747639779,2.46501995447
CH00210,train,-0.29676047177,1.4159777643,0.383542212297,1.54919907975
CH00211,train,-0.0329577246108,1.934097658,0.264830976075,1.81624205618
CH00212,train,-1.69155387383,0.00683956288223,1.01119924323,0.971380462926
CH00213,train,-0.156062683166,1.68926356947,0.320228207425,1.43333198698
CH00214,train,-0.561941235996,0.939381412853,0.502873556198,1.17461323743
CH00215,train,0.289386006905,2.56996076155,0.380223703107,2.55042964478
CH00216,train,-0.676170547662,0.756565423799,0.554276746448,0.473310438758
CH00217,train,0.881260133495,3.52785560513,0.646567060073,4.08917971508
CH00218,train,2.19611754597,3.82001304998,1.23825289569,4.44528367872
CH00219,train,0.688855005741,3.26272744065,0.559984752584,3.65480803604
CH00220,train,2.22214411632,3.80562195593,1.24996485234,4.87623935924
CH00221,train,2.4911356315,3.64706276911,1.37101103418,5.82132294883
CH00222,train,2.37093850364,3.71899467511,1.31692232664,3.71733388184
CH00223,train,0.156275491421,2.31115636523,0.32032397114,2.51947565963
CH00224,train,0.256561094787,2.50697275336,0.365452492654,1.61783246664
CH00225,train,0.997721773469,3.66116695221,0.698974798061,3.39666623452
CH00226,train,1.78592489693,3.98121840504,1.05366620362,3.73275965311
CH00227,train,0.854649910428,3.49441775345,0.634592459693,3.65263863268
CH00228,train,-2.12094257524,0.140367515725,1.20442415886,1.01861865447
CH00229,train,1.9729580204,3.92637083362,1.13783110918,4.0873610873
CH00230,train,-0.952882602035,0.387605766474,0.678797170916,1.07164534826
CH00231,train,0.702515763671,3.28326779941,0.566132093652,3.74627444659
CH00232,train,1.17989714848,3.82524616774,0.780953716817,4.67526884281
CH00233,train,-2.37053112095,0.280761836793,1.31673900443,2.41720850863
CH00234,train,-2.38311951183,0.288292806329,1.32240378033,0.5932378345
CH00235,train,2.35916133084,3.72602644996,1.31162259888,2.52808902558
CH00236,train,2.25048215873,3.78962844971,1.26271697143,4.43463620869
CH00237,train,-1.76214204827,0.0146871460296,1.04296392172,0.3739572803
CH00238,train,-1.5471074336,0.0124620568427,0.946198345121,1.00633225854
CH00239,train,1.07188095144,3.7346311398,0.732346428148,3.68702090569
CH00240,train,-0.324700153629,1.36302354867,0.396115069133,1.45310708394
CH00241,train,-1.34127568407,0.0760105006931,0.853574057833,1.06466231022
CH00242,train,-1.91864002409,0.0538688487653,1.11338801084,0.245325945092
CH00243,train,-2.24928372749,0.209688943849,1.26217767737,-0.204400600963
CH00244,train,1.7404343875,3.98842324325,1.03319547437,4.34166861824
CH00245,train,2.06038500225,3.88898621107,1.17717325101,3.23787992614
CH00246,train,-0.377810865537,1.26388849703,0.420014889492,1.73020335099
CH00247,train,1.40933059807,3.95257773348,0.884198769133,2.4770822163
CH00248,train,-0.827216795052,0.541176506615,0.622247557773,0.46273082926
CH00249,train,1.66122508599,3.99446733726,0.997551288696,4.24340700016
CH00250,train,-0.813705756527,0.55911953631,0.616167590437,0.306057876671
CH00251,train,0.520773277421,2.99100287442,0.484347974839,3.33216472299
CH00252,train,-1.95494321445,0.0667598867308,1.1297244465,0.556746194377
CH00253,train,1.42308849993,3.95743300521,0.89038982497,4.93504630028
CH00254,train,2.20858485973,3.81315748636,1.24386318688,5.88761218011
CH00255,train,0.876202300486,3.52158341767,0.644291035219,3.84943567001
CH00256,train,-0.94586012034,0.39553680906,0.675637054153,1.24581250595
CH00257,train,1.15645790239,3.80724994044,0.770406056075,3.82780913892
CH00258,train,0.191212142095,2.3798722684,0.336045463943,2.76461538174
CH00259,train,0.291124450042,2.57327866037,0.381006002519,1.72618137704
CH00260,train,-1.7972000606,0.0209681338645,1.05874002727,0.658181911272
CH00261,train,-0.317222694728,1.37714446267,0.392750212628,1.54590192599
CH00262,train,0.571190594817,3.07600058796,0.507035767668,3.23016332459
CH00263,train,-0.228617064946,1.54712185632,0.352877679226,1.56128719394
CH00264,train,0.0592194947675,2.11836296668,0.276648772645,2.5858718434
CH00265,train,1.24246156759,3.86873741451,0.809107705416,3.87624598501
CH00266,train,-2.24694392822,0.208357746315,1.2611247677,-0.361625616201
CH00267,train,-0.312507610407,1.38606825421,0.390628424683,1.68323702772
CH00268,train,1.32233099926,3.91466514726,0.845048949668,3.23043481922
CH00269,train,1.13792536186,3.79236515512,0.762066412838,3.43452121684
CH00270,train,2.22287016558,3.80521621623,1.25029157451,4.07120359466
CH00271,train,-1.46134663845,0.030676676096,0.907605987305,0.965708311366
CH00272,train,2.31189810927,3.7540337766,1.29035414917,1.81255442443
CH00273,train,0.673042644144,3.23864478788,0.552869189865,3.50836072461
CH00274,train,0.950412028428,3.60961299066,0.677685412793,2.63691985706
CH00275,train,1.34326337808,3.9249331421,0.854468520137,1.88971193021
CH00276,train,-1.31590691673,0.0886327955973,0.842158112527,0.141786278163
CH00277,train,-2.42344729377,0.312475605622,1.3405512822,-1.03455999656
CH00278,train,-0.0770225332671,1.84612216358,0.28466013997,1.04597912379
CH00279,train,-0.602289056324,0.873005840873,0.521030075346,0.0401951099707
CH00280,train,2.47532115588,3.65647404333,1.36389452015,3.32205322284
CH00281,train,-1.19850728773,0.161126011201,0.789328279479,0.344709245513
CH00282,train,0.82515296923,3.45610017454,0.621318836154,2.62841430406
CH00283,train,-1.54184840686,0.0132497611002,0.943831783087,0.925103680158
CH00284,train,0.138119189953,2.27527512603,0.312153635479,2.34422427449
CH00285,train,-1.4579856387,0.0316268960771,0.906093537417,-0.37711014
CH00286,train,-2.35677421747,0.272550296474,1.31054839786,-1.16278683151
CH00287,train,0.727069089534,3.31955646546,0.57718109029,3.08841985327
CH00288,train,1.08432283994,3.74606512863,0.737945277973,4.11976932308
CH00289,train,1.63330937602,3.99452862792,0.984989219209,3.10015359944
CH00290,train,-1.95783450719,0.067841783595,1.13102552823,1.00324286188
CH00291,train,-0.755799154984,0.639031673871,0.590109619743,1.13026129247
CH00292,train,1.79163031655,3.98013147555,1.05623364245,6.32533397882
CH00293,train,0.177159954264,2.35228931206,0.329721979419,1.89002927361
CH00294,train,1.26907085672,3.88523105476,0.821081885523,3.14306602047
CH00295,train,-2.21719786163,0.191619889464,1.24773903773,-1.53064550325
CH00296,train,-2.16136363876,0.161281237645,1.22261363744,0.109504081796
CH00297,train,-1.23861662905,0.133744647687,0.807377483071,0.724438696768
CH00298,train,0.705597730072,3.2878674651,0.567518978532,3.68558058309
CH00299,train,0.229857964657,2.45528883932,0.353436084096,2.65170337965
CH00300,train,1.97001772231,3.9275127148,1.13650797504,5.25542206207
CH00301,train,-2.48369731494,0.348515215588,1.36766379172,1.16885260814
CH00302,train,-1.31526089034,0.0889682677793,0.841867400655,1.09574423259
CH00303,train,2.22371836286,3.80474193514,1.25067326329,4.79275908335
CH00304,train,0.885004394908,3.53247347753,0.648251977709,3.50397010006
CH00305,train,-1.69161617914,0.00684355439023,1.01122728061,0.724789353263
CH00306,train,-1.8549517169,0.0345483550083,1.0847282726,1.51612838995
CH00307,train,-1.14446240157,0.202318444387,0.765008080707,-0.270616920544
CH00308,train,0.38773279932,2.7543910768,0.424479759694,2.9730554924
CH00309,train,-0.760518376284,0.632339516459,0.592233269328,0.58396711735
CH00310,train,-1.77167204081,0.0162426400323,1.04725241837,-0.543065330317
CH00311,train,1.02049317653,3.68468711457,0.709221929438,4.64933589791
CH00312,train,2.18299806969,3.8271469539,1.23234913136,4.86906555279
CH00313,train,1.10590430484,3.76528552615,0.747656937178,3.80845861894
CH00314,train,1.72962545362,3.98974419178,1.02833145413,3.51267881725
CH00315,train,0.922193994618,3.57715835156,0.664987297578,3.41970217211
CH00316,train,-0.250378794888,1.50495944163,0.3626704577,1.49735015451
CH00317,train,-0.911066310964,0.435985655325,0.659979839934,-0.184426973302
CH00318,train,-0.942440672911,0.399427108635,0.67409830281,1.89598639916
CH00319,train,-2.14317394856,0.15175047734,1.21442827685,1.69529903282
CH00320,train,-2.09480873061,0.127388532908,1.19266392877,-2.44650010771
CH00321,train,1.40435049993,3.95074412116,0.881957724969,4.51418815339
CH00322,train,1.10041206417,3.76046803651,0.745185428877,4.16250857668
CH00323,train,2.48867090758,3.64852706856,1.36990190841,3.78160972091
CH00324,train,1.68221469209,3.99369853763,1.00699661144,4.51836890113
CH00325,train,-1.93120998909,0.0581846365014,1.11904449509,-1.66959426294
CH00326,train,-0.971362819672,0.367111720566,0.687113268852,0.73027926654
CH00327,train,2.39198292343,3.70639743087,1.32639231554,2.8163132576
CH00328,train,0.101366102784,2.20235115732,0.295614746253,2.22507336997
CH00329,train,2.10649232736,3.86686479413,1.19792154731,3.11326078559
CH00330,train,2.25142796868,3.78908936472,1.26314258591,4.43104672456
CH00331,train,-2.35202944569,0.269723602196,1.30841325056,-2.41408019551
CH00332,train,-2.30156839416,0.239905254293,1.28570577737,-1.00937652375
CH00333,train,2.1008621674,3.86964553137,1.19538797533,3.17968458032
CH00334,train,0.744917739368,3.34541866449,0.585212982716,3.62400602134
CH00335,train,2.24652633675,3.79187962469,1.26093685154,3.54793984428
CH00336,train,2.39955244212,3.70185937114,1.32979859895,5.20393887736
CH00337,train,2.07959389137,3.87995404281,1.18581725112,3.70826876026
CH00338,train,1.09202489333,3.75301389268,0.741411202,3.22767107672
CH00339,train,1.08946134166,3.75071206236,0.740257603745,4.67399443143
CH00340,train,-1.60205023179,0.00673424468826,0.970922604305,1.04036199165
CH00341,train,-1.0382622206,0.297549868039,0.717217999269,0.133731015428
CH00342,train,1.89941900067,3.95241795032,1.1047385503,2.84969311419
CH00343,train,-0.681479668719,0.748464688153,0.556665850924,1.19586625136
CH00344,train,-1.77540294556,0.016882758387,1.0489313255,0.510389295775
CH00345,train,0.235682908276,2.46659465185,0.356057308724,2.10885074254
CH00346,train,0.522736252022,2.99436397331,0.48523131341,2.74418532002
CH00347,train,-0.607845823792,0.864014198011,0.523530620706,0.882613576343
CH00348,train,-1.74153257808,0.0117195044175,1.03368966014,1.4771541851
CH00349,train,2.05040614769,3.89356928699,1.17268276646,5.21385910901
CH00350,train,-1.78333618873,0.0183016718,1.05250128493,0.92948841056
CH00351,train,0.197917094276,2.39300480964,0.339062692424,2.35174907285
CH00352,train,0.168684088817,2.33561487497,0.325907839968,2.3885531729
CH00353,train,-0.122602348164,1.75546924724,0.305171056674,1.98587095091
CH00354,train,-1.60177388516,0.00675177993425,0.970798248321,-1.13706366816
CH00355,train,-0.384730370671,1.2511320246,0.423128666802,0.404001714569
CH00356,train,2.30980346884,3.75526486437,1.28941156098,2.60575684625
CH00357,train,0.00114963498637,2.00229926942,0.250517335744,2.20300671718
CH00358,train,-2.07468873166,0.117713802095,1.18360992925,-0.0387018112669
CH00359,train,-1.56886285023,0.00965118245355,0.955988282601,1.69596758484
CH00360,train,-0.393381428278,1.23523800298,0.427021642725,1.17022104247
CH00361,train,0.277181866845,2.54661638099,0.37473184008,1.70318516379
CH00362,train,0.474385401983,2.91041681837,0.463473430892,3.09028853317
CH00363,train,-2.29335298453,0.235103920797,1.28200884304,0.0674533624666
CH00364,train,-1.92939205954,0.0575506390124,1.11822642679,0.496046257911
CH00365,train,-0.568195653684,0.928969461357,0.505688044158,0.921980116087
CH00366,train,-0.224056406804,1.55598836271,0.350825383062,1.18694042882
CH00367,train,-1.73833392365,0.0113081029246,1.03225026564,-1.72143944184
CH00368,train,-2.03718708428,0.100478551282,1.16673418793,-0.830184575672
CH00369,train,1.11589285453,3.77391739002,0.752151784539,4.34148783606
CH00370,train,0.938073477116,3.59557730849,0.672133064702,2.36938535718
CH00371,train,0.534545436772,3.01449740181,0.490545446547,3.53503396543
CH00372,train,-1.02753836994,0.308207972159,0.712392266474,0.28470434154
CH00373,train,1.8215846373,3.97377624503,1.06971308679,2.88715606494
CH00374,train,1.83875438254,3.9696531019,1.07743947214,5.57666306039
CH00375,train,1.30026295324,3.90304700829,0.835118328956,4.5740535449
CH00376,train,-2.48079192441,0.346785724257,1.36635636598,1.22591663741
CH00377,train,1.99220318351,3.91870227727,1.14649143258,3.18959508509
CH00378,train,0.67067985485,3.23501821004,0.551805934683,3.17066461449
CH00379,train,2.38755923084,3.70904813855,1.32440165388,3.72422229382
CH00380,train,1.70937168175,3.99180390195,1.01921725679,5.17326585107
CH00381,train,0.717126315502,3.30495992754,0.572706841976,2.91763068961
CH00382,train,-0.51609094183,1.01703089141,0.482240923824,1.42430476693
CH00383,train,-0.17441927377,1.65309941659,0.328488673196,1.81614421188
CH00384,train,-2.4740310447,0.342756666228,1.36331397012,0.489716194314
CH00385,train,-2.40718615436,0.302719345448,1.33323376946,0.456176800319
CH00386,train,0.447878465615,2.8634128375,0.451545309527,3.40254152527
CH00387,train,-1.7864617329,0.0188821569039,1.05390777981,1.08865854565
CH00388,train,-2.26067972661,0.216200583636,1.26730587697,3.46946837851
CH00389,train,-1.73806535683,0.011274167351,1.03212941057,-0.392707795199
CH00390,train,0.912682689858,3.5659356694,0.660707210436,3.39867858682
CH00391,train,-1.66250361737,0.00556189844696,0.998126627817,-0.787492910934
CH00392,train,-2.16662895429,0.164074625174,1.22498302943,1.21569034701
CH00393,train,-0.0997021477791,1.80095830423,0.294865966501,1.85079442336
CH00394,train,-1.56111772832,0.0105695546445,0.952502977746,0.340537112828
CH00395,train,-1.03743494726,0.298365327362,0.716845726267,-0.347138709639
CH00396,train,1.01028939458,3.67425257611,0.704630227562,2.90005081414
CH00397,train,1.53378517701,3.98546010144,0.940203329654,3.96565303028
CH00398,train,1.09912579297,3.75933249352,0.744606606835,4.92663462794
CH00399,train,1.95150491479,3.93451630567,1.12817721166,3.70047298848
CH00400,train,0.0640136292213,2.12793124196,0.27880613315,2.68981664927
CH00401,train,-0.485868709192,1.06943139125,0.468640919136,1.37403284962
CH00402,train,0.480310727261,2.92083129985,0.466139827268,2.88261713728
CH00403,train,2.21596283144,3.8090671505,1.24718327415,2.34927808933
CH00404,train,0.282050804612,2.55594065474,0.376922862075,2.56444934704
CH00405,train,0.694104509067,3.27064992261,0.56234702908,1.38494336171
CH00406,train,0.409237292703,2.79373135646,0.434156781716,2.67667074172
CH00407,train,-0.00981058985949,1.98037916603,0.254414765437,1.63828636042
CH00408,train,-0.982186289743,0.355363907956,0.691983830384,0.347349026566
CH00409,train,1.23834890736,3.86608159761,0.807257008314,5.12271814667
CH00410,train,-0.943189675908,0.39857337796,0.674435354159,-0.243536433847
CH00411,train,0.0947317181626,2.18915238238,0.292629273173,2.19874757397
CH00412,train,-1.04762474328,0.288399766112,0.721431134478,-0.286474843942
CH00413,train,1.63675413808,3.99458118153,0.986539362137,4.61772193913
CH00414,train,1.04268732068,3.70679287018,0.719209294306,5.03448724995
CH00415,train,1.54093919972,3.98660976,0.943422639875,3.17446891064
CH00416,train,0.43160226913,2.83422500946,0.444221021109,2.59596930086
CH00417,train,-0.332603224687,1.34814097821,0.399671451109,1.07279087136
CH00418,train,1.01545239657,3.67955364207,0.706953578456,3.84742160776
CH00419,train,-1.72870527151,0.0101504336638,1.02791737218,-0.662068581311
CH00420,train,1.00591276823,3.66972479388,0.702660745702,3.42412751599
CH00421,train,1.61992655448,3.99416205062,0.978966949514,5.69610713967
CH00422,train,-1.52123022955,0.0167483402731,0.934553603297,-1.06536146019
CH00423,train,0.631151370416,3.17329061369,0.534018116687,2.86471005421
CH00424,train,-0.766749068642,0.623552172429,0.595037080889,-0.0818939717438
CH00425,train,-1.79637659732,0.0208031737604,1.05836946879,1.31871791021
CH00426,train,-1.87295144312,0.0395639393788,1.0928281494,-0.00856258658597
CH00427,train,-1.64316696014,0.00536629021703,0.989425132061,0.794011836518
CH00428,train,1.87158876901,3.96082832831,1.09221494605,4.64507188173
CH00429,train,-1.17669274919,0.177159387182,0.779511737135,1.06387998439
CH00430,train,-0.839940049836,0.524527762121,0.627973022426,0.694834571895
CH00431,train,-1.34848414182,0.0726196439406,0.856817863818,0.0393051955084
CH00432,train,1.50730460605,3.98051587579,0.928287072721,4.56515321291
CH00433,train,-0.827771824653,0.540445198175,0.622497321094,1.16790395597
CH00434,train,-1.35138488468,0.0712795120967,0.858123198106,-0.029815681368
CH00435,train,1.26824073974,3.88473455222,0.820708332883,2.5850471624
CH00436,train,0.985827448132,3.64854565668,0.69362235166,4.4118915435
CH00437,train,1.55208808146,3.98824496708,0.948439636656,4.30285107709
CH00438,train,2.2437752706,3.79344178713,1.25969887177,1.95811102876
CH00439,train,0.107401417749,2.21434964006,0.298330637987,2.15677586371
CH00440,train,1.27662850846,3.88969798709,0.824482828805,4.52364097851
CH00441,train,-1.25757679141,0.121746970282,0.815909556132,-0.0568384055275
CH00442,train,2.34046401894,3.73715265671,1.30320880852,5.56596944331
CH00443,train,0.865043008333,3.50760613015,0.63926935375,2.8980480081
CH00444,train,-0.731556972017,0.673899360929,0.579200637407,1.79333428083
CH00445,train,2.0129332777,3.91007538999,1.15581997496,3.59432287927
CH00446,train,-0.774627094215,0.612520445165,0.598582192397,1.52463084264
CH00447,train,-2.44583920393,0.325901725314,1.35062764177,-0.900402797089
CH00448,train,1.86980560057,3.96133855697,1.09141252025,2.94390342852
CH00449,train,-1.92070545419,0.054567032607,1.11431745439,0.858692781009
CH00450,train,0.43512933255,2.84057052619,0.445808199648,2.87573525359
CH00451,train,1.21632119122,3.85137053341,0.79734453605,3.07556897475
CH00452,train,0.808098875435,3.43335530247,0.613644493946,2.7961303661
CH00453,train,-2.44408754781,0.324852278874,1.34983939651,0.435152236766
CH00454,train,1.75959504533,3.98570908878,1.0418177704,3.07263978578
CH00455,train,-2.10560164157,0.132693887269,1.19752073871,-0.712931137942
CH00456,train,-1.1177968939,0.224456173031,0.753008602255,0.678068380759
CH00457,train,1.86061230421,3.96391324715,1.0872755369,3.84451117107
CH00458,train,1.99813586357,3.91627152539,1.14916113861,4.21693501956
CH00459,train,-2.45132823609,0.32918896599,1.35309770624,2.04997984455
CH00460,train,-1.42999936652,0.0402442165116,0.893499714933,-0.261937805906
CH00461,train,-1.54554104379,0.0126922456075,0.945493469707,-0.146897054225
CH00462,train,1.40389505838,3.95057440981,0.881752776273,4.59536582932
CH00463,train,1.89675531213,3.95325878623,1.10353989046,4.05202881157
CH00464,train,1.7534145838,3.98663616397,1.03903656271,3.0317235623
CH00465,train,-1.91874711815,0.0539049433653,1.11343620317,-1.80653092622
CH00466,train,2.28283835416,3.77101443225,1.27727725937,3.80633465731
CH00467,train,-2.0273865359,0.0961556617921,1.16232394116,-0.193061202504
CH00468,train,-1.39272678457,0.0536935228302,0.876727053058,-0.27948852305
CH00469,train,-1.15680609949,0.192475937395,0.770562744772,-0.251157728296
CH00470,train,-2.25400462288,0.212380884436,1.2643020803,3.32702930473
CH00471,train,-2.12315141969,0.141484848294,1.20541813886,1.22930836475
CH00472,train,-0.512363430694,1.02344288411,0.480563543812,0.613928436579
CH00473,train,1.84764539935,3.96738387065,1.08144042971,5.11040569838
CH00474,train,-1.58242899239,0.00826025476715,0.962093046575,0.657702382231
CH00475,train,1.15811151824,3.80854994847,0.771150183209,3.91204223705
CH00476,train,-0.54228079703,0.972396241819,0.494026358664,0.756580993169
CH00477,train,-0.949450325278,0.39147227908,0.677252646375,0.788897179
CH00478,train,-0.65324802975,0.791959378465,0.543961613388,0.451398123395
CH00479,train,-1.87646532751,0.0405848599656,1.09440939738,-0.329626438369
CH00480,train,-0.0738581457817,1.8524311683,0.283236165602,1.9360545148
CH00481,train,1.29513902752,3.90023263738,0.832812562384,3.23632745685
CH00482,train,0.208659640616,2.41400494741,0.343896838277,2.51443073918
CH00483,train,-0.284708143433,1.4389764442,0.378118664545,1.25141761032
CH00484,train,-1.51128890107,0.0186705088051,0.930080005483,0.636143231921
CH00485,train,2.17363684705,3.83218435169,1.22813658117,6.01287872425
CH00486,train,-1.87425188953,0.0399401942281,1.09341335029,-0.865508809307
CH00487,train,-0.789816688416,0.591500961557,0.605417509787,0.723254820912
CH00488,train,0.694630452056,3.27144165786,0.562583703425,2.11317048022
CH00489,train,0.714596300388,3.30122426438,0.571568335174,3.49192258813
CH00490,train,-0.798125317024,0.580144313946,0.609156392661,0.98518774428
CH00491,train,-1.47400354384,0.0272602241425,0.913301594729,-0.248476082028
CH00492,train,0.226069829562,2.4479272466,0.351731423303,2.52872669458
CH00493,train,1.13772953135,3.79220478163,0.761978289108,4.00091833492
CH00494,train,-2.44322452109,0.324335156321,1.34945103449,0.464548693277
CH00495,train,1.45894056516,3.96864491915,0.906523254322,3.41817655056
CH00496,train,-0.265369713467,1.47606275437,0.36941637106,1.67709694519
CH00497,train,-0.231456653893,1.54160651722,0.354155494252,1.57837527318
CH00498,train,2.23881854764,3.79624918456,1.25746834644,4.91095896513
CH00499,train,-0.476355290549,1.08611703613,0.464359880747,1.79603666178
CH00500,train,-0.937420343798,0.405172405898,0.671839154709,1.45988909687
CH00501,train,-0.465528746503,1.10521369858,0.459487935926,1.54919244497
CH00502,train,-0.439978907036,1.15072305098,0.447990508166,1.33528495558
CH00503,train,2.24252908955,3.79414848211,1.2591380903,3.24142626741
CH00504,train,-1.5020091383,0.0206039235603,0.925904112234,0.879284943373
CH00505,train,-0.639586354178,0.813372126122,0.53781385938,0.634553581418
CH00506,train,0.0651328400285,2.13016454001,0.279309778013,2.43105504829
CH00507,train,-0.105561623453,1.78930706964,0.297502730554,1.85249181267
CH00508,train,-1.28713912934,0.104249555234,0.829212608201,0.638371025355
CH00509,train,1.93712079585,3.93973126863,1.12170435813,4.98484055561
CH00510,train,2.08061681284,3.87946551383,1.18627756578,1.84728936914
CH00511,train,-1.02994162094,0.305803000523,0.713473729421,0.548334046901
CH00512,train,-1.40817954822,0.047842468887,0.883680796699,0.528938072107
CH00513,train,-1.47830601844,0.026156956466,0.9152377083,-1.09030584305
CH00514,train,1.70309264103,3.99233101938,1.01639168846,3.79776719502
CH00515,train,2.39339861521,3.70554890571,1.32702937684,6.80088920477
CH00516,train,-0.475793791219,1.08710464301,0.464107206049,-0.554430795616
CH00517,train,1.74507172105,3.98780980393,1.03528227447,4.71684981334
CH00518,train,-1.94907568119,0.0645888789997,1.12708405654,-0.299479044738
CH00519,train,-0.163163036489,1.67526089116,0.32342336642,2.08713650417
CH00520,train,2.40780975634,3.69690655025,1.33351439036,4.45695846343
CH00521,train,-1.22797961109,0.140741350155,0.802590824992,0.354189140644
CH00522,train,-1.93209860969,0.0584957399321,1.11944437436,-0.106879240323
CH00523,train,-1.7311889599,0.0104374085923,1.02903503195,-1.4852114407
CH00524,train,0.833881964002,3.46757521094,0.625246883801,3.03324897247
CH00525,train,-0.451355033874,1.13038433091,0.453109765243,1.27714086213
CH00526,train,1.23162782901,3.86167986884,0.804232523055,2.01718902808
CH00527,train,0.936691250448,3.59398988792,0.671511062702,3.84946015067
CH00528,train,-1.62294633796,0.00573258207426,0.980325852083,-0.157250800279
CH00529,train,-1.60493875023,0.00655768761861,0.972222437604,1.18597739052
CH00530,train,2.00497381638,3.91343169621,1.15223821737,5.0903408511
CH00531,train,-1.74500124431,0.0121806644572,1.03525055994,0.32519235048
CH00532,train,-2.38222726694,0.287758588065,1.32200227012,-0.980209150351
CH00533,train,1.30688936484,3.90662131677,0.838100214179,3.4911602245
CH00534,train,2.14570389466,3.84693528823,1.2155667526,3.41324386735
CH00535,train,0.35377682535,2.69151112434,0.409199571407,2.29623235772
CH00536,train,-1.60494709826,0.00655719514606,0.972226194218,1.64260261564
CH00537,train,-0.575737292766,0.916473857066,0.509081781745,0.942183366312
CH00538,train,-2.19419759008,0.178937695827,1.23738891554,-0.205654859025
CH00539,train,-1.9320032905,0.0584623313094,1.11940148073,-0.758588758417
CH00540,train,0.295960644197,2.58249879879,0.383182289889,2.21435827524
CH00541,train,1.85819750039,3.96457392533,1.08618887517,4.59505129333
CH00542,train,0.839954141519,3.47549054303,0.627979363684,2.85715464208
CH00543,train,1.68853856262,3.9933472588,1.00984235318,4.88999949681
CH00544,train,0.683728656959,3.2549557391,0.557677895632,3.16596165386
CH00545,train,-2.07466541362,0.11770275712,1.18359943613,-1.82276059703
CH00546,train,1.09589969822,3.75647226419,0.743154864198,5.23385654575
CH00547,train,0.804464446482,3.42845278999,0.612009000917,3.90704533767
CH00548,train,-1.57926630955,0.00855985032533,0.960669839295,-0.275309506567
CH00549,train,-2.4718344552,0.341446364646,1.36232550484,1.3581064818
CH00550,train,0.987688879265,3.65053600864,0.694459995669,3.05050810698
CH00551,train,2.43079036957,3.68311947599,1.34385566631,2.53227457999
CH00552,train,1.21969339549,3.85367578354,0.79886202797,3.18890656818
CH00553,train,-0.0885713618672,1.82311153207,0.28985711284,2.05753027149
CH00554,train,1.82686828116,3.97254413568,1.07209072652,2.93968362861
CH00555,train,2.2793996424,3.77300848976,1.27572983908,6.76276826126
CH00556,train,2.42793296836,3.68483340417,1.34256983576,4.21817057393
CH00557,train,-2.12397189004,0.14190066209,1.20578735052,-1.87179307528
CH00558,train,-1.19257504155,0.16540653978,0.7866587687,0.0673256359463
CH00559,train,-0.188615637796,1.62521838685,0.334877037008,1.38277624874
CH00560,train,-0.680119318196,0.750536823944,0.556053693188,0.775211040683
CH00561,train,-2.17903876676,0.170716988734,1.23056744504,0.935676360596
CH00562,train,-1.38939767027,0.0550053196499,0.87522895162,-0.242963982765
CH00563,train,0.519811139409,2.98935396514,0.483915012734,2.59810761188
CH00564,train,-0.422852284131,1.18156515774,0.440283527859,0.436643077943
CH00565,train,-1.66696339997,0.00568182552614,1.00013352999,-0.171014376344
CH00566,train,-1.08732232539,0.251216973506,0.739295046423,0.691589976477
CH00567,train,-0.892626254687,0.458193212655,0.651681814609,1.00015408708
CH00568,train,-1.1189053679,0.22351211282,0.753507415556,0.560215107151
CH00569,train,2.04532414649,3.89587382458,1.17039586592,4.29837418705
CH00570,train,-1.83669040226,0.0298331127807,1.07651068102,-0.477536332387
CH00571,train,1.13110049996,3.78673794195,0.75899522498,4.37833802672
CH00572,train,-0.485709845508,1.06970928605,0.468569430479,1.61485641779
CH00573,train,1.73745582838,3.98880250223,1.03185512277,4.95744497996
CH00574,train,1.4401506207,3.96302741356,0.898067779317,3.03740978481
CH00575,train,1.80237992362,3.97797530052,1.06107096563,4.74338968978
CH00576,train,-1.29372073391,0.100554164761,0.83217433026,-0.0573562097337
CH00577,train,-0.996267971529,0.340363376917,0.698320587188,-0.66354275042
CH00578,train,1.77395877198,3.98336709135,1.04828144739,7.20591211526
CH00579,train,-2.4860536011,0.34991693161,1.3687241205,-2.71217710541
CH00580,train,2.31924788783,3.74970624712,1.29366154953,4.87991664522
CH00581,train,0.137399269272,2.27385025275,0.311829671172,2.52405751051
CH00582,train,-0.0477965352671,1.90444690407,0.27150844087,1.63246912039
CH00583,train,1.64057301081,3.99461954807,0.988257854863,4.8440402899
CH00584,train,0.357078214875,2.69766385282,0.410685196694,3.11209556769
CH00585,train,-0.785163858933,0.597904324814,0.60332373652,0.10678216389
CH00586,train,1.14632731655,3.79918504897,0.765847292449,4.44527642765
CH00587,train,0.0837004102463,2.16718623297,0.287665184611,1.87927235713
CH00588,train,-0.819092660275,0.55193321244,0.618591697124,0.25222501441
CH00589,train,-0.377690403523,1.26411091494,0.419960681585,0.31490224376
CH00590,train,-0.639721037526,0.813159885275,0.537874466887,-0.128864500281
CH00591,train,2.3473284574,3.73307386241,1.30629780583,3.08968926886
CH00592,train,-0.640118222471,0.812534113041,0.538053200112,1.25629235065
CH00593,train,1.71051063253,3.9917026015,1.01972978464,4.9920333009
CH00594,train,-2.36724954072,0.278801097926,1.31526229332,1.31465889064
CH00595,train,-1.32137992498,0.0858187552307,0.84462096624,1.04933359453
CH00596,train,1.30684846487,3.906599481,0.838081809193,4.62110062726
CH00597,train,-2.32403344444,0.253117724141,1.29581505,1.35695711595
CH00598,train,-1.19131386122,0.166324233882,0.786091237551,0.187505031186
CH00599,train,-0.728162478561,0.678846621778,0.577673115353,1.18349881453
CH00600,train,0.473550479276,2.90894657298,0.463097715674,3.0050194042
CH00601,train,-2.17485142776,0.16846666945,1.22868314249,0.0194615214252
CH00602,train,0.27425234614,2.54099937188,0.373413555763,2.73236286444
CH00603,train,0.0208711723987,2.04173901588,0.259392027579,2.31071007013
CH00604,train,-1.59864163997,0.00695840523711,0.969388737988,-0.209519526782
CH00605,train,0.851705182326,3.49065123568,0.633267332046,3.46606722317
CH00606,train,1.2891171881,3.8968687218,0.830102734644,3.52561867087
CH00607,train,1.66932369421,3.99424344224,1.00119566239,3.77197607287
CH00608,train,1.9541120718,3.93354964511,1.12935043231,2.78209243685
CH00609,train,-0.0899238640024,1.82041834875,0.290465738801,2.1863377206
CH00610,train,2.33729133254,3.73903522505,1.30178109964,4.64752038321
CH00611,train,0.628105340637,3.16845261763,0.532647403287,2.38262677334
CH00612,train,1.5762663769,3.99114213143,0.959319869607,4.91155546583
CH00613,train,0.159993236967,2.31849008583,0.321996956635,2.27570522978
CH00614,train,2.30408506492,3.7586204711,1.28683827921,2.69905296167
CH00615,train,2.46229306346,3.66425171954,1.35803187856,1.66164763535
CH00616,train,-1.4887711792,0.0235959213953,0.919947030642,-0.327800807758
CH00617,train,1.19654207105,3.83746253497,0.788443931972,4.43743833075
CH00618,train,0.74274362184,3.342292013,0.584234629828,3.09788648885
CH00619,train,-1.34103760526,0.0761239678628,0.853466922366,-0.552099941653
CH00620,train,-1.07505383867,0.262428513863,0.7337742274,-0.576539841056
CH00621,train,0.157102811404,2.31278876952,0.320696265132,2.17100699069
CH00622,train,-1.0698283218,0.267279974734,0.731422744808,0.367036473009
CH00623,train,1.42510311411,3.9581181309,0.891296401352,3.43268875629
CH00624,train,-0.343914640405,1.32691722902,0.404761588182,1.05563318291
CH00625,train,2.44706513876,3.67336391313,1.35117931244,5.54440713732
CH00626,train,0.773692937303,3.38617606145,0.598161821786,3.359646683
CH00627,train,-2.45217536556,0.329696094594,1.3534789145,-0.913494364788
CH00628,train,-1.71338597926,0.00856088043826,1.02102369067,1.30260487399
CH00629,train,-1.42395189439,0.0422725663718,0.890778352475,0.750183113903
CH00630,train,1.64369992235,3.99463542971,0.989664965058,5.08528658569
CH00631,train,-0.991045425997,0.345889171462,0.695970441699,-1.107245327
CH00632,train,1.77470039533,3.98323911277,1.0486151779,3.8409591905
CH00633,train,0.00860332781392,2.01720642246,0.253871497516,1.99983332539
CH00634,train,1.58792974978,3.99222524251,0.964568387403,3.08195210628
CH00635,train,-1.61196210835,0.00617951776154,0.975382948756,0.617963640994
CH00636,train,0.431562757476,2.83415386079,0.444203240864,3.70914066637
CH00637,train,0.892301185419,3.54141056054,0.651535533439,4.09576991826
CH00638,train,1.04320802586,3.70730175867,0.719443611639,3.10470448573
CH00639,train,-1.3948977927,0.052847866181,0.877704006714,1.09482654814
CH00640,train,-0.341901082485,1.33068853555,0.403855487118,1.38339974802
CH00641,train,1.04827520648,3.71223055956,0.721723842915,3.15697570607
CH00642,train,1.74575281214,3.98771735853,1.03558876546,5.10025610111
CH00643,train,0.373208835421,2.7276062468,0.41794397594,2.04589986134
CH00644,train,0.834538160292,3.46843324806,0.625542172131,4.48675032922
CH00645,train,1.07251656967,3.73522151536,0.732632456352,4.0778336424
CH00646,train,1.74164947918,3.9882652079,1.03374226563,3.33623216184
CH00647,train,-2.17038823839,0.166078194471,1.22667470728,-1.57300430258
CH00648,train,-0.118274863385,1.76405539502,0.303223688523,2.07394252201
CH00649,train,-0.239521731727,1.52596388658,0.357784779277,1.44266173142
CH00650,train,-0.691120317505,0.733849310156,0.561004142877,0.473552353271
CH00651,calibration,0.306059501726,2.60170402964,0.387726775777,2.78361943735
CH00652,calibration,0.10051128053,2.20065106649,0.295230076239,2.24661089547
CH00653,calibration,1.55971860968,3.98925486561,0.951873374356,4.25526010867
CH00654,calibration,1.20228548848,3.84156922528,0.791028469817,5.06068108573
CH00655,calibration,-0.70461619729,0.713596037438,0.567077288781,0.441890826425
CH00656,calibration,1.17947162926,3.82492772726,0.780762233167,3.50358822016
CH00657,calibration,-2.37542536692,0.28368814145,1.31894141511,-0.627699938109
CH00658,calibration,-2.19884010522,0.181477842349,1.23947804735,-1.24075474709
CH00659,calibration,-2.33402388563,0.259027809785,1.30031074854,1.68787097769
CH00660,calibration,-0.914418137194,0.43200603086,0.661488161738,-0.379514907123
CH00661,calibration,-1.57130469922,0.00938041604387,0.95708711465,-0.207481042056
CH00662,calibration,1.72569033109,3.990186999,1.02656064899,5.16742761359
CH00663,calibration,-2.46042476471,0.334631410412,1.35719114412,-1.18024851203
CH00664,calibration,-1.7492292936,0.0127638510838,1.03715318212,-1.65610711739
CH00665,calibration,-1.89167559708,0.0451585385472,1.10125401869,1.06047359898
CH00666,calibration,1.55467594165,3.98859739249,0.949604173744,3.57074845911
CH00667,calibration,-2.42929471789,0.315983429765,1.34318262305,1.18234767683
CH00668,calibration,0.407299391634,2.79020213544,0.433284726235,3.57645387408
CH00669,calibration,-1.76526677292,0.0151845128144,1.04437004782,0.0703027925125
CH00670,calibration,-0.503893058394,1.03806726011,0.476751876278,0.100254394346
CH00671,calibration,1.14820683514,3.80069438815,0.766693075812,2.7747948556
CH00672,calibration,-1.27884367344,0.109010969276,0.825479653049,1.34373777
CH00673,calibration,-2.1067046927,0.133240506746,1.19801711171,0.453993257969
CH00674,calibration,0.615211107176,3.14784669804,0.526844998229,3.45614494396
CH00675,calibration,-0.281406652995,1.44529211044,0.376632993848,1.21318043757
CH00676,calibration,1.77774583545,3.98270636054,1.04998562595,1.94144002076
CH00677,calibration,0.954336921914,3.61402687183,0.679451614861,3.48475694854
CH00678,calibration,-0.579544374338,0.910190774085,0.510794968452,0.422224680055
CH00679,calibration,-0.217221980591,1.56929420278,0.347749891266,1.04930283031
CH00680,calibration,1.89377610949,3.95419033171,1.10219924927,2.84192824626
CH00681,calibration,-2.20092851678,0.182623844779,1.24041783255,-2.12595956063
CH00682,calibration,-2.14436638988,0.152369449406,1.21496487545,1.70232149021
CH00683,calibration,-1.80071702476,0.021681958597,1.06032266114,1.12474488414
CH00684,calibration,1.03328316803,3.69752515056,0.714977425613,4.17695326458
CH00685,calibration,-0.558038185163,0.945901338956,0.501117183323,0.257834963207
CH00686,calibration,0.214384891566,2.4251758126,0.346473201205,2.66507456557
CH00687,calibration,-2.00610078031,0.0870402204487,1.15274535114,-0.29228886176
CH00688,calibration,0.468621039575,2.90025231509,0.460879467809,2.72751132045
CH00689,calibration,0.789098263647,3.40751236151,0.605094218641,4.25092907744
CH00690,calibration,-2.41355653792,0.306541279581,1.33610044206,0.827647978402
CH00691,calibration,-1.53605060868,0.0141673243229,0.941222773904,-0.809262947284
CH00692,calibration,-0.571267536699,0.923871863268,0.507070391514,1.19316411686
CH00693,calibration,1.71641792438,3.99114930088,1.02238806597,4.74129954315
CH00694,calibration,-2.10868718246,0.134224958766,1.19890923211,0.957811298644
CH00695,calibration,-0.276515227541,1.45466137336,0.374431852393,1.31778406384
CH00696,calibration,-2.31765351203,0.24935398017,1.29294408041,0.911253283578
CH00697,calibration,-1.67360983347,0.00591213185475,1.00312442506,0.0876705248184
CH00698,calibration,0.853693963227,3.4931964671,0.634162283452,3.69936603296
CH00699,calibration,0.738793725026,3.33659476975,0.582457176262,2.75389830098
CH00700,calibration,0.768610968164,3.37906304549,0.595874935674,2.6543697717
CH00701,calibration,0.0340555746444,2.0680966882,0.26532500859,2.11629159531
CH00702,calibration,2.17809923664,3.82978871366,1.23014465649,3.38058763578
CH00703,calibration,0.355781929107,2.69524897238,0.410101868098,2.53266971844
CH00704,calibration,-1.27471248026,0.111425375626,0.823620616115,-0.596945696716
CH00705,calibration,1.79995036021,3.97847492962,1.0599776621,3.02767429312
CH00706,calibration,1.8989042042,3.95258103727,1.10450689189,5.74977552438
CH00707,calibration,1.51133929762,3.98133962368,0.930102683931,1.1058085997
CH00708,calibration,2.39242315357,3.70613358084,1.32659041911,4.35164959974
CH00709,calibration,2.07714734591,3.88111942226,1.18471630566,2.82901734682
CH00710,calibration,0.484630785686,2.92840248564,0.468083853559,3.63776053295
CH00711,calibration,1.19016178456,3.83283511223,0.785572803053,3.26606246871
CH00712,calibration,1.62426130712,3.99430916486,0.980917588203,3.7003841999
CH00713,calibration,-0.798492878483,0.57964422851,0.609321795317,0.892819644871
CH00714,calibration,-0.677019777997,0.755267185434,0.554658900098,0.820711770148
CH00715,calibration,1.76220712952,3.98530262124,1.04299320829,4.76717373664
CH00716,calibration,-1.44935768323,0.0341490926422,0.902210957454,0.478220064153
CH00717,calibration,1.2498221967,3.87341937429,0.812419988516,4.31124448126
CH00718,calibration,-1.75036115636,0.0129238867639,1.03766252036,0.925946002447
CH00719,calibration,0.456015537716,2.87791310179,0.455206991972,2.80536226878
CH00720,calibration,0.962262286657,3.62286450956,0.683018028996,3.72953002153
CH00721,calibration,0.180280454819,2.35842131281,0.331126204668,1.72072627806
CH00722,calibration,1.60612349819,3.99351117951,0.972755574184,3.64588070634
CH00723,calibration,-2.3836104146,0.288586752077,1.32262468657,0.768009197479
CH00724,calibration,-2.16711098263,0.164331105846,1.22519994218,-0.380458480206
CH00725,calibration,-1.33516052472,0.0789548852974,0.850822236125,1.08321762048
CH00726,calibration,1.64224897513,3.99462979686,0.989012038807,4.87267223548
CH00727,calibration,2.28945192505,3.76716967745,1.28025336627,4.25212759294
CH00728,calibration,2.4514831097,3.67071831579,1.35316739937,2.92110573505
CH00729,calibration,-1.86360466964,0.0369144904041,1.08862210134,0.154961843795
CH00730,calibration,-0.409472088689,1.20584126171,0.43426243991,1.14848925657
CH00731,calibration,1.40513620915,3.9510361029,0.882311294119,3.77735579925
CH00732,calibration,-0.421481085728,1.18404577221,0.439666488578,1.60211903035
CH00733,calibration,2.28413235284,3.77026316164,1.27785955878,3.31868868587
CH00734,calibration,0.616745937551,3.15031009817,0.527535671898,2.70815579364
CH00735,calibration,-0.56809235648,0.929141063483,0.505641560416,1.12194487245
CH00736,calibration,0.664399580606,3.22534373327,0.548979811273,2.73018638755
CH00737,calibration,1.26137991163,3.88058655079,0.817620960233,3.43827297811
CH00738,calibration,-2.22438398053,0.195630465395,1.25097279124,-0.144070629402
CH00739,calibration,2.0487515082,3.89432182571,1.17193817869,4.58433009192
CH00740,calibration,0.417223717656,2.80824176082,0.437750672945,3.14434956814
CH00741,calibration,2.36093690135,3.72496734509,1.31242160561,2.25894923645
CH00742,calibration,-1.37719093816,0.0599712016787,0.869735922172,0.919871393636
CH00743,calibration,-2.3336530903,0.258808120468,1.30014389063,2.36032006479
CH00744,calibration,-1.09326040415,0.245880654503,0.741967181866,-0.741484564842
CH00745,calibration,0.442101547589,2.85308096089,0.448945696415,2.55441953737
CH00746,calibration,-0.409501805761,1.20578717328,0.434275812593,1.53689347972
CH00747,calibration,-1.43935403715,0.0372232942848,0.897709316719,-0.93357122876
CH00748,calibration,-1.70895907452,0.00815983005966,1.01903158353,1.07632482836
CH00749,calibration,-1.6304126121,0.00552877642755,0.983685675446,-0.268712379522
CH00750,calibration,-0.633785401494,0.82253501222,0.535203430672,0.8604662975
CH00751,calibration,-1.04245283926,0.293436436189,0.719103777667,0.881226921164
CH00752,calibration,1.49524117567,3.97790085986,0.92285852905,4.62493744335
CH00753,calibration,-1.62664600023,0.00562151682363,0.981990700105,0.727463694992
CH00754,calibration,0.458544116501,2.88240634365,0.456344852425,3.00628285686
CH00755,calibration,-1.9247902361,0.0559605663575,1.11615560625,2.03687302624
CH00756,calibration,1.30219495493,3.9040967421,0.835987729716,1.51685522442
CH00757,calibration,2.13403048648,3.8529676578,1.21031371892,4.04060758382
CH00758,calibration,0.553551359704,3.04658245905,0.499098111867,2.82141478945
CH00759,calibration,2.03495287697,3.90051375647,1.16572879464,4.02449145526
CH00760,calibration,-0.921231628585,0.423970708762,0.664554232863,0.550652365922
CH00761,calibration,0.156556637149,2.31171112664,0.320450486717,2.18742470945
CH00762,calibration,1.51483331007,3.98203245575,0.931674989534,3.92069111174
CH00763,calibration,-0.933970030543,0.409144153294,0.670286513744,0.837774117895
CH00764,calibration,-0.328806822962,1.35528466546,0.397963070333,1.87000149369
CH00765,calibration,-1.23162824742,0.138319854764,0.804232711339,-0.313031567318
CH00766,calibration,1.5320494782,3.98516929715,0.939422265188,5.28050969324
CH00767,calibration,-2.142030547,0.151157746212,1.21391374615,1.73410106449
CH00768,calibration,1.33094237225,3.91897779226,0.848924067514,3.22841516006
CH00769,calibration,-0.0220107028301,1.95598249882,0.259904816274,2.1818103431
CH00770,calibration,1.09326863843,3.75412670443,0.741970887292,3.78148886711
CH00771,calibration,0.427836991414,2.82743857928,0.442526646136,3.43026451407
CH00772,calibration,1.97748168844,3.92459850034,1.1398667598,6.26450285898
CH00773,calibration,1.62749374767,3.99440114325,0.982372186453,4.82877418196
CH00774,calibration,1.22238881398,3.85550456232,0.80007496629,3.53377610663
CH00775,calibration,-0.242211867645,1.52075366649,0.35899534044,0.941950230728
CH00776,calibration,1.74440039412,3.98790033617,1.03498017735,3.97170227739
CH00777,calibration,-0.413569944737,1.19838987219,0.436106475132,2.17336082046
CH00778,calibration,0.956308525634,3.6162348199,0.680338836535,4.14646162937
CH00779,calibration,0.919977557805,3.57455581216,0.663989901012,3.49232973409
CH00780,calibration,-0.506156490106,1.03415209508,0.477770420548,0.292345037671
CH00781,calibration,-0.387522474584,1.24599558587,0.424385113563,0.876552839498
CH00782,calibration,-2.34611598092,0.266205152763,1.30575219141,0.77724711922
CH00783,calibration,0.204510741698,2.40590049486,0.342029833764,2.26463246213
CH00784,calibration,0.152975427223,2.30464262173,0.31883894225,2.31156259767
CH00785,calibration,0.887997068624,3.53614885035,0.649598680881,3.39853387083
CH00786,calibration,1.22438519903,3.85685114964,0.800973339565,3.24977674571
CH00787,calibration,1.28579637896,3.8949875854,0.828608370532,4.82883001191
CH00788,calibration,-1.38968624194,0.0548908908151,0.875358808874,0.045745696699
CH00789,calibration,1.21330109502,3.84928967345,0.795985492761,3.20652356465
CH00790,calibration,-1.03924767449,0.296579959849,0.71766145352,0.32573322247
CH00791,calibration,-1.59928842594,0.00691455246907,0.969679791672,-0.214593288264
CH00792,calibration,1.38355229991,3.94264730631,0.87259853496,4.53737227788
CH00793,calibration,1.32884980968,3.91794120887,0.847982414358,3.30820458951
CH00794,calibration,-1.24177084748,0.131706633726,0.808796881368,1.0386180558
CH00795,calibration,0.864234363974,3.50658589057,0.638905463788,2.46868203015
CH00796,calibration,-0.0982636134222,1.80381991155,0.29421862604,1.68153687069
CH00797,calibration,-0.843932561159,0.519353397169,0.629769652522,1.45291272941
CH00798,calibration,0.340339733552,2.66638509687,0.403152880099,2.69248614489
CH00799,calibration,0.989667273687,3.65264526755,0.695350273159,3.19753210211
CH00800,calibration,-1.4845570767,0.0246063506952,0.918050684515,0.162907029257
CH00801,calibration,-0.209333882296,1.58467872226,0.344200247033,1.45728993857
CH00802,calibration,-2.47567576113,0.343737369621,1.36405409251,-1.42959530004
CH00803,calibration,-0.68621670122,0.741267991986,0.558797515549,1.16657850003
CH00804,calibration,1.21498862017,3.85045428604,0.796744879076,3.39643693285
CH00805,calibration,1.55254375553,3.98830776252,0.948644689989,3.39530229251
CH00806,calibration,-1.50787630629,0.0193658554474,0.928544337829,0.682273502453
CH00807,calibration,1.10317511896,3.76289794792,0.746428803534,4.21643604722
CH00808,calibration,-1.94488328476,0.0630580078145,1.12519747814,-0.191334798044
CH00809,calibration,-1.63493849535,0.00544439343664,0.985722322905,-0.279322441566
CH00810,calibration,0.987566534597,3.65040536291,0.694404940569,4.05643183699
CH00811,calibration,-0.439827232166,1.15099502749,0.447922254475,1.08852352581
CH00812,calibration,0.0424291668372,2.08483036923,0.269093125077,1.94091077544
CH00813,calibration,-2.37774791181,0.28507758134,1.31998656031,1.15159498682
CH00814,calibration,-1.65882627823,0.00548401086745,0.996471825205,-1.38924989322
CH00815,calibration,-0.377250082254,1.26492401097,0.419762537014,1.55874099902
CH00816,calibration,-0.790967093645,0.589922561824,0.60593519214,-0.748212583079
CH00817,calibration,2.21857391546,3.80761384186,1.24835826196,5.48885358871
CH00818,calibration,-1.88060132223,0.0418037906415,1.096270595,-1.16146175043
CH00819,calibration,0.295364366628,2.58136280086,0.382913964983,2.45325693398
CH00820,calibration,1.81154123782,3.9760272261,1.06519355702,3.82940859283
CH00821,calibration,-1.5744751272,0.00904225047395,0.95851380724,-0.281899929137
CH00822,calibration,0.164054192564,2.32649531564,0.323824386654,2.445877294
CH00823,calibration,-0.139462201992,1.72206719157,0.312757990896,1.98643953249
CH00824,calibration,0.736937707681,3.33391022542,0.581621968457,2.90633770005
CH00825,calibration,-1.39715512234,0.0519767847857,0.878719805051,0.757223242225
CH00826,calibration,1.70908427641,3.99182918894,1.01908792439,4.2862478546
CH00827,calibration,-1.78279054967,0.0182015741765,1.05225574735,0.928525261624
CH00828,calibration,0.610374424364,3.1400651803,0.524668490964,2.52620534379
CH00829,calibration,-1.73660753247,0.0110916022031,1.03147338961,-0.207981319284
CH00830,calibration,1.42129296109,3.95681682536,0.88958183249,1.62128627608
CH00831,calibration,1.47232424237,3.9723011752,0.912545909067,3.14199642651
CH00832,calibration,-0.874053053829,0.481093744568,0.643323874223,1.01991520842
CH00833,calibration,1.22566796941,3.85771284105,0.801550586233,4.72802380291
CH00834,calibration,-0.368907946966,1.28035754646,0.416008576134,1.46745066695
CH00835,calibration,2.26196329574,3.78306316112,1.26788348308,3.88703441241
CH00836,calibration,-2.34544623868,0.265806995682,1.30545080741,4.24381551164
CH00837,calibration,-1.46252763083,0.0303470775589,0.908137433873,0.811455327663
CH00838,calibration,1.09087213181,3.75198017856,0.740892459315,2.03238205754
CH00839,calibration,-1.8529392289,0.0340101017634,1.08382265301,0.925713922701
CH00840,calibration,-0.0583388521689,1.88339497778,0.276252483476,1.68518476285
CH00841,calibration,-2.33962241363,0.26234779552,1.30283008613,-1.52997619085
CH00842,calibration,1.72562331267,3.99019436333,1.0265304907,5.28224766463
CH00843,calibration,-0.720568634387,0.689971311579,0.574255885474,0.345892828162
CH00844,calibration,-1.50242508543,0.0205143758855,0.926091288444,2.87624959334
CH00845,calibration,-2.41306314884,0.306245252051,1.33587841698,1.58189279451
CH00846,calibration,2.22087626852,3.80632993533,1.24939432084,4.16768276523
CH00847,calibration,-1.70042347052,0.00746103731801,1.01519056173,0.52816706444
CH00848,calibration,1.6798657261,3.99381498577,1.00593957675,4.79281252
CH00849,calibration,-0.522684192819,1.00572511218,0.485207886768,0.886902456981
CH00850,calibration,-0.630253285436,0.828134620399,0.533613978446,1.5088883453
CH00851,calibration,0.762018128826,3.36978065137,0.592908157972,2.280583932
CH00852,calibration,2.46939725664,3.66000814771,1.36122876549,4.27380866457
CH00853,calibration,1.74507715139,3.98780906924,1.03528471813,4.84998351033
CH00854,calibration,-1.69973950823,0.00740930653084,1.0148827787,0.411974588692
CH00855,calibration,-0.16797176117,1.66578769727,0.325587292527,1.74990797495
CH00856,calibration,0.296851555118,2.58419569698,0.383583199803,2.47706731981
CH00857,calibration,2.40795921009,3.69681689051,1.33358164454,5.14810321321
CH00858,calibration,-0.680697977777,0.74965509265,0.556314089999,0.286043506504
CH00859,calibration,0.0107641716958,2.02152788671,0.254843877263,1.78115488327
CH00860,calibration,2.31076899175,3.75469752169,1.28984604629,4.4086162155
CH00861,calibration,-0.945999307295,0.395378850514,0.675699688283,-0.268120218885
CH00862,calibration,-1.79755502923,0.0210394977752,1.05889976315,1.26519713779
CH00863,calibration,1.83952121489,3.9694609621,1.0777845467,1.923488737
CH00864,calibration,-0.201979420558,1.59904794776,0.340890739251,1.68595519923
CH00865,calibration,0.537104816836,3.0188410764,0.491697167576,2.65740333269
CH00866,calibration,1.34844913802,3.92736409907,0.856802112111,3.34352122846
CH00867,calibration,2.31679767557,3.75115024864,1.29255895401,4.15335267463
CH00868,calibration,1.78559121452,3.98128073214,1.05351604653,3.30592012129
CH00869,calibration,-0.0226541357118,1.95469598556,0.26019436107,2.61310807196
CH00870,calibration,1.3242685948,3.91564631014,0.845920867662,4.26872676162
CH00871,calibration,-0.99796142873,0.338581107353,0.699082642928,0.886452582506
CH00872,calibration,-2.10520712907,0.132498581962,1.19734320808,-0.785056603129
CH00873,calibration,0.497285704497,2.95047358848,0.473778567024,3.14306876575
CH00874,calibration,0.810773581138,3.43695086624,0.614848111512,3.29839185471
CH00875,calibration,-1.55894649324,0.0108433008434,0.951525921959,0.269723652142
CH00876,calibration,0.886942612102,3.53485542574,0.649124175446,2.97549556413
CH00877,calibration,1.27896229837,3.89105793479,0.825533034265,4.09501211793
CH00878,calibration,-0.363442090082,1.29049926131,0.413548940537,1.39437177669
CH00879,calibration,-1.21595726465,0.148879396854,0.797180769094,0.0196473497378
CH00880,calibration,0.387245358138,2.75349490595,0.424260411162,3.05120138418
CH00881,calibration,-2.31009133552,0.244904263785,1.28954110098,1.77384297895
CH00882,calibration,-2.0692143975,0.115131690018,1.18114647888,0.659901389519
CH00883,calibration,-1.50410213554,0.0201560813698,0.926845960992,0.152309022125
CH00884,calibration,-0.486165045311,1.06891308793,0.46877427039,1.58055879221
CH00885,calibration,0.779126476602,3.39374037434,0.600606914471,3.66473827594
CH00886,calibration,-0.872503111542,0.483028791507,0.642626400194,1.60763332784
CH00887,calibration,-1.78546571441,0.018695861852,1.05345957148,1.64330105247
CH00888,calibration,-2.35564049183,0.271874602661,1.31003822132,0.780022753106
CH00889,calibration,-0.956204355218,0.38388168227,0.680291959848,0.399472404457
CH00890,calibration,0.378287332822,2.73699112632,0.42022929977,2.15449149374
CH00891,calibration,-1.02668590106,0.309063332496,0.712008655479,0.60874368906
CH00892,calibration,-2.40986353059,0.304325577188,1.33443858877,-1.47581444601
CH00893,calibration,-2.34765073962,0.267117816655,1.30644283283,-1.29659971197
CH00894,calibration,-1.93800296088,0.0605827393135,1.12210133239,-0.326314456961
CH00895,calibration,-0.691478924701,0.733308018857,0.561165516115,-0.0508096936329
CH00896,calibration,-1.65036337896,0.00537720968108,0.992663520533,0.00249895136041
CH00897,calibration,-0.190747635975,1.62103822836,0.335836436189,2.06330099329
CH00898,calibration,-1.66564817618,0.0056435615101,0.999541679283,-1.05670898096
CH00899,calibration,-1.14426762831,0.202475808322,0.764920432738,0.280594095865
CH00900,calibration,-0.277793935991,1.452210693,0.375007271196,0.847534163916
CH00901,calibration,2.18291468102,3.8271920245,1.23231160646,4.28244118362
CH00902,calibration,1.43148383135,3.96024461633,0.894167724107,3.54121378343
CH00903,calibration,2.23104430579,3.80063311574,1.2539699376,5.58756840283
CH00904,calibration,-0.720704279252,0.689771906675,0.574316925663,0.456671863915
CH00905,calibration,0.995557556634,3.65888756216,0.698000900485,3.60719962718
CH00906,calibration,2.43423465677,3.68105386423,1.34540559554,2.33238870126
CH00907,calibration,-1.52269897491,0.0164773821595,0.935214538708,0.345033145736
CH00908,calibration,-2.44509015421,0.325452980535,1.35029056939,-1.48762009357
CH00909,calibration,0.379536286261,2.7392960037,0.420791328817,2.76390777843
CH00910,calibration,-0.528453057185,0.99587080129,0.487803875733,0.756748074602
CH00911,calibration,-0.378085301011,1.26338182975,0.420138385455,1.75709461475
CH00912,calibration,1.10910462934,3.76806937781,0.749097083204,2.81006195326
CH00913,calibration,-2.45071503015,0.328821839989,1.35282176357,0.383026888068
CH00914,calibration,1.51749376582,3.98254724717,0.93287219462,4.77320803531
CH00915,calibration,0.450244319647,2.86763517814,0.452609943841,2.38382116031
CH00916,calibration,-2.3964255353,0.296265678504,1.32839149088,-1.31494047281
CH00917,calibration,-0.980038195486,0.357680407466,0.691017187969,0.431393470194
CH00918,calibration,1.43063803706,3.9599665346,0.893787116679,3.41099933421
CH00919,calibration,-1.91746006454,0.0534719338294,1.11285702904,0.767966223161
CH00920,calibration,-1.24866360628,0.12731151944,0.811898622828,0.716944154134
CH00921,calibration,-1.80741471181,0.0230828039428,1.06333662032,0.84996387706
CH00922,calibration,1.96779481827,3.928370675,1.13550766822,2.97874611047
CH00923,calibration,-0.169046948154,1.66367072712,0.326071126669,2.15637213342
CH00924,calibration,-2.35187652217,0.269632549935,1.30834443498,-1.23080219821
CH00925,calibration,0.666016969147,3.22784010583,0.549707636116,3.71360495779
CH00926,calibration,0.768924196955,3.37950252163,0.59601588863,4.17125213976
CH00927,calibration,1.1272206345,3.78350400477,0.757249285524,2.42998091658
CH00928,calibration,0.23721272496,2.46956106946,0.356745726232,2.16040727269
CH00929,calibration,-1.10283967628,0.237396368659,0.746277854324,0.210992977249
CH00930,calibration,1.23604987667,3.86458451537,0.806222444499,4.01997861785
CH00931,calibration,-1.49793492654,0.0214953993467,0.924070716945,0.462776229536
CH00932,calibration,-1.76148626291,0.0145843372721,1.04266881831,1.37769466294
CH00933,calibration,-2.11667738736,0.138218760927,1.20250482431,-0.734519473981
CH00934,calibration,1.60984005657,3.99371384475,0.974428025457,3.87672800594
CH00935,calibration,-0.252710808764,1.50045606779,0.363719863944,1.06419605816
CH00936,calibration,2.43375207275,3.68134325444,1.34518843274,4.62121619423
CH00937,calibration,-0.83790103929,0.527179582851,0.62705546768,0.502984788049
CH00938,calibration,0.666857123348,3.2291355208,0.550085705506,2.74912018785
CH00939,calibration,-1.22902667816,0.140044140828,0.803062005171,-0.43762348625
CH00940,calibration,1.67063670127,3.99419850323,1.00178651557,3.07025621746
CH00941,calibration,-1.40404525007,0.0493695867134,0.881820362533,-1.51401994515
CH00942,calibration,1.10856669431,3.76760264662,0.748855012441,3.93635104767
CH00943,calibration,-2.49809404823,0.357065778996,1.3741423217,-0.834428979342
CH00944,calibration,-1.22277420976,0.144234958747,0.800248394392,-0.0836297574708
CH00945,calibration,-0.00213304924965,1.99573390505,0.250959872162,2.38609615127
CH00946,calibration,1.36815538834,3.9361947597,0.865669924752,3.51692485268
CH00947,calibration,-2.05497405,0.108519199182,1.1747383225,0.475676292411
CH00948,calibration,0.698023128939,3.27654003945,0.564110408022,3.75096277545
CH00949,calibration,1.74469387982,3.98786082979,1.03511224592,5.18513451336
CH00950,calibration,-2.2661268784,0.2193288733,1.26975709528,0.58841517932
CH00951,calibration,-2.34098552109,0.263156948353,1.30344348449,0.279232691743
CH00952,calibration,-0.230879758046,1.54272669779,0.353895891121,1.93441302685
CH00953,calibration,-1.18300211036,0.172439467884,0.782350949661,0.360491965831
CH00954,calibration,1.08098433023,3.74302238606,0.736442948602,2.53760003909
CH00955,calibration,-0.683318398463,0.745667717891,0.557493279308,1.22279466743
CH00956,calibration,-0.0882765041706,1.82369871773,0.289724426877,2.17467182732
CH00957,calibration,2.37828219779,3.71460272114,1.32022698901,3.94979079485
CH00958,calibration,-2.2432625199,0.206267366786,1.25946813395,-0.161578826807
CH00959,calibration,1.9567915137,3.93254941283,1.13055618117,4.56045592822
CH00960,calibration,2.22550916448,3.80373959465,1.25147912402,4.44945945549
CH00961,calibration,-0.852247831675,0.508653691064,0.633511524254,0.647154345867
CH00962,calibration,0.639706249787,3.18681681256,0.537867812404,3.43030514866
CH00963,calibration,-0.122437156362,1.75579691264,0.305096720363,1.12790887644
CH00964,calibration,0.195868349742,2.38899409237,0.338140757384,2.23885652352
CH00965,calibration,0.62471622552,3.16305627183,0.531122301484,2.88604769711
CH00966,calibration,-1.99357441908,0.081856792564,1.14710848859,0.663590285361
CH00967,calibration,-0.838403934717,0.526524966891,0.627281770622,0.733033389045
CH00968,calibration,0.6899592654,3.2643970006,0.56048166943,3.60783519954
CH00969,calibration,0.60981958308,3.13917071645,0.524418812386,2.95767512698
CH00970,calibration,0.95613035763,3.61603554972,0.680258660933,3.64147239647
CH00971,calibration,-0.550145346932,0.959138176523,0.49756540612,0.548114961223
CH00972,calibration,0.520166332835,2.98996280861,0.484074849776,2.5761971221
CH00973,calibration,1.6286218607,3.99442968685,0.982879837314,3.57803811138
CH00974,calibration,0.0308841938275,2.06175760185,0.263897887222,2.25021459582
CH00975,calibration,1.68185551468,3.99371683686,1.00683498161,2.44321974689
CH00976,calibration,1.02323053573,3.68745735639,0.710453741077,2.92878752169
CH00977,calibration,1.18232839222,3.82705974198,0.782047776499,4.02911867158
CH00978,calibration,1.20685991768,3.84480017812,0.793086962958,3.28381081471
CH00979,calibration,0.316713550265,2.62189264953,0.392521097619,2.66852350574
CH00980,calibration,-1.88252082178,0.0423758024305,1.0971343698,-0.0968076957105
CH00981,calibration,-0.0928936902906,1.8145059253,0.291802160631,1.3405575261
CH00982,calibration,-0.723995928566,0.684940702128,0.575798167855,0.971447819187
CH00983,calibration,-1.64477062349,0.00536233947456,0.99014678057,0.869827899625
CH00984,calibration,-2.44046114003,0.322679062216,1.34820751301,0.857719851472
CH00985,calibration,-2.49164259212,0.353238295565,1.37123916645,-0.983356540871
CH00986,calibration,2.23595348685,3.79786758156,1.25617906908,3.64204687503
CH00987,calibration,-1.73679236533,0.0111145953953,1.0315565644,0.684379282699
CH00988,calibration,0.390887730619,2.7601867846,0.425899478779,2.98385629496
CH00989,calibration,-1.65938231594,0.00549456733755,0.996722042171,-1.04491268601
CH00990,calibration,-0.914063967304,0.432425704997,0.661328785287,0.143517525611
CH00991,calibration,1.55622696443,3.98880373229,0.950302133992,3.12051054244
CH00992,calibration,-0.801944697035,0.574957463602,0.610875113666,0.158342592409
CH00993,calibration,1.80186998512,3.97808076038,1.06084149331,3.96725671994
CH00994,calibration,2.20954843152,3.81262466071,1.24429679418,4.5180358435
CH00995,calibration,0.517649036473,2.98564499162,0.482942066413,2.34987323842
CH00996,calibration,0.161238011668,2.32094448808,0.32255710525,2.57015069213
CH00997,calibration,2.32827778167,3.74437378408,1.29772500175,2.12218658984
CH00998,calibration,1.83916162813,3.96955114564,1.07762273266,4.36429016276
CH00999,calibration,-1.3362085397,0.0784458530319,0.851293842865,0.97949219843
CH01000,calibration,0.429447140488,2.83034222035,0.44325121322,3.15233085807
CH01001,calibration,-0.240078961644,1.52488434192,0.35803553274,1.98124240664
CH01002,calibration,-1.24915585388,0.127000709558,0.812120134247,-0.42950195589
CH01003,calibration,0.94700723081,3.60576408678,0.676153253865,2.86655385559
CH01004,calibration,-1.60674370939,0.00645359114721,0.973034669224,0.841221457052
CH01005,calibration,-2.39005961735,0.292449969372,1.32552682781,-0.686198183953
CH01006,calibration,0.0279291143183,2.05585025197,0.262568101443,1.85702990558
CH01007,calibration,-0.378627188188,1.26238156518,0.420382234685,1.08676765359
CH01008,calibration,-2.23019052397,0.19888690166,1.25358573578,-0.426134487665
CH01009,calibration,1.36881348568,3.93647856328,0.865966068558,2.95642146615
CH01010,calibration,-1.1280494749,0.215803016504,0.757622263704,2.22175021976
CH01011,calibration,1.73846940675,3.98867474199,1.03231123304,6.75432557805
CH01012,calibration,0.193249245254,2.38386421235,0.336962160364,3.20238100217
CH01013,calibration,-2.21085309449,0.188097442539,1.24488389252,1.63528599773
CH01014,calibration,-1.26658526839,0.116259070855,0.819963370773,0.209591354005
CH01015,calibration,1.88142284239,3.95795188442,1.09664027908,4.72356124811
CH01016,calibration,0.219995254429,2.43610773166,0.348997864493,2.42866371503
CH01017,calibration,-2.01815681137,0.0921564569126,1.15817056512,-0.764325735764
CH01018,calibration,1.64828009496,3.99463352617,0.991726042732,3.93223120647
CH01019,calibration,1.61466480897,3.99394676384,0.976599164036,3.00316779878
CH01020,calibration,0.535957551944,3.01689486398,0.491180898375,4.21895492767
CH01021,calibration,2.11550117473,3.86237175308,1.20197552863,3.97589942145
CH01022,calibration,0.406794152292,2.78928148816,0.433057368532,3.41855036014
CH01023,calibration,0.605519065054,3.13222527099,0.522483579274,2.59395876075
CH01024,calibration,-0.557086406848,0.947493849557,0.500688883082,1.46558309044
CH01025,calibration,0.530204024778,3.00711314106,0.48859181115,2.96829331554
CH01026,calibration,-1.56148134701,0.0105244087498,0.952666606156,0.504860305013
CH01027,calibration,1.86327358121,3.96317758524,1.08847311154,4.97161369513
CH01028,calibration,1.9894224552,3.91983089612,1.14524010484,3.15101926784
CH01029,calibration,0.731600003992,3.32616325383,0.579220001796,3.48492889709
CH01030,calibration,-0.809202244722,0.565160183604,0.614141010125,0.374467722725
CH01031,calibration,-0.34031357165,1.33366395227,0.403141107243,1.18642268571
CH01032,calibration,-0.403605873453,1.21653320485,0.431622643054,1.81026955331
CH01033,calibration,0.0232485138058,2.04649242669,0.260461831213,1.52522675019
CH01034,calibration,0.858348594687,3.49913002481,0.636256867609,3.52510480402
CH01035,calibration,1.80260120342,3.97792943992,1.06117054154,5.95858134367
CH01036,calibration,-1.19456927931,0.163960923322,0.787556175691,0.30244747329
CH01037,calibration,-0.714853502344,0.698395571168,0.571684076055,0.923104725523
CH01038,calibration,1.77039304733,3.98397277703,1.0466768713,4.1721991645
CH01039,calibration,-1.41163657077,0.0465869544869,0.885236456846,-0.59283025012
CH01040,calibration,-1.788153886,0.0192014642191,1.0546692487,-0.162376741727
CH01041,calibration,-1.44974762611,0.0340325223075,0.902386431751,1.60026200883
CH01042,calibration,-2.36734266493,0.278856723773,1.31530419922,-1.52895985066
CH01043,calibration,1.53966681091,3.98641103714,0.942850064908,3.84233247445
CH01044,calibration,-0.582601347739,0.905157771048,0.512170606483,0.481580284273
CH01045,calibration,-2.1993602742,0.181763089938,1.23971212339,-0.913712878321
CH01046,calibration,-0.614122936102,0.853901544779,0.526355321246,0.429825113983
CH01047,calibration,2.20794599724,3.81351052674,1.24357569876,4.9134046782
CH01048,calibration,-1.63124760589,0.00551098967914,0.984061422649,-1.07131782618
CH01049,calibration,2.07343218615,3.88288081777,1.18304448377,3.07046729729
CH01050,calibration,1.87529926815,3.95975542355,1.09388467067,3.5380644776
CH01051,calibration,1.29466815938,3.89997179663,0.832600671722,2.96676238325
CH01052,calibration,1.56047245129,3.98934983625,0.952212603082,4.11299954828
CH01053,calibration,1.05606784409,3.71972751457,0.725230529839,3.09587131944
CH01054,calibration,1.2429841647,3.86907284502,0.809342874115,4.14650310284
CH01055,calibration,1.46136761746,3.96932919831,0.907615427858,4.63584491112
CH01056,calibration,1.13927757808,3.79347077792,0.762674910134,3.2125184282
CH01057,calibration,0.810067413855,3.43600259734,0.614530336235,4.53076225449
CH01058,calibration,0.796797621152,3.41804765308,0.608558929518,3.55557672597
CH01059,calibration,-0.939530703406,0.402752420375,0.672788816533,-0.620571927757
CH01060,calibration,1.36018417315,3.93270027273,0.862082877916,4.39009406935
CH01061,calibration,2.23980631485,3.7956904818,1.25791284168,3.88866730222
CH01062,calibration,-0.800354542989,0.577114364379,0.610159544345,1.11211487911
CH01063,calibration,-0.164464809417,1.67269557469,0.324009164238,1.59878931696
CH01064,calibration,1.59863629066,3.9930412295,0.969386330797,3.85403265079
CH01065,calibration,-1.58080882594,0.00841186144796,0.961363971673,1.30747796954
CH01066,calibration,-0.024145216767,1.95171472054,0.260865347545,2.24229202307
CH01067,calibration,0.289447216685,2.57007761517,0.380251247508,3.12831031927
CH01068,calibration,-0.661602289069,0.778981700852,0.547721030081,1.50506336779
CH01069,calibration,-1.84502229031,0.0319372246247,1.08026003064,-0.32238201337
CH01070,calibration,1.47515527619,3.97303799311,0.913819874287,2.9629795923
CH01071,calibration,1.25230060663,3.87497526723,0.813535272983,3.96600237038
CH01072,calibration,1.76777914229,3.98440662272,1.04550061403,4.182937203
CH01073,calibration,1.01875902267,3.68292577039,0.7084415602,4.27299017567
CH01074,calibration,-2.09611281776,0.128025371268,1.19325076799,-0.197390109631
CH01075,calibration,-0.740900854755,0.660363259648,0.58340538464,1.24408987781
CH01076,calibration,-0.0757656921859,1.84862779469,0.284094561484,1.5134890836
CH01077,calibration,-1.25250189454,0.124898823579,0.813625852542,-0.000225623485457
CH01078,calibration,0.159826583576,2.3181614435,0.321921962609,2.56666240329
CH01079,calibration,2.16546048457,3.83654658076,1.22445721806,3.90169758407
CH01080,calibration,-2.30797724083,0.243662639201,1.28858975837,-0.281569112408
CH01081,calibration,2.19195644021,3.82228484271,1.23638039809,5.08360412332
CH01082,calibration,1.11389388383,3.77220331725,0.751252247722,4.29267839609
CH01083,calibration,1.7949283545,3.9794849382,1.05771775952,5.69407773381
CH01084,calibration,-1.7167226867,0.00888051001713,1.02252520901,0.263479826573
CH01085,calibration,0.585688027644,3.09991313173,0.51355961244,3.05215374214
CH01086,calibration,-1.729828003,0.0102791528691,1.02842260135,-0.899472979017
CH01087,calibration,-0.650442095542,0.796338082064,0.542698942994,0.315970487314
CH01088,calibration,2.22840439581,3.80211627354,1.25278197811,1.9729962819
CH01089,calibration,-2.35992420113,0.274428544324,1.31196589051,-0.419110019056
CH01090,calibration,1.94787220956,3.93585231531,1.1265424943,4.78957190862
CH01091,calibration,0.156395906623,2.31139397381,0.32037815798,1.70766231258
CH01092,calibration,-2.09859181226,0.129239167651,1.19436631552,1.01985692953
CH01093,calibration,1.59826865962,3.99301602542,0.969220896827,2.54882657626
CH01094,calibration,-2.20739801349,0.186186800421,1.24332910607,-1.51992400395
CH01095,calibration,2.49907342547,3.64235381731,1.37458304146,3.7803623161
CH01096,calibration,-2.02710300781,0.0960317636005,1.16219635351,-0.368332519545
CH01097,calibration,0.826824753637,3.45830666257,0.622071139137,3.05434512697
CH01098,calibration,-0.196242479232,1.61027336051,0.338309115654,2.17853581731
CH01099,calibration,-1.69332901384,0.00695536240735,1.01199805623,1.30852309069
CH01100,calibration,0.569427804373,3.0730765081,0.506242511968,2.89569212801
CH01101,calibration,-0.246771242828,1.51193179958,0.361047059272,1.05694656109
CH01102,calibration,-2.46221538598,0.335701851699,1.35799692369,2.25379116595
CH01103,calibration,2.21583327827,3.8091391817,1.24712497522,3.77662378636
CH01104,calibration,0.101863628483,2.20334057365,0.295838632818,1.93047384993
CH01105,calibration,1.6926505549,3.99308940442,1.0116927497,3.48219063862
CH01106,calibration,-0.245997704288,1.51342773287,0.36069896693,1.37024640122
CH01107,calibration,-1.11229820216,0.22916975465,0.750534190974,-0.913169116965
CH01108,calibration,-2.43190968366,0.317551845193,1.34435935765,-0.262503496495
CH01109,calibration,-1.0152056549,0.320698705344,0.706842544706,0.965115524761
CH01110,calibration,-1.04233760047,0.293549164903,0.719051920211,-0.776877670152
CH01111,calibration,0.501127679239,2.9571421758,0.475507455657,2.87586084397
CH01112,calibration,1.83830302017,3.96976587953,1.07723635908,2.45196550163
CH01113,calibration,-0.789646045336,0.591735253381,0.605340720401,0.744850101025
CH01114,calibration,-1.35540823317,0.0694438726842,0.859933704928,1.77934374068
CH01115,calibration,0.38260483736,2.7449535422,0.422172176812,3.05676698214
CH01116,calibration,1.75268485016,3.98674239613,1.03870818257,3.41916599532
CH01117,calibration,-0.805065826447,0.570734668261,0.612279621901,0.0679159084447
CH01118,calibration,2.36129098185,3.72475609418,1.31258094183,5.82911976213
CH01119,calibration,-2.48086030608,0.346826443679,1.36638713774,-0.217028938866
CH01120,calibration,-0.65039810729,0.796406805767,0.542679148281,1.0288919299
CH01121,calibration,-2.17457761468,0.16831983689,1.22855992661,0.379542218612
CH01122,calibration,0.891797892028,3.54079677344,0.651309051412,4.01204939309
CH01123,calibration,-1.5913647822,0.00749443427089,0.966114151992,0.38758927344
CH01124,calibration,1.56561329673,3.98997454339,0.954525983529,2.06449095792
CH01125,calibration,0.313688321738,2.61616776756,0.391159744782,2.98688100516
CH01126,calibration,-1.38401569221,0.0571645537509,0.872807061495,-0.0228486832498
CH01127,calibration,-0.105065876105,1.79029253384,0.297279644247,1.39947383113
CH01128,calibration,1.62154363251,3.99422012106,0.979694634629,4.08337514644
CH01129,calibration,1.93010607206,3.94220074488,1.11854773243,5.45258977906
CH01130,calibration,1.71348936883,3.99142943916,1.02107021597,2.40253429491
CH01131,calibration,-0.495643780588,1.05238091846,0.473039701265,1.08087225634
CH01132,calibration,-0.507783842442,1.03134045739,0.478502729099,-0.119105044728
CH01133,calibration,1.15034230644,3.80240204614,0.767654037897,4.26924368022
CH01134,calibration,-2.45282621984,0.330085686312,1.35377179893,0.321672418874
CH01135,calibration,-1.07989399673,0.257975377305,0.735952298528,-0.354997987734
CH01136,calibration,-1.91641155912,0.0531204304967,1.1123852016,-1.47515877607
CH01137,calibration,2.27482648246,3.77565488856,1.27367191711,2.4530470913
CH01138,calibration,1.14412054209,3.79740531338,0.764854243938,3.56655910955
CH01139,calibration,-0.665457213125,0.773023473822,0.549455745906,0.595785632839
CH01140,calibration,1.17695785693,3.82304028816,0.77963103562,4.22571505679
CH01141,calibration,-2.17178465415,0.166824356211,1.22730309437,0.52500880511
CH01142,calibration,-0.176647328827,1.64871839358,0.329491297972,2.00345494344
CH01143,calibration,1.9080459661,3.94964361495,1.10862068474,4.01712527715
CH01144,calibration,0.00538270953482,2.01076536196,0.252422219291,1.73143163871
CH01145,calibration,2.12861123927,3.85574020424,1.20787505767,4.12590694702
CH01146,calibration,-1.12480573172,0.21852163444,0.756162579272,-0.379408285362
CH01147,calibration,-1.10495278807,0.235545474499,0.747228754633,0.56003211036
CH01148,calibration,1.88886145485,3.95570643325,1.09998765468,4.51739624
CH01149,calibration,-2.43815461496,0.321296453591,1.34716957673,-1.14873868105
CH01150,calibration,-0.257265259744,1.49166949997,0.365769366885,2.06259564097
CH01151,calibration,-1.94823459189,0.0642803872728,1.12670556635,0.689901864984
CH01152,calibration,0.190531053321,2.37853720884,0.335738973994,2.20687092425
CH01153,calibration,-0.287346620134,1.43393389307,0.37930597906,1.62289775513
CH01154,calibration,-1.91121404834,0.0513946514161,1.11004632175,0.928910855084
CH01155,calibration,-1.62530247593,0.00565955795171,0.981386114167,0.310722454108
CH01156,calibration,0.72386839245,3.31487238646,0.575740776602,3.29841082444
CH01157,calibration,2.12031530645,3.85994922223,1.2041418879,2.37802869969
CH01158,calibration,-1.51636970373,0.01766891204,0.93236636668,-0.0112629662586
CH01159,calibration,0.123312075082,2.24593844474,0.305490433787,2.35435265726
CH01160,calibration,-0.761528183402,0.630911624454,0.592687682531,0.618817198808
CH01161,calibration,-1.88341238485,0.0426428444537,1.09753557318,0.20309548034
CH01162,calibration,-0.335079539977,1.34348679023,0.40078579299,1.36562983398
CH01163,calibration,-1.33890756363,0.0771433346702,0.852508403634,-0.579380257401
CH01164,calibration,1.20518564117,3.84362172735,0.792333538528,3.88115513959
CH01165,calibration,1.56213117268,3.98955577299,0.952959027707,5.27485460172
CH01166,calibration,0.62226965144,3.15915193538,0.530021343148,3.57279193601
CH01167,calibration,2.19660398898,3.81974692906,1.23847179504,6.07955365258
CH01168,calibration,1.35235068971,3.92916358448,0.858557810369,3.67519466555
CH01169,calibration,0.279406535646,2.55087850654,0.375732941041,3.14060402861
CH01170,calibration,1.89121603888,3.9549832917,1.1010472175,5.46363801865
CH01171,calibration,-1.90997294167,0.0509866698214,1.10948782375,0.802145463361
CH01172,calibration,1.32476381965,3.91589607633,0.846143718843,3.0216877661
CH01173,calibration,-1.05228032035,0.283903740821,0.723526144157,-0.303180485565
CH01174,calibration,0.198925041718,2.39497735293,0.339516268773,1.83379659497
CH01175,calibration,-1.85248734981,0.0338898726915,1.08361930741,0.848804849303
CH01176,calibration,1.4695502871,3.97156684118,0.911297629193,1.86567632574
CH01177,calibration,0.656375051344,3.21290861587,0.545368773105,3.91813113621
CH01178,calibration,0.989704895563,3.65268531649,0.695367203003,3.04992674841
CH01179,calibration,2.17978648204,3.82888022916,1.23090391692,3.7069672381
CH01180,calibration,-0.658753803616,0.783396594812,0.546439211627,-0.141529639268
CH01181,calibration,-0.834562106974,0.531535451612,0.625552948138,0.727626197425
CH01182,calibration,-1.79229957973,0.0199986472444,1.05653481088,-1.63081835906
CH01183,calibration,0.423829707774,2.82020207159,0.440723368498,2.77279803865
CH01184,calibration,1.49166756078,3.97708229155,0.921250402349,4.76576851992
CH01185,calibration,-2.01782661298,0.0920146949536,1.15802197584,1.92110701177
CH01186,calibration,2.40530027494,3.69841195896,1.33238512372,4.13795563121
CH01187,calibration,1.04872078301,3.71266193783,0.721924352355,3.65018249061
CH01188,calibration,1.96239818789,3.93043439623,1.13307918455,5.2332966607
CH01189,calibration,1.68751877052,3.99340762326,1.00938344673,3.26133815957
CH01190,calibration,1.9211682877,3.94527591957,1.11452572947,2.33455086544
CH01191,calibration,0.461007764468,2.88677837004,0.45745349401,2.40809117447
CH01192,calibration,-2.25256656583,0.2115600307,1.26365495462,-1.62059767707
CH01193,calibration,2.12174794841,3.8592254474,1.20478657678,4.02089262273
CH01194,calibration,-1.39761833014,0.0517990705498,0.878928248563,0.403909198036
CH01195,calibration,-1.68191864492,0.00628636658571,1.00686339021,1.04844606856
CH01196,calibration,0.382464523162,2.74469500782,0.422109035423,2.14294005017
CH01197,calibration,-1.37569363977,0.0605972296814,0.869062137899,-0.219624529418
CH01198,calibration,2.21318934266,3.81060759707,1.2459352042,2.15282824955
CH01199,calibration,0.758912965093,3.36538742988,0.591510834292,3.74029106903
CH01200,calibration,-0.685113479175,0.742941421269,0.558301065629,0.313183828298
CH01201,calibration,-1.04642098585,0.289568101696,0.720889443634,-0.413822409302
CH01202,calibration,-2.03717964727,0.10047524155,1.16673084127,0.180356652951
CH01203,calibration,0.0954370758899,2.1905561014,0.29294668415,2.05874219542
CH01204,calibration,1.22171181026,3.85504638554,0.799770314617,5.14501671476
CH01205,calibration,-0.476775873319,1.08537748637,0.464549142993,1.67001428683
CH01206,calibration,-0.613151774755,0.855463011579,0.52591829864,1.04230433601
CH01207,calibration,-1.04414900777,0.291779749325,0.719867053495,-0.551842111211
CH01208,calibration,0.607575020909,3.13554846152,0.523408759409,3.22420304166
CH01209,calibration,1.03463000737,3.69886139334,0.715583503319,3.44429464559
CH01210,calibration,0.603240814603,3.12853685968,0.521458366571,3.51071181251
CH01211,calibration,2.46309065842,3.66377502263,1.35839079629,2.36175869102
CH01212,calibration,-0.779134849851,0.606248001442,0.600610682433,0.0713582817481
CH01213,calibration,-0.757381971227,0.636783643183,0.590821887052,0.412531231997
CH01214,calibration,-0.455098431118,1.12371807459,0.454794294003,1.11162453806
CH01215,calibration,2.40884043723,3.69628821953,1.33397819675,3.30693020074
CH01216,calibration,-2.15465963537,0.157746716823,1.21959683592,-0.2231923286
CH01217,calibration,0.71102048758,3.29592966844,0.569959219411,2.92658946131
CH01218,calibration,1.88438147289,3.95706591962,1.0979716628,3.79155094226
CH01219,calibration,0.715848666182,3.30307451426,0.572131899782,3.40618290467
CH01220,calibration,-2.31264326831,0.246404421112,1.29068947074,-0.715074147784
CH01221,calibration,-1.91918611841,0.0540530245633,1.11363375329,-2.80400827843
CH01222,calibration,0.813340799172,3.44039205003,0.616003359627,3.60373343248
CH01223,calibration,1.69111435192,3.99318844371,1.01100145836,3.22446129981
CH01224,calibration,-1.25588806745,0.122790958833,0.815149630351,-0.682591090384
CH01225,calibration,2.36766472214,3.72095089472,1.31544912496,4.15222970611
CH01226,calibration,2.26363551034,3.78210314552,1.26863597965,4.32789634843
CH01227,calibration,1.85095638812,3.96651574425,1.08293037465,3.91121117496
CH01228,calibration,0.532666881021,3.01130468184,0.48970009646,3.47116063025
CH01229,calibration,0.238917505148,2.47286533852,0.357512877316,2.61583738324
CH01230,calibration,-0.269013179071,1.46905869865,0.371055930582,1.20572379726
CH01231,calibration,0.911609885545,3.56466092657,0.660224448495,4.07706612014
CH01232,calibration,0.253122504488,2.50033865446,0.36390512702,2.12544734088
CH01233,calibration,0.352189647707,2.68855022107,0.408485341468,2.76858845431
CH01234,calibration,-1.7805899568,0.0178016248169,1.05126548056,-1.53632758662
CH01235,calibration,2.03453505357,3.90069888476,1.16554077411,2.68509233907
CH01236,calibration,-0.420216114146,1.18633568128,0.439097251366,0.924809602407
CH01237,calibration,1.92349417976,3.94448341463,1.11557238089,4.8736137382
CH01238,calibration,-2.00185364895,0.0852674508554,1.15083414203,-2.84454626093
CH01239,calibration,1.59024454155,3.99241607321,0.965610043695,3.11483535135
CH01240,calibration,0.226535421349,2.44883242558,0.351940939607,2.06520572049
CH01241,calibration,-2.32277570692,0.252375069583,1.29524906811,-0.952016270327
CH01242,calibration,-2.0989149601,0.129397699398,1.19451173204,-0.54489533177
CH01243,calibration,1.39011475185,3.945278776,0.875551638332,4.22393308699
CH01244,calibration,0.637306420106,3.18303160377,0.536787889048,3.5001920093
CH01245,calibration,0.525834983962,2.99966143582,0.486625742783,2.99074250294
CH01246,calibration,0.216173218491,2.4286620148,0.347277948321,3.06893741956
CH01247,calibration,0.0005132165087,2.00102643297,0.250230947429,2.25923840893
CH01248,calibration,-2.40807371141,0.303251800998,1.33363317013,0.0904559720989
CH01249,calibration,1.04550160764,3.70953796071,0.720475723437,2.93754627881
CH01250,calibration,-1.9642698607,0.0702782594371,1.13392143732,-1.20935725305
CH01251,calibration,-2.48702782445,0.350496235572,1.369162521,-1.76870638373
CH01252,calibration,1.73490470237,3.98911812825,1.03070711607,5.131105299
CH01253,calibration,0.932234542299,3.58885095166,0.669505544035,2.97685467274
CH01254,calibration,1.21772377807,3.85233168066,0.797975700131,5.54808647905
CH01255,calibration,0.109699482707,2.21891607241,0.299364767218,2.20816169796
CH01256,calibration,-1.02402266048,0.311743297353,0.710810197217,1.25229703593
CH01257,calibration,0.389734071481,2.75806842263,0.425380332166,2.88210299546
CH01258,calibration,2.22722745485,3.80277658694,1.25225235468,3.15376269447
CH01259,calibration,1.76286244279,3.98519928651,1.04328809926,4.24103756822
CH01260,calibration,0.209660660071,2.41595917576,0.344347297032,2.01936341644
CH01261,calibration,2.29021886097,3.76672302541,1.28059848744,4.97864894791
CH01262,calibration,2.17842284232,3.82961458409,1.23029027905,4.19838151465
CH01263,calibration,2.33596556308,3.73982137858,1.30118450339,1.43457448901
CH01264,calibration,-0.173944771539,1.65403267438,0.328275147193,1.90116124826
CH01265,calibration,1.6774259196,3.99392786207,1.00484166382,3.48208803775
CH01266,calibration,-1.61596785048,0.00599616325344,0.977185532714,-0.845953697161
CH01267,calibration,2.06071268124,3.88883442959,1.17732070656,4.4841999665
CH01268,calibration,-1.22491157225,0.142794926726,0.801210207514,-0.225193777775
CH01269,calibration,-0.994343177573,0.342394778139,0.697454429908,-0.103361638632
CH01270,calibration,0.772006682082,3.38381996071,0.597403006937,2.89967185659
CH01271,calibration,-0.602005551467,0.873465581374,0.52090249816,1.81147078059
CH01272,calibration,0.114427057951,2.22830611095,0.301492176078,2.45958965385
CH01273,calibration,0.373166901935,2.72752867027,0.417925105871,3.36096517316
CH01274,calibration,1.09057876596,3.75171675471,0.740760444682,4.28969197357
CH01275,calibration,-2.03912941981,0.101344472663,1.16760823891,-0.861674589969
CH01276,calibration,1.19764448192,3.83825510987,0.788940016865,3.46572708158
CH01277,calibration,1.17524104542,3.82174510625,0.778858470439,4.73568960754
CH01278,calibration,-1.59309807228,0.00735963840548,0.966894132526,-0.611368443701
CH01279,calibration,-2.21430425301,0.19001123873,1.24643691385,1.80937175305
CH01280,calibration,-1.99599822404,0.0828490673524,1.14819920082,2.75705299198
CH01281,calibration,1.32458273272,3.91580479282,0.846062229724,3.52957091003
CH01282,calibration,1.91569034548,3.947120698,1.11206065546,5.8072627509
CH01283,calibration,2.13189658215,3.85406153237,1.20935346197,4.96118713843
CH01284,calibration,-2.48805797035,0.351108633305,1.36962608666,-1.44830571521
CH01285,calibration,2.49610961002,3.64411077255,1.37324932451,5.43171874582
CH01286,calibration,1.77983972883,3.98233335065,1.05092787797,4.17676899191
CH01287,calibration,1.11759168325,3.77536882784,0.752916257463,5.24467723095
CH01288,calibration,-2.33433276256,0.259210832612,1.30044974315,0.0597119877501
CH01289,calibration,-1.36441008939,0.065434035137,0.863984540226,-0.204981670607
CH01290,calibration,1.92710960725,3.94324067739,1.11719932326,5.60296464685
CH01291,calibration,-0.417264030465,1.19168513583,0.437768813709,1.70019045142
CH01292,calibration,1.93210756924,3.94150111935,1.11944840616,3.75857885851
CH01293,calibration,0.348467150691,2.68159847952,0.406810217811,3.1905420647
CH01294,calibration,-0.426805354342,1.17442302614,0.442062409454,0.823936743098
CH01295,calibration,-2.069562783,0.115295359969,1.18130325235,1.4377160969
CH01296,calibration,1.57312675695,3.99081577613,0.957907040628,4.27506628155
CH01297,calibration,0.265158695954,2.52353136043,0.369321413179,1.99000800209
CH01298,calibration,0.095205135494,2.19009453267,0.292842310972,2.1838679586
CH01299,calibration,-1.60392539504,0.00661822943537,0.971766427768,0.445175646944
CH01300,calibration,1.76958146397,3.98410840213,1.04631165879,5.12007350487
CH01301,test,-1.48258575809,0.0250886628742,0.91716359114,-0.509894228182
CH01302,test,0.954185398073,3.61385692696,0.679383429133,3.09618875727
CH01303,test,-1.1773015523,0.176701022099,0.779785698535,-0.278709595854
CH01304,test,-0.516892851707,1.0156533666,0.482601783268,1.49728921365
CH01305,test,-0.717867640377,0.693947122724,0.57304043817,0.646688312627
CH01306,test,-0.96441919706,0.374747731636,0.683988638677,-0.367246709162
CH01307,test,-0.771319057884,0.617141977968,0.597093576048,0.337200391383
CH01308,test,2.14710140807,3.84620771815,1.21619563363,4.05309673365
CH01309,test,0.31531809564,2.61925268481,0.391893143038,2.44472707513
CH01310,test,1.95221000988,3.9342555191,1.12849450445,4.1645636964
CH01311,test,-0.323286545453,1.36569015523,0.395478945454,0.461844638935
CH01312,test,0.913541739619,3.56695512176,0.661093782829,3.25760021073
CH01313,test,-2.11584205773,0.137799294552,1.20212892598,1.45645933721
CH01314,test,0.474210626654,2.91010910656,0.463394781994,3.16491609612
CH01315,test,2.42361707802,3.68742253277,1.34062768511,2.71452420279
CH01316,test,0.472991307916,2.90796152761,0.462846088562,2.8194797734
CH01317,test,-2.21566663377,0.190768175176,1.2470499852,0.699834592755
CH01318,test,0.866622390865,3.50959590895,0.639980075889,3.0960385396
CH01319,test,-1.41285546534,0.0461489288172,0.885784959405,-1.39817639929
CH01320,test,-0.791839241849,0.588727217729,0.606327658832,0.388053476765
CH01321,test,0.978676109522,3.64084685851,0.690404249285,4.33857307765
CH01322,test,-2.01790154105,0.0920468553362,1.15805569347,0.494072504052
CH01323,test,-0.881699846719,0.471600968326,0.646764931023,0.364334335556
CH01324,test,-1.50413371435,0.0201493769687,0.926860171458,0.00402779840607
CH01325,test,-1.84301101277,0.0314219993102,1.07935495575,-1.53504043028
CH01326,test,-0.745223008436,0.654142847299,0.585350353796,1.2163822029
CH01327,test,0.568578380999,3.07166623724,0.50586027145,3.34271960032
CH01328,test,-0.456182216656,1.12179052636,0.455281997495,0.968594643319
CH01329,test,1.97450861979,3.92576543804,1.13852887891,4.03531378307
CH01330,test,-1.97991493974,0.0763625663437,1.14096172288,0.561258655568
CH01331,test,1.67131442851,3.99417436688,1.00209149283,5.41797178906
CH01332,test,0.475839612627,2.91297596268,0.464127825682,2.13727473026
CH01333,test,0.722087033854,3.3122593834,0.574939165234,2.55932855304
CH01334,test,0.258464283164,2.51064178244,0.366308927424,2.77713628373
CH01335,test,1.49539761733,3.97793623477,0.922928927799,2.50103184077
CH01336,test,1.69975835559,3.99258927647,1.01489126002,4.5601424362
CH01337,test,0.717753715018,3.30588496341,0.572989171758,3.1996277779
CH01338,test,-2.07334492468,0.117077931241,1.1830052161,-1.38416368824
CH01339,test,1.12438307852,3.78112283323,0.755972385332,4.49084417828
CH01340,test,-0.963379330803,0.375897959834,0.683520698861,0.999532010957
CH01341,test,1.95784039122,3.93215600655,1.13102817605,1.47477649029
CH01342,test,-1.65354499329,0.00540548274292,0.994095246982,-0.0376932618113
CH01343,test,-0.0627387107995,1.87461297272,0.27823241986,1.88162801646
CH01344,test,-2.4666653261,0.338360628117,1.35999939674,-0.264177422927
CH01345,test,2.3470864113,3.73321781025,1.30618888508,4.6752866084
CH01346,test,1.14096901307,3.79484942601,0.763436055882,3.77057797781
CH01347,test,0.0875048845869,2.17476458373,0.289377198064,2.10591422444
CH01348,test,1.84569394605,3.96788968772,1.08056227572,5.03450049968
CH01349,test,-2.09263452005,0.126329376438,1.19168553402,0.643226124984
CH01350,test,2.0526749603,3.89253397375,1.17370373214,3.86874388368
CH01351,test,-0.0389847232035,1.92205224593,0.267543125442,1.72649260137
CH01352,test,-0.0503339528588,1.89937877838,0.272650278786,1.51421891823
CH01353,test,2.46607613894,3.6619912821,1.35973426252,1.68154819486
CH01354,test,-2.17563861155,0.168889015629,1.2290373752,-0.103952808542
CH01355,test,0.725697623722,3.31755110166,0.576563930675,3.01941543707
CH01356,test,-0.32554120677,1.36143765635,0.396493543047,1.11485638089
CH01357,test,-0.936910487736,0.405758126437,0.671609719481,-0.159231658215
CH01358,test,-2.49149797777,0.353152418891,1.37117409,-0.133622232902
CH01359,test,2.09462552852,3.87270083863,1.19258148784,3.94137416659
CH01360,test,1.67222905704,3.9941407793,1.00250307567,4.95579442974
CH01361,test,-0.356777136699,1.30289691941,0.410549711514,1.4511140203
CH01362,test,1.26256516672,3.88130881586,0.818154325023,4.84771257485
CH01363,test,-0.309003067128,1.39271060061,0.389051380208,1.13712698411
CH01364,test,-1.86474568939,0.037232742199,1.08913556023,0.240478401346
CH01365,test,0.138906814521,2.27683382022,0.312508066535,2.79492285574
CH01366,test,-2.21651858753,0.191241931287,1.24743336439,0.996101323054
CH01367,test,2.0213359658,3.90647399935,1.15960118461,4.28397677596
CH01368,test,0.440830864763,2.85080424974,0.448373889143,2.73609927179
CH01369,test,0.700665211729,3.28049984476,0.565299345278,4.14038192051
CH01370,test,0.093834192243,2.18736608386,0.292225386509,1.63787346784
CH01371,test,-0.263830839895,1.47902330942,0.368723877953,2.11874715981
CH01372,test,-0.750542813879,0.646522355479,0.587744266245,0.40143604351
CH01373,test,1.90610103178,3.95027586654,1.1077454643,4.40366085843
CH01374,test,2.05280204388,3.89247586504,1.17376091975,4.10335439085
CH01375,test,-1.48277289599,0.0250426125288,0.917247803195,-0.692533095753
CH01376,test,2.07520506805,3.88204152543,1.18384228062,2.71281669375
CH01377,test,0.859221223322,3.50023876244,0.636649550495,4.23165938566
CH01378,test,1.67744259552,3.99392711853,1.00484916798,2.1316577781
CH01379,test,1.42557651197,3.95827816685,0.891509430387,3.91265014105
CH01380,test,-0.553378376696,0.953707767036,0.499020269513,0.836152297153
CH01381,test,-0.714405322375,0.699058073887,0.571482395069,-0.152266917869
CH01382,test,1.50361056132,3.97973935256,0.926624752594,5.12612146659
CH01383,test,1.54067390136,3.9865685305,0.943303255612,4.38483766148
CH01384,test,1.60441494382,3.99341120671,0.971986724721,5.32193563473
CH01385,test,-0.494334097471,1.05465978274,0.472450343862,1.03530534668
CH01386,test,-0.98678661892,0.350428040173,0.694053978514,0.370208622904
CH01387,test,0.798472574044,3.42032815143,0.60931265832,3.21901683612
CH01388,test,-2.36493242652,0.277417324312,1.31421959194,-0.00480825605552
CH01389,test,2.15914630792,3.83989056469,1.22161583856,4.54156565992
CH01390,test,0.819237275637,3.44825911916,0.618656774037,4.11039543583
CH01391,test,-0.00584150317259,1.98831706664,0.252628676428,1.61642038327
CH01392,test,-1.37168637637,0.0622908906982,0.867258869366,1.50159945869
CH01393,test,-1.70308553374,0.00766841412238,1.01638849018,-0.668704370079
CH01394,test,1.61357698183,3.99389721924,0.976109641822,3.29204049281
CH01395,test,1.97883617585,3.92406418091,1.14047627913,4.14383853378
CH01396,test,0.911768609927,3.56484964193,0.660295874467,2.79087188629
CH01397,test,-0.227706061786,1.54889214734,0.352467727804,1.00429406935
CH01398,test,-1.26788224015,0.115480229489,0.820547008066,0.343540911274
CH01399,test,1.79227973576,3.98000521886,1.05652588109,2.59838043263
CH01400,test,2.4405002218,3.67729751318,1.34822509981,4.98315936982
CH01401,test,-1.38247905968,0.0577897930306,0.872115576856,0.243358268563
CH01402,test,-1.23831917104,0.1339377091,0.807243626968,0.0779570632908
CH01403,test,-0.386718468658,1.24747400928,0.424023310896,0.479218280096
CH01404,test,-0.922279029759,0.422741954209,0.665025563392,0.451711939582
CH01405,test,2.33480262489,3.74051072082,1.3006611812,0.90571378889
CH01406,test,0.836036630407,3.47039022289,0.626216483683,2.86526581604
CH01407,test,-1.67717437568,0.00606096901565,1.00472846906,0.833733998521
CH01408,test,-2.12764329485,0.143766485911,1.20743948268,1.84215291797
CH01409,test,0.449285245009,2.86592414573,0.452178360254,3.10168413681
CH01410,test,1.15609548438,3.80696440557,0.770242967972,4.58099922622
CH01411,test,0.858180042486,3.49891573386,0.636181019119,3.38544811776
CH01412,test,-1.21342754155,0.15062289515,0.796042393698,0.485854313247
CH01413,test,1.79830012033,3.97881020792,1.05923505415,3.08514936117
CH01414,test,1.23989479706,3.86708323093,0.807952658679,4.54687571606
CH01415,test,0.331985644216,2.65069761317,0.399393539897,1.90728695808
CH01416,test,0.879750646181,3.52598781695,0.645887790781,2.78327589884
CH01417,test,0.267518466379,2.52806884836,0.37038330987,2.63214205359
CH01418,test,-1.24977651145,0.12660940323,0.812399430152,0.660485749616
CH01419,test,0.789861913294,3.40856112484,0.605437860982,3.63754590199
CH01420,test,0.539992156032,3.02373280528,0.492996470215,4.3137042318
CH01421,test,1.09195223159,3.75294880038,0.741378504216,4.10807877504
CH01422,test,1.34470939619,3.92561549697,0.855119228285,1.99379025464
CH01423,test,-2.21452651797,0.190134673239,1.24653693309,0.216218713338
CH01424,test,-2.00562807716,0.0868421426955,1.15253263472,-0.385268586891
CH01425,test,-2.11765013362,0.138707796812,1.20294256013,0.456871645553
CH01426,test,0.800847627647,3.42355485508,0.610381432441,4.61212287603
CH01427,test,-1.54824185453,0.012297690133,0.946708834537,1.41761346063
CH01428,test,2.47784172115,3.65497165901,1.36502877452,3.96778557216
CH01429,test,1.65835911325,3.99452452175,0.99626160096,2.98926788775
CH01430,test,-0.151254580981,1.6987554719,0.318064561442,2.08923906498
CH01431,test,-1.14684861454,0.20039572856,0.766081876543,-0.112382122204
CH01432,test,1.50900685601,3.98086651934,0.929053085204,2.87445081196
CH01433,test,0.486853751805,2.93229114757,0.469084188312,2.68192725861
CH01434,test,-0.189258590019,1.62395756828,0.335166365509,2.08386624861
CH01435,test,-0.707118905364,0.709866959503,0.568203507414,1.07006370484
CH01436,test,-0.885321179243,0.467136817821,0.648394530659,0.303982935158
CH01437,test,0.449029557845,2.86546784351,0.45206330103,3.1806593045
CH01438,test,-0.155323646324,1.69072203111,0.319895640846,2.30940591942
CH01439,test,-1.10660467386,0.234103780309,0.747972103236,0.425385167602
CH01440,test,0.518488479962,2.98708559836,0.483319815983,2.638781914
CH01441,test,-0.65627278307,0.787250393682,0.545322752381,1.09806000896
CH01442,test,1.37311718789,3.93831688209,0.86790273455,4.69618929253
CH01443,test,-0.0600472831364,1.87998468871,0.277021277411,2.29100660097
CH01444,test,0.641208420097,3.18918250012,0.538543789044,3.7583024828
CH01445,test,-1.99832757109,0.0838075370808,1.14924740699,-1.16697224415
CH01446,test,2.25714363487,3.78582480549,1.26571463569,4.98643768867
CH01447,test,-0.458711610042,1.11729623706,0.456420224519,1.24587902224
CH01448,test,-1.1700567898,0.182196155985,0.776525555409,0.877263727351
CH01449,test,2.24819701071,3.79092957914,1.26168865482,3.3748342922
CH01450,test,1.41884881198,3.95596963678,0.888481965389,3.00333101782
CH01451,test,-1.70034268642,0.00745489425505,1.01515420889,-0.365870936516
CH01452,test,2.39005674055,3.70755175448,1.32552553325,3.98062137474
CH01453,test,-1.29118747227,0.10196790545,0.831034362521,0.54274183836
CH01454,test,-1.04044707032,0.295401645795,0.718201181645,0.783620605313
CH01455,test,-2.24991359191,0.210047639041,1.26246111636,0.00349425666404
CH01456,test,-2.04623415951,0.104537357833,1.17080537178,2.01167736549
CH01457,test,0.564755849591,3.06530965725,0.504140132316,2.92747522635
CH01458,test,-1.46724941063,0.0290515597129,0.910262234783,-1.47168528659
CH01459,test,2.068615573,3.88514942584,1.18087700785,4.05943759976
CH01460,test,1.31757179895,3.91222853464,0.842907309528,4.77743184591
CH01461,test,-0.458937689713,1.11689482825,0.456521960371,1.2251813976
CH01462,test,-2.14640345391,0.153428772665,1.21588155426,2.97528509855
CH01463,test,-1.23710048628,0.134730241394,0.806695218827,-0.771693388643
CH01464,test,-0.317838313853,1.37598044583,0.393027241234,1.70157422436
CH01465,test,-0.296003935338,1.41741873389,0.383201770902,1.18486327371
CH01466,test,-0.866598179318,0.490434565148,0.639969180693,-0.108690237122
CH01467,test,-1.95841201399,0.0680588338479,1.13128540629,0.121995673884
CH01468,test,-1.03206998039,0.303681048834,0.714431491177,0.695947503685
CH01469,test,2.23739750775,3.79705229271,1.25682887849,4.26124797235
CH01470,test,2.28819960512,3.76789865782,1.2796898223,0.596745284305
CH01471,test,2.39803170074,3.70277128533,1.32911426533,1.67672343129
CH01472,test,-0.194872896096,1.61295529995,0.337692803243,1.683519458
CH01473,test,0.339874365342,2.66551253616,0.402943464404,2.78702049062
CH01474,test,0.595801921716,3.11645049844,0.518110864772,3.38388434089
CH01475,test,0.418785995023,2.81107376026,0.43845369776,2.9004768973
CH01476,test,0.191169498411,2.37978868457,0.336026274285,2.85896967779
CH01477,test,0.824263100782,3.45492399805,0.620918395352,3.77814418747
CH01478,test,0.71818402422,3.30651910096,0.573182810899,2.38982200699
CH01479,test,-0.911236928187,0.435782656349,0.660056617684,0.809525970286
CH01480,test,-1.74548228841,0.0122458510391,1.03546702979,-1.2717797163
CH01481,test,0.512844411059,2.97738530623,0.480779984977,3.17300839142
CH01482,test,2.1728572681,3.83260180195,1.22778577065,5.49964432541
CH01483,test,-2.453756009,0.330642185712,1.35419020405,2.1485676382
CH01484,test,0.0320503360238,2.06408861783,0.264422651211,1.99110756652
CH01485,test,2.45508594018,3.66856194405,1.35478867308,2.60905139889
CH01486,test,-0.812223175369,0.56110485842,0.615500428916,0.335633506678
CH01487,test,2.01549164994,3.90898515018,1.15697124247,5.85198165404
CH01488,test,-2.46098152054,0.334964275136,1.35744168424,-1.31032831535
CH01489,test,0.641493123962,3.18963054688,0.538671905783,2.90709494953
CH01490,test,2.17815050984,3.82976112756,1.23016772943,2.72108133759
CH01491,test,-1.13385037513,0.21098531481,0.76023266881,-0.0194450374748
CH01492,test,2.14709235462,3.84621243518,1.21619155958,1.65597345477
CH01493,test,-0.284453549576,1.43946323954,0.378004097309,1.34349570567
CH01494,test,-0.223991009505,1.55611557737,0.350795954277,0.772773847422
CH01495,test,2.46045229947,3.66535212682,1.35720353476,2.46154044695
CH01496,test,-0.382967732791,1.25437788245,0.422335479756,1.59541523457
CH01497,test,-2.49398057976,0.354626185893,1.37229126089,-0.434695782426
CH01498,test,-1.54235869804,0.0131714730039,0.944061414118,0.61721370937
CH01499,test,0.344544939114,2.67426268506,0.405045222601,2.62259873435
CH01500,test,-1.65489506536,0.00542180995263,0.994702779414,-0.323731402356
CH01501,test,0.514163451353,2.97965529373,0.481373553109,2.65665576383
CH01502,test,2.03205799644,3.90179352173,1.1644260984,2.33048199017
CH01503,test,1.48033454237,3.97435301645,0.916150544067,4.53702831923
CH01504,test,-0.584632337322,0.90181994462,0.513084551795,1.40621324909
CH01505,test,2.01106828565,3.91086665794,1.15498072854,3.49504866204
CH01506,test,-0.433141110155,1.16300509125,0.44491349957,1.28416191284
CH01507,test,-1.59914556594,0.00692418537456,0.969615504675,-0.750968967761
CH01508,test,-1.42400490296,0.0422545292289,0.890802206332,-0.634328858647
CH01509,test,-0.782985352274,0.60091317821,0.602343408523,0.509560621885
CH01510,test,-1.98805279826,0.0796157290002,1.14462375922,-0.734761616962
CH01511,test,0.886307158857,3.53407513233,0.648838221486,4.57676909163
CH01512,test,-0.272904637547,1.461586403,0.372807086896,1.79774819375
CH01513,test,-0.180362254832,1.64141799558,0.331163014675,1.72543749475
CH01514,test,-0.0774994732517,1.8451714084,0.284874762963,2.11059758098
CH01515,test,-0.0574978866523,1.88507381129,0.275874048994,1.51434307172
CH01516,test,0.874272395888,3.51917979869,0.643422578149,4.49673286043
CH01517,test,-0.785699300719,0.59716584352,0.603564685323,0.0837202982915
CH01518,test,0.620719535619,3.15667441199,0.529323791028,3.58730315566
CH01519,test,-0.16338129471,1.67483074215,0.323521582619,1.30032126742
CH01520,test,0.958633293254,3.61883027562,0.681384981964,3.735935866
CH01521,test,-1.54909849842,0.0121748735275,0.947094324288,-1.98683537889
CH01522,test,-2.04772678074,0.105213189976,1.17147705134,-2.22386253701
CH01523,test,0.253432002169,2.50093603644,0.364044400976,2.33326744787
CH01524,test,1.41174008874,3.95345034021,0.885283039934,3.54641646541
CH01525,test,-0.349820919639,1.31587217354,0.407419413838,1.56905870657
CH01526,test,1.13662154427,3.79129619086,0.761479694922,3.8450146198
CH01527,test,1.53264765347,3.98527004182,0.939691444063,3.42372413299
CH01528,test,-1.21371583045,0.15042365894,0.796172123702,-0.268107036009
CH01529,test,1.79508429841,3.97945403792,1.05778793429,5.95007345329
CH01530,test,-1.90616115426,0.0497436189224,1.10777251942,0.235506391387
CH01531,test,-0.131273259094,1.7382806145,0.309072966592,1.53256066713
CH01532,test,-0.102079700635,1.79622974651,0.295935865286,1.65158373275
CH01533,test,0.0232367195671,2.04646884521,0.260456523805,1.79620142394
CH01534,test,-1.54652326076,0.0125474651765,0.945935467342,-1.2050874
CH01535,test,1.60181307359,3.99325071357,0.970815883117,3.76077767845
CH01536,test,-1.99119391213,0.080887294078,1.14603726046,0.715308130994
CH01537,test,2.1597538125,3.83956978464,1.22188921563,4.38037605507
CH01538,test,0.388223552467,2.75529314085,0.42470059861,2.34072946839
CH01539,test,0.832351586824,3.46557160305,0.624558214071,4.07056325866
CH01540,test,2.29736876385,3.76255133558,1.28381594373,3.12354860405
CH01541,test,-0.911558154239,0.435400587897,0.660201169407,0.680761473397
CH01542,test,2.31868096412,3.75004047148,1.29340643385,4.78178099104
CH01543,test,-1.74118821348,0.0116745735683,1.03353469606,0.378091210339
CH01544,test,1.8119140925,3.97594580714,1.06536134163,2.50904126574
CH01545,test,-2.42055246091,0.310738800517,1.33924860741,0.808452055133
CH01546,test,0.888834737719,3.53717513289,0.649975631973,2.97149357961
CH01547,test,1.69934625112,3.99262014973,1.014705813,2.27000710541
CH01548,test,1.60788082133,3.99360953242,0.973546369597,4.6102177365
CH01549,test,-1.5649725996,0.0101011321611,0.954237669818,0.718539078172
CH01550,test,-0.666128023096,0.771988610443,0.549757610393,1.19134792891
CH01551,test,1.9387375555,3.93915519569,1.12243189998,3.18265011097
CH01552,test,0.412378620449,2.79944536052,0.435570379202,3.17058849809
CH01553,test,-0.420759907383,1.18535110966,0.439341958322,1.19815327126
CH01554,test,-2.36001506598,0.27448274316,1.31200677969,-0.666096494681
CH01555,test,-0.342322103063,1.32989973814,0.404044946378,1.84879538433
CH01556,test,0.103826599657,2.20724374157,0.296721969846,1.73172754645
CH01557,test,-1.47410871823,0.0272329039119,0.913348923204,0.316969304352
CH01558,test,2.33457442974,3.74064595721,1.30055849338,6.1052562089
CH01559,test,-0.592958687924,0.888186365481,0.516831409566,1.77945941647
CH01560,test,-0.888109998405,0.463712728816,0.649649499282,-0.237410596385
CH01561,test,0.443369996519,2.85535219006,0.449516498433,1.98327981814
CH01562,test,1.65756134414,3.9945383818,0.995902604861,4.67327697851
CH01563,test,0.869729982355,3.51349987898,0.64137849206,3.13973132783
CH01564,test,-1.21560721786,0.149120006217,0.797023248039,0.0211000370149
CH01565,test,1.14549743633,3.79851672341,0.765473846347,4.10314960529
CH01566,test,-1.25151606557,0.125516129749,0.813182229507,1.21246106
CH01567,test,0.658584221995,3.21634024201,0.546362899898,3.44472650979
CH01568,test,-0.747721663047,0.650558664656,0.586474748371,0.62560613255
CH01569,test,-2.28211743423,0.228567227663,1.2769528454,-0.809201831512
CH01570,test,1.16025433145,3.81022768474,0.772114449154,3.64950100198
CH01571,test,-0.672450193596,0.76226386806,0.552602587118,1.18617653277
CH01572,test,0.343767119874,2.6728065718,0.404695203943,2.27354427962
CH01573,test,1.05232438941,3.7161386466,0.723545975236,3.67122154057
CH01574,test,2.35362957883,3.72932346456,1.30913331048,3.48803056356
CH01575,test,0.777501100226,3.39148203192,0.599875495102,3.25788337174
CH01576,test,0.334564013901,2.65554464763,0.400553806256,2.30513651992
CH01577,test,-1.99493996458,0.0824151929551,1.14772298406,0.331310552689
CH01578,test,-2.06521102874,0.113257370864,1.17934496293,0.327041083562
CH01579,test,0.0104990997718,2.02099777577,0.254724594897,1.59446977995
CH01580,test,1.39388016512,3.946756708,0.877246074303,5.44421338316
CH01581,test,-2.11340561531,0.1365783901,1.20103252689,-0.0774565983438
CH01582,test,-1.73667050352,0.0110994307831,1.03150172659,0.808121615174
CH01583,test,0.742494569924,3.34193342575,0.584122556466,3.52043541298
CH01584,test,-0.0442043365594,1.91162294978,0.269891951452,1.93427705587
CH01585,test,-0.0297495456844,1.94051054886,0.263387295558,2.07482958252
CH01586,test,1.4160748787,3.95499636253,0.887233695415,2.87287393253
CH01587,test,1.91435122392,3.94756700241,1.11145805076,1.13905137401
CH01588,test,1.68425160549,3.99359139761,1.00791322247,3.61536713497
CH01589,test,1.30614238852,3.90622207738,0.837764074833,2.68481989932
CH01590,test,1.78541732607,3.98131315747,1.05343779673,4.41894753149
CH01591,test,1.98680858462,3.92088551079,1.14406386308,3.8312192759
CH01592,test,-1.80015733874,0.0215673556147,1.06007080243,-1.74228017637
CH01593,test,-1.9011605625,0.048135841253,1.10552225313,1.29706699526
CH01594,test,-2.44363094959,0.324578692346,1.34963392731,1.49055390055
CH01595,test,1.84400271419,3.9683245372,1.07980122139,3.6050865899
CH01596,test,0.509269339263,2.97122369533,0.479171202668,3.39257362909
CH01597,test,-0.138335654173,1.72429647665,0.312251044378,2.0958411903
CH01598,test,-0.678971351515,0.752287330769,0.555537108182,0.696475505824
CH01599,test,-1.46445939262,0.0298127552859,0.909006726681,0.0996157740709
CH01600,test,1.06868044965,3.73164823685,0.730906202341,3.75741969384
CH01601,test,-0.860015743562,0.498752748252,0.637007084603,0.392993246119
CH01602,test,0.0698138861888,2.13950322764,0.281416248785,1.9759661376
CH01603,test,1.68313745983,3.99365070916,1.00741185692,4.64571925207
CH01604,test,-1.06250822123,0.274152417232,0.728128699554,-0.338833171279
CH01605,test,1.88472063919,3.95696375213,1.09812428764,4.14187536927
CH01606,test,-0.99997190193,0.336471254936,0.699987355868,0.0204934498805
CH01607,test,1.8505086828,3.96663385855,1.08272890726,5.38864282742
CH01608,test,-1.415715205,0.0451307517325,0.887071842249,0.214219112301
CH01609,test,1.4263145855,3.95852695296,0.891841563477,5.72273336797
CH01610,test,0.809126845705,3.43473842862,0.614107080567,4.10087326348
CH01611,test,-1.12956569017,0.214538324122,0.758304560575,0.665302011854
CH01612,test,-2.22341853128,0.195090375397,1.25053833908,-1.53145335488
CH01613,test,-2.041387266,0.102354828765,1.1686242697,1.44377473176
CH01614,test,-2.20346735845,0.184019763021,1.2415603113,1.73164675828
CH01615,test,1.06328670412,3.72658268677,0.728479016856,4.12408389973
CH01616,test,1.33717285025,3.92202090596,0.851727782612,4.10574333572
CH01617,test,1.52670499078,3.98424466054,0.93701724585,3.3578603926
CH01618,test,-1.0209240387,0.314876032398,0.709415817415,-0.238438674856
CH01619,test,2.213305452,3.81054317564,1.2459874534,3.5584980082
CH01620,test,-2.22628920743,0.196697425318,1.25183014334,0.985002352076
CH01621,test,0.328483251188,2.64410600117,0.397817463035,1.63298888283
CH01622,test,2.03176292859,3.90192358449,1.16429331786,2.99253110452
CH01623,test,-1.74471613514,0.0121421705755,1.03512226081,0.479308947269
CH01624,test,-0.815353333535,0.556917065572,0.616909000091,1.63207578929
CH01625,test,-1.05399379568,0.282258018418,0.724297208055,-0.529893779406
CH01626,test,1.06263162113,3.72596417363,0.728184229508,3.08602154213
CH01627,test,1.85430835431,3.96562421366,1.08443875944,3.78459926305
CH01628,test,-1.35740463155,0.0685429941507,0.860832084197,0.445409103402
CH01629,test,0.421167985258,2.81538757012,0.439525593366,2.33450823695
CH01630,test,0.238133744186,2.47134640935,0.357160184884,2.36112006065
CH01631,test,-1.59897603765,0.0069356555937,0.969539216944,-1.19552759531
CH01632,test,0.432269200644,2.83542574173,0.44452114029,2.96825217879
CH01633,test,-2.4435285729,0.324517348126,1.3495878578,0.255069699687
CH01634,test,-1.79124595169,0.0197940419798,1.05606067826,0.052768598148
CH01635,test,1.97105385261,3.92711123985,1.13697423367,3.20089662835
CH01636,test,-1.31908447018,0.086992902496,0.84358801158,-1.43069858898
CH01637,test,1.06968900077,3.73259005557,0.731360050345,3.79286798867
CH01638,test,2.43646208425,3.67971826788,1.34640793791,4.56507467419
CH01639,test,-0.537819678982,0.97994695924,0.492018855542,1.06839602135
CH01640,test,0.768974908379,3.37957365926,0.59603870877,3.06595363091
CH01641,test,-1.94928096151,0.0646642746728,1.12717643268,-1.10536797609
CH01642,test,-0.15506057593,1.69124123544,0.319777259168,1.53479132039
CH01643,test,-1.74563977127,0.0122672567257,1.03553789707,-0.388596057406
CH01644,test,1.22687893357,3.85852374608,0.802095520104,3.69115760279
CH01645,test,-1.26608858159,0.11655808566,0.819739861714,-1.62175207508
CH01646,test,2.05937525017,3.88945341994,1.17671886258,3.09777374923
CH01647,test,2.35307600124,3.72965317918,1.30888420056,4.16253809215
CH01648,test,2.05293199257,3.8924164334,1.17381939666,5.7966972922
CH01649,test,-0.123405759242,1.75387574964,0.305532591659,2.23008422292
CH01650,test,-2.00220612822,0.0854139835121,1.1509927577,-0.291865091636
CH01651,test,-1.92276041176,0.0552659760093,1.11524218529,0.714850796314
CH01652,test,1.85158660852,3.96634909349,1.08321397384,4.518473305
CH01653,test,-1.8472534345,0.032514183446,1.08126404552,-2.56416271659
CH01654,test,1.3364260659,3.92165957238,0.851391729656,2.4605517867
CH01655,test,-2.4575612274,0.332918939306,1.35590255233,-1.13455563258
CH01656,test,0.513290865274,2.97815383034,0.480980889373,3.05699868525
CH01657,test,1.37647019791,3.93972791488,0.869411589059,2.17718939477
CH01658,test,-1.9681867019,0.0717802443815,1.13568401585,1.70474207585
CH01659,test,0.657320415729,3.21437786387,0.545794187078,2.66902102643
CH01660,test,2.2888261956,3.76753397181,1.27997178802,6.33479028757
CH01661,test,2.3158114131,3.75173112114,1.2921151359,2.27917452391
CH01662,test,-0.522398702903,1.00621370342,0.485079416306,0.970656659872
CH01663,test,-0.874711796768,0.480272442796,0.643620308546,0.880991609474
CH01664,test,1.29005158938,3.89739468981,0.830523215221,4.1757046395
CH01665,test,-2.03801894758,0.100849039252,1.16710852641,-1.07792531823
CH01666,test,-1.45955649593,0.0311805337095,0.906800423168,-1.00952266329
CH01667,test,1.07128234345,3.73407452563,0.73207705455,4.19456543621
CH01668,test,1.21626006576,3.85132857052,0.79731702959,3.11700642457
CH01669,test,-0.662181079725,0.778085897173,0.547981485876,-0.534944633218
CH01670,test,-1.04278503408,0.29311159977,0.719253265338,-0.408830010823
CH01671,test,-2.36196405462,0.275645515261,1.31288382458,-0.153268556948
CH01672,test,0.154661965981,2.30797201033,0.319597884691,2.32247852871
CH01673,test,2.45741403681,3.66716910493,1.35583631656,3.12625684869
CH01674,test,1.84242071068,3.96872833745,1.07908931981,3.05248674806
CH01675,test,0.355624899438,2.69495635208,0.410031204747,3.52550214741
CH01676,test,-1.42484437545,0.0419694915426,0.891179968952,-0.520739015302
CH01677,test,-1.49580302228,0.021972273441,0.923111360027,-0.398502936506
CH01678,test,1.88931260037,3.95556833612,1.10019067017,4.3438313642
CH01679,test,1.1608546748,3.81069634055,0.77238460366,2.93639261737
CH01680,test,-0.385847648684,1.24907588558,0.423631441908,1.3641910396
CH01681,test,-2.14028868571,0.150256262803,1.21312990857,0.677899247046
CH01682,test,1.63098710474,3.99448356907,0.983944197133,3.82446434861
CH01683,test,1.89028443317,3.95527011534,1.10062799492,3.21543348335
CH01684,test,-0.243310231334,1.5186274567,0.3594896041,1.69277669376
CH01685,test,-0.4184454822,1.18954331843,0.43830046699,0.537201210447
CH01686,test,0.744640504573,3.34502033225,0.585088227058,3.69227093299
CH01687,test,1.18581108956,3.8296402485,0.783614990302,2.70216194315
CH01688,test,-1.37618042614,0.0603932960675,0.869281191765,1.62345213701
CH01689,test,-2.43888535241,0.321734510703,1.34749840859,1.26537841939
CH01690,test,-1.15300440036,0.195479936625,0.768851980162,0.638427558288
CH01691,test,1.45917944476,3.96871268676,0.906630750144,4.71233303851
CH01692,test,-1.04880778708,0.287253868791,0.721963504186,-0.810551467251
CH01693,test,1.69156688886,3.99315960377,1.01120509999,3.65174137626
CH01694,test,0.0944686830939,2.1886288948,0.292510907392,2.25356402336
CH01695,test,-1.55645242732,0.0111665778344,0.950403592294,-0.594604344595
CH01696,test,-1.80605807903,0.0227946866161,1.06272613556,1.31706485257
CH01697,test,-1.1453135578,0.201631516054,0.76539110101,1.44734385608
CH01698,test,-0.857712946598,0.501678339699,0.635970825969,-0.212513632061
CH01699,test,-0.103530933832,1.79334410411,0.296588920224,1.7080995163
CH01700,test,-2.03193106276,0.0981505186118,1.16436897824,0.0333939389836
CH01701,test,-0.25210805121,1.50161977544,0.363448623045,1.98863523473
CH01702,test,2.00474582609,3.91352703422,1.15213562174,5.91879257328
CH01703,test,-1.0919601014,0.247044149211,0.741382045629,0.216113584358
CH01704,test,-1.95860203747,0.0681303214696,1.13137091686,0.394878116442
CH01705,test,1.48827565312,3.97628672049,0.919724043904,4.04769070067
CH01706,test,2.09342949008,3.87328373533,1.19204327054,1.56963847842
CH01707,test,2.26119864204,3.78350183372,1.26753938892,3.8532241897
CH01708,test,-1.19057511179,0.166863030844,0.785758800307,-1.57098648353
CH01709,test,-1.68371416302,0.00637977817845,1.00767137336,-0.311235194484
CH01710,test,1.06489979642,3.72810269144,0.729204908389,3.83291138161
CH01711,test,-0.478900034842,1.08164503178,0.465505015679,0.315347209079
CH01712,test,-1.57212655898,0.00929130301206,0.957456951539,0.2718208262
CH01713,test,0.478955073434,2.91845161984,0.465529783045,3.39910349232
CH01714,test,0.000278940887834,2.00055788177,0.2501255234,1.67710715749
CH01715,test,-0.401841880255,1.21975402765,0.430828846115,1.50894295922
CH01716,test,1.60692137835,3.99355639675,0.973114620258,4.72959097921
CH01717,test,0.577155831725,3.08586920635,0.509720124276,3.0497438282
CH01718,test,0.145942074162,2.29074799045,0.315673933373,2.02474654334
CH01719,test,-1.61094565727,0.0062297740516,0.974925545773,0.19354326691
CH01720,test,-1.74737811327,0.0125056702891,1.03632015097,-1.94331759506
CH01721,test,-0.862313985433,0.495840978748,0.638041293445,-0.173320972643
CH01722,test,0.361541295382,2.70596847668,0.412693582922,3.18322608385
CH01723,test,-0.622393434889,0.840650350282,0.5300770457,0.774096234086
CH01724,test,-0.581900667589,0.906310414501,0.511855300415,0.476153257619
CH01725,test,-2.29488054713,0.235995333183,1.28269624621,1.20700629412
CH01726,test,1.59702993003,3.99292963026,0.968663468515,1.26799131713
CH01727,test,0.631349221377,3.17360446327,0.534107149619,3.65555921493
CH01728,test,0.17792536874,2.35379375499,0.330066415933,2.30801012076
CH01729,test,0.116245530388,2.23191653213,0.302310488675,2.49042000302
CH01730,test,0.390939251275,2.7602813619,0.425922663074,2.44811395276
CH01731,test,-0.405455906828,1.21315811422,0.432455158073,1.9938903662
CH01732,test,0.27920366444,2.5504899591,0.375641648998,2.13025506325
CH01733,test,-0.779112640931,0.606278833344,0.600600688419,0.603140828395
CH01734,test,-1.3320120229,0.0804951618043,0.849405410303,0.839220932172
CH01735,test,1.71025247496,3.99172571522,1.01961361373,3.1782671586
CH01736,test,-0.331748740598,1.34974797428,0.399286933269,1.32030131929
CH01737,test,-0.536006816705,0.98302153426,0.491203067517,0.995156222381
CH01738,test,2.14173023931,3.84899780324,1.21377860769,3.2319359217
CH01739,test,-1.69890432238,0.0073469988081,1.01450694507,-0.144047125659
CH01740,test,-0.472236084279,1.09336937047,0.462506237925,1.26252710484
CH01741,test,0.265302638278,2.52380823149,0.369386187225,3.0370202288
CH01742,test,1.24024475923,3.86730942286,0.808110141652,3.13066519024
CH01743,test,-0.967651945535,0.371182981775,0.685443375491,-0.0718914110792
CH01744,test,1.2776728591,3.8903076851,0.824952786593,3.95224699643
CH01745,test,1.84049707439,3.96921546817,1.07822368348,4.43522910635
CH01746,test,1.10410474603,3.76371261585,0.746847135713,3.97330219045
CH01747,test,2.1441171456,3.8477599972,1.21485271552,3.74710780012
CH01748,test,0.192662294125,2.38271419038,0.336698032356,2.0641729622
CH01749,test,0.140179510388,2.27935206298,0.313080779674,2.46063018706
CH01750,test,1.58736887052,3.99217780402,0.964315991735,5.15279227119
CH01751,test,0.220632363774,2.43734821175,0.349284563698,2.61065167315
CH01752,test,-0.734125909512,0.670165830772,0.58035665928,0.822510628412
CH01753,test,-1.44291584429,0.0361102359995,0.899312129931,0.419375389482
CH01754,test,1.05324900738,3.71702724042,0.723962053321,3.72309414043
CH01755,test,1.93231130757,3.94142967853,1.1195400884,5.19223045674
CH01756,test,1.12794006845,3.78410557686,0.757573030803,3.82780672492
CH01757,test,0.918329273974,3.57261538826,0.663248173288,4.11305399967
CH01758,test,-1.40432399796,0.0492657449796,0.881945799082,0.528070069363
CH01759,test,1.28016038807,3.89175252576,0.826072174631,5.08141184484
CH01760,test,0.302946715901,2.59579139556,0.386326022156,2.14492846479
CH01761,test,1.36941077386,3.93673552313,0.866234848239,3.14377896701
CH01762,test,0.451468813284,2.8698184816,0.453160965978,2.91103456017
CH01763,test,1.36354097566,3.93418467715,0.863593439046,4.50349862597
CH01764,test,0.751580545163,3.35495955865,0.588211245323,3.78436054921
CH01765,test,-0.472462485172,1.09297033562,0.462608118327,0.542280310229
CH01766,test,-1.28644914396,0.104641179333,0.828902114784,0.0669930461349
CH01767,test,2.25487503525,3.78712192101,1.26469376586,2.255962045
CH01768,test,0.951512513558,3.61085306318,0.678180631101,3.28545315113
CH01769,test,1.88453946136,3.95701834398,1.09804275761,2.17908995952
CH01770,test,-2.27556758421,0.224773538243,1.27400541289,0.576055553986
CH01771,test,0.774647153035,3.38750753062,0.598591218866,2.84849806204
CH01772,test,1.81767075607,3.97466769587,1.06795184023,2.30653245599
CH01773,test,-2.38656001251,0.290353288895,1.32395200563,-0.789975141163
CH01774,test,1.38226668725,3.94212348909,0.872020009265,5.04557215414
CH01775,test,1.62997515513,3.99446150375,0.983488819808,4.33659784726
CH01776,test,-0.234738492008,1.53523723094,0.355632321403,1.89195716587
CH01777,test,1.29773529626,3.90166417358,0.833980883317,3.29185968887
CH01778,test,-1.05271682889,0.283484030922,0.723722573001,0.943047021496
CH01779,test,1.39505776232,3.94721413967,0.877775993046,3.28232254315
CH01780,test,-2.33398859884,0.259006901945,1.30029486948,0.293454759147
CH01781,test,-0.35689173552,1.30268346565,0.410601280984,1.77385342297
CH01782,test,-2.11019926528,0.134977559971,1.19958966938,3.74305874951
CH01783,test,-0.216440039956,1.57081796602,0.34739801798,0.675300357928
CH01784,test,0.214446546072,2.42529602801,0.346500945732,2.20432478049
CH01785,test,-2.23579946582,0.202045507025,1.25610975962,-0.112093496452
CH01786,test,-0.107776923708,1.78490411503,0.298499615668,1.96477595286
CH01787,test,-0.778978020861,0.606465737029,0.600540109388,1.63160876317
CH01788,test,-0.451995969359,1.12924201755,0.453398186211,1.20105019145
CH01789,test,1.66548213046,3.99436109717,0.999466958705,5.52525060777
CH01790,test,-1.78408583461,0.0184397961994,1.05283862558,1.35500630035
CH01791,test,-1.22707222174,0.141347050522,0.802182499783,0.132485704142
CH01792,test,-1.10911246055,0.231923831142,0.749100607249,-1.01365021659
CH01793,test,0.670130194821,3.2341735163,0.55155858767,2.58221785645
CH01794,test,1.39904044524,3.94874434084,0.87956820036,3.1025038609
CH01795,test,2.15823504772,3.84037135222,1.22120577147,3.08734027609
CH01796,test,1.4161069623,3.95500769113,0.887248133033,3.1916137336
CH01797,test,0.834510861723,3.46839756549,0.625529887775,3.92377072982
CH01798,test,2.45553193372,3.6682950815,1.35498937018,3.63690800314
CH01799,test,0.417923148908,2.80950991004,0.438065417009,1.85242695056
CH01800,test,-2.41583199017,0.307906540683,1.33712439558,-0.030355182909
CH01801,test,1.67210089971,3.99414555574,1.00244540487,2.43752713044
CH01802,test,-0.0723137049065,1.85551099422,0.282541167208,2.05546674774
CH01803,test,-1.40862774861,0.0476785916041,0.883882486874,1.61087109503
CH01804,test,0.897674534506,3.54793909668,0.653953540528,2.79606566063
CH01805,test,0.686635954728,3.2593675356,0.558986179628,4.41769121124
CH01806,test,0.615623052448,3.14850815006,0.527030373602,3.61360158421
CH01807,test,1.89848954713,3.95271219717,1.10432029621,4.59029010385
CH01808,test,1.48390041871,3.97523367147,0.917755188418,3.03149627011
CH01809,test,-2.14562880426,0.153025650566,1.21553296192,-0.999797428807
CH01810,test,-0.323415473779,1.36544688983,0.395536963201,1.68605553478
CH01811,test,0.823545809267,3.45397506849,0.62059561417,3.39471354306
CH01812,test,0.902783917853,3.55410530255,0.656252763034,4.3160283058
CH01813,test,-1.33077684157,0.0811039397722,0.848849578705,0.678295423569
CH01814,test,1.29522392849,3.90027962926,0.832850767821,5.67320831174
CH01815,test,-2.39474574522,0.295258620463,1.32763558535,-0.449384554915
CH01816,test,1.69977334308,3.99258814932,1.01489800439,3.43320910472
CH01817,test,-1.46169242675,0.0305799404933,0.907761592037,-0.853126490792
CH01818,test,-1.63931573779,0.00539077709315,0.987692082006,-0.0760354841942
CH01819,test,0.186490754316,2.37061354883,0.333920839442,1.97626562604
CH01820,test,-1.83699434042,0.0299084628498,1.07664745319,-0.633878650036
CH01821,test,2.37253632251,3.7180395173,1.31764134513,3.38843184304
CH01822,test,-1.01683639912,0.319032759835,0.707576379603,1.52941217166
CH01823,test,-0.232302627261,1.53996416016,0.354536182268,1.1230325003
CH01824,test,-1.66740854996,0.00569532439279,1.00033384748,-0.0648121454254
CH01825,test,-1.68635142928,0.00652503062317,1.00885814318,0.13224423591
CH01826,test,-1.90904745443,0.0506834767351,1.10907135449,0.239200400197
CH01827,test,0.510973390818,2.97416227714,0.479938025868,2.9112224317
CH01828,test,1.12372145899,3.78056568186,0.755674656545,3.18018481413
CH01829,test,2.12578895699,3.85717694754,1.20660503065,3.52951298793
CH01830,test,0.476514593881,2.91416310214,0.464431567247,3.61331693976
CH01831,test,0.237349228649,2.46982570108,0.356807152892,2.89512274319
CH01832,test,-2.29703376708,0.237252902828,1.28366519519,0.0871615140495
CH01833,test,-0.570715397978,0.924787309375,0.50682192909,0.312475120447
CH01834,test,0.629141608781,3.17009980255,0.533113723952,4.07779129159
CH01835,test,-1.46474153654,0.02973521367,0.909133691445,-0.798913672236
CH01836,test,-2.05037583141,0.106416905911,1.17266912414,0.0328438034827
CH01837,test,-2.0989273497,0.129403778973,1.19451730737,-0.395232943366
CH01838,test,0.603297862117,3.1286292934,0.521484037953,3.67608046308
CH01839,test,-0.389966503493,1.24150469519,0.425484926572,1.20659715262
CH01840,test,-2.4476903155,0.32701054285,1.35146064198,0.462237050697
CH01841,test,-0.520875607898,1.00882180954,0.484394023554,0.115994269235
CH01842,test,-1.83484112846,0.0293769594063,1.07567850781,-0.244545633812
CH01843,test,-1.45130415797,0.0335696441025,0.903086871087,-0.100549663785
CH01844,test,2.36848921577,3.72045833122,1.31582014709,2.76618043616
CH01845,test,-2.00550419081,0.086790262142,1.15247688586,-0.372530892591
CH01846,test,-0.186106550464,1.63014028223,0.333747947709,1.35236380348
CH01847,test,0.43322301042,2.83714226863,0.444950354689,3.14128048028
CH01848,test,-0.718570613929,0.69291140447,0.573356776268,-0.137975396484
CH01849,test,-2.43107466962,0.317051039973,1.34398360133,-1.57783135393
CH01850,test,0.708913718057,3.29280216085,0.569011173125,3.1524169852
CH01851,test,0.0889284949212,2.1775996474,0.290017822715,1.71085195321
CH01852,test,1.6271817978,3.99439292572,0.982231809011,4.79765349327
CH01853,test,-0.954568541096,0.385713421576,0.679555843493,-1.68114464142
CH01854,test,1.24324384616,3.86923935086,0.809459730773,4.29066864812
CH01855,test,-0.760991049677,0.631670965425,0.592445972355,1.19690893982
CH01856,test,-1.5966310702,0.00709867105849,0.968483981588,-0.849067217458
CH01857,test,-1.59411656262,0.00728251007061,0.96735245318,1.57414567473
CH01858,test,0.327725283166,2.64267834882,0.397476377425,2.92466910889
CH01859,test,1.67788848532,3.99390709468,1.0050498184,5.06828922953
CH01860,test,1.22934711338,3.86016885685,0.80320620102,2.48374536435
CH01861,test,0.0777649172956,2.15535772383,0.284994212783,2.65995769164
CH01862,test,-0.298949330244,1.41181071412,0.38452719861,1.90186017203
CH01863,test,-2.2596744865,0.215624369101,1.26685351892,1.32125224021
CH01864,test,1.69415845248,3.99298905506,1.01237130362,5.18667960196
CH01865,test,1.09478455743,3.75547954179,0.742653050843,4.30276567698
CH01866,test,-1.32283727498,0.0850778784863,0.84527677374,-0.00635782203104
CH01867,test,-0.640443316644,0.812022067853,0.53819949249,0.747252576609
CH01868,test,-1.27684517485,0.110175370873,0.824580328685,-0.628970822659
CH01869,test,2.18945967517,3.82364393931,1.23525685382,4.5581508974
CH01870,test,-1.9476486169,0.0640658695477,1.12644187761,-0.652632924718
CH01871,test,-2.31668075012,0.248780875398,1.29250633756,1.86557941803
CH01872,test,-1.12235265323,0.22058932692,0.755058693952,0.0689065510072
CH01873,test,1.54477511149,3.98719383031,0.945148800172,2.18314877951
CH01874,test,0.913265983065,3.56662800171,0.660969692379,3.73027632181
CH01875,test,0.682811495005,3.25356165195,0.557265172752,2.18340219144
CH01876,test,-1.16596769799,0.185336837404,0.774685464098,-0.620214468477
CH01877,test,-0.91275398732,0.433979676407,0.660739294294,0.365515087984
CH01878,test,2.29231641727,3.76550061236,1.28154238777,3.94325238246
CH01879,test,0.051324795214,2.10260009515,0.273096157846,2.21506203531
CH01880,test,0.226689328028,2.44913161945,0.352010197612,2.16655238916
CH01881,test,1.89889896331,3.95258269614,1.10450453349,5.07717063185
CH01882,test,1.0120911396,3.67610745435,0.705441012819,3.9431904812
CH01883,test,-1.47973841429,0.0257961735629,0.91588228643,-0.208945482315
CH01884,test,-2.31264430084,0.246405028388,1.29068993538,-2.05605250786
CH01885,test,-2.22220758942,0.194413506003,1.24999341524,-0.851163286041
CH01886,test,-1.10868471804,0.232294910353,0.748908123117,0.689355072184
CH01887,test,-2.04079743764,0.102090497895,1.16835884694,-0.0528354073234
CH01888,test,-1.26655845349,0.116275203314,0.819951304068,0.950230701791
CH01889,test,-0.0411432631618,1.91773897207,0.268514468423,1.83124804692
CH01890,test,-0.0796559774383,1.84087301503,0.285845189847,1.72157547394
CH01891,test,-1.00356425492,0.332717719944,0.701603914714,-0.197682532555
CH01892,test,0.9450491786,3.60354226723,0.67527213037,3.85634767256
CH01893,test,-2.05433405962,0.108225623279,1.17445032683,-1.58747677467
CH01894,test,0.609965687008,3.13940628766,0.524484559154,2.74900809325
CH01895,test,-0.274884599731,1.45778792658,0.373698069879,1.09169448773
CH01896,test,1.64265994702,3.99463169737,0.989196976159,3.29851141818
CH01897,test,2.08471444237,3.87750108037,1.18812149907,5.41399081993
CH01898,test,2.35452798372,3.72878827847,1.30953759267,3.47737284996
CH01899,test,1.49097922663,3.97692231097,0.920940651982,3.32527540268
CH01900,test,1.63483870386,3.99455406367,0.985677416736,5.17375574103
CH01901,test,-1.66057549638,0.00551868879274,0.99725897337,-0.444932594986
CH01902,test,0.214506866639,2.42541364077,0.346528089987,2.58848271632
CH01903,test,1.03385733737,3.69809516778,0.715235801818,2.77863557849
CH01904,test,-2.36598226622,0.278044211584,1.3146920198,0.536650781498
CH01905,test,-0.455667247681,1.12270627743,0.455050261457,1.19283409568
CH01906,test,-2.07899759884,0.119761524535,1.18554891948,-0.423346116152
CH01907,test,-2.3875260992,0.290932013213,1.32438674464,2.01475291404
CH01908,test,-0.714055602329,0.69957522131,0.571325021048,1.53803182775
CH01909,test,-0.927530891211,0.416606816748,0.667388901045,0.465522271292
CH01910,test,0.529839796008,3.0064927053,0.488427908204,2.98067683517
CH01911,test,0.116525555177,2.23247242293,0.30243649983,2.48802766434
CH01912,test,-1.0989129527,0.240855672563,0.744510828713,0.608707181169
CH01913,test,0.145392562862,2.28966173821,0.315426653288,2.31308660654
CH01914,test,1.73722403511,3.98883153108,1.0317508158,4.17337755915
CH01915,test,-1.13476178871,0.210233521519,0.760642804919,0.486659041375
CH01916,test,-2.48551006241,0.349593663372,1.36847952809,-0.927692992027
CH01917,test,1.86102436855,3.96379985668,1.08746096585,4.0873404969
CH01918,test,-2.38666081166,0.290413668748,1.32399736525,-0.101119346423
CH01919,test,2.04963615341,3.89391974875,1.17233626903,0.643959273891
CH01920,test,0.254082014818,2.50219049834,0.364336906668,2.03163768695
CH01921,test,2.16650316328,3.83599228588,1.22492642348,3.01255556992
CH01922,test,1.91631087467,3.94691326403,1.1123398936,3.97911042294
CH01923,test,2.32611695358,3.74565132491,1.29675262911,1.87568510154
CH01924,test,-1.64344243637,0.00536535062605,0.989549096367,-1.62810971101
CH01925,test,0.718173392367,3.30650343606,0.573178026565,4.31177150859
CH01926,test,-1.14684763965,0.200396512126,0.766081437844,0.802084889419
CH01927,test,-1.37961753847,0.0589644798689,0.870827892313,0.174482147838
CH01928,test,1.44310877562,3.96394947055,0.89939894903,3.79935751582
CH01929,test,-1.01448787671,0.321433357438,0.706519544522,0.726329703262
CH01930,test,-2.30734907919,0.243293918838,1.28830708564,0.476203785767
CH01931,test,0.926879921739,3.58263509327,0.667095964783,3.58175262849
CH01932,test,1.91838423595,3.94621731384,1.11327290618,2.13518036106
CH01933,test,-0.979008880303,0.358793061622,0.690553996136,-0.240062509213
CH01934,test,2.14294550273,3.8483680089,1.21432547623,3.91650577662
CH01935,test,1.29767952389,3.90163354063,0.833955785752,4.40278354098
CH01936,test,-0.691454560537,0.733344789394,0.561154552242,1.46210684096
CH01937,test,-1.00869738642,0.327390795274,0.703913823888,0.159929944181
CH01938,test,0.674153166841,3.24034679702,0.553368925079,2.6556331513
CH01939,test,0.410812991886,2.79659857871,0.434865846349,3.18320907266
CH01940,test,-0.270544056588,1.46611808725,0.371744825464,1.70123100674
CH01941,test,1.01270938569,3.67674270926,0.70571922356,2.92600093452
CH01942,test,-1.5545068951,0.0114253177088,0.949528102793,-1.55307620546
CH01943,test,-1.85085871013,0.0334584668058,1.08288641956,0.248134968281
CH01944,test,-2.08747238505,0.1238277873,1.18936257327,-0.371364096694
CH01945,test,0.00295470740387,2.00590940536,0.251329618332,2.11113525248
CH01946,test,2.1299532606,3.85505528967,1.20847896727,7.08482265217
CH01947,test,1.33490262103,3.92091956735,0.850706179463,4.89227676329
CH01948,test,1.33190665564,3.91945300564,0.849357995036,3.34237404106
CH01949,test,0.515728952728,2.98234706051,0.482078028728,3.13230556014
CH01950,test,0.607053471836,3.13470592369,0.523174062326,3.16263345021
CH01951,test,-0.18433770773,1.63361162718,0.332951968479,1.0855030151
CH01952,test,1.58193068644,3.99169353418,0.961868808899,4.49010227963
CH01953,test,0.968635352251,3.62989808782,0.685885908513,3.35464353079
CH01954,test,2.22295515303,3.80516870797,1.25032981887,2.56382985417
CH01955,test,0.812762741444,3.43961804806,0.61574323365,2.94897252805
CH01956,test,1.52850714276,3.98456137846,0.937828214242,3.74274646857
CH01957,test,-0.230383119211,1.5436911735,0.353672403645,2.05006218505
CH01958,test,0.846118940824,3.48347003492,0.630753523371,3.3799278869
CH01959,test,-0.788453877453,0.593373266219,0.604804244854,0.744673953321
CH01960,test,-0.904117696008,0.444291733056,0.656852963203,0.834189149252
CH01961,test,2.44924947854,3.67205569798,1.35216226534,7.07756056292
CH01962,test,1.26105770911,3.88038979913,0.8174759691,4.36120149541
CH01963,test,-0.0238842729462,1.95223644288,0.260747922826,1.94364660047
CH01964,test,1.49303911657,3.97739883754,0.921867602455,5.49283101041
CH01965,test,0.480554753102,2.92125946385,0.466249638896,3.34399713925
CH01966,test,-1.92008826418,0.0543579473351,1.11403971888,1.30976207115
CH01967,test,0.886080222052,3.53379631825,0.648736099923,4.43564496766
CH01968,test,1.56369551052,3.98974617393,0.953662979734,5.59389606968
CH01969,test,-1.15681583969,0.192468272254,0.770567127859,0.195583803881
CH01970,test,0.222394134163,2.4407774447,0.350077360374,2.26654202388
CH01971,test,1.90579345732,3.95037549133,1.10760705579,3.72795862998
CH01972,test,0.559590544446,3.05669388064,0.501815745001,2.80860721458
CH01973,test,0.792080655869,3.41160346353,0.606436295141,3.76260144521
CH01974,test,0.098744949578,2.19713763727,0.29443522731,2.70934823932
CH01975,test,-0.642003506901,0.809566502588,0.538901578105,0.834437351131
CH01976,test,-0.248097685167,1.50936735759,0.361643958325,1.1583555264
CH01977,test,-0.671463065063,0.76377886176,0.552158379278,0.848290185595
CH01978,test,0.735625975036,3.33201006192,0.581031688766,2.52844665442
CH01979,test,0.257890485284,2.50953580791,0.366050718378,2.76997924577
CH01980,test,0.434337076233,2.83914616142,0.445451684305,2.81075517249
CH01981,test,0.0208263959918,2.04164948444,0.259371878196,2.41167789823
CH01982,test,1.00055453575,3.66413894901,0.700249541087,2.35976207693
CH01983,test,-2.11156234578,0.135657283735,1.2002030556,2.28851303046
CH01984,test,-0.797441910604,0.58107464459,0.608848859772,1.27809641932
CH01985,test,0.45832271239,2.88201315418,0.456245220575,3.34351961038
CH01986,test,1.00498577346,3.6687617704,0.702243598056,3.28690949385
CH01987,test,-1.49870024539,0.0213259521058,0.924415110426,-0.128696142533
CH01988,test,1.25124683798,3.87431500031,0.813061077093,3.621114704
CH01989,test,0.102579668227,2.20476444611,0.296160850702,2.11520535127
CH01990,test,-0.659013568136,0.782993553596,0.546556105661,1.53213171446
CH01991,test,-1.08535773895,0.252995431042,0.738410982527,1.22260125366
CH01992,test,1.15136406841,3.80321639359,0.768113830785,2.64605420446
CH01993,test,1.2120265199,3.84840686011,0.795411933955,5.29455547144
CH01994,test,-1.09247803931,0.246580366273,0.741615117692,0.505793282396
CH01995,test,0.659800974867,3.21822763152,0.54691043869,3.22765472389
CH01996,test,-1.35067047097,0.0716082709766,0.857801711937,-0.814378740295
CH01997,test,-0.793334244264,0.586680768648,0.607000409919,1.92205361157
CH01998,test,1.85894954534,3.96436886997,1.0865272954,2.42823635521
CH01999,test,0.356311774494,2.69623618684,0.410340298523,3.31919638092
CH02000,test,2.15104946,3.84414619027,1.217972257,4.90818048411
CH02001,test,-0.776350561283,0.610118845149,0.599357752577,-0.172198540377
CH02002,test,-1.1195702928,0.2229468022,0.753806631759,1.34434203376
CH02003,test,-2.37159945759,0.281400405049,1.31721975591,-0.960284046948
CH02004,test,2.11738210777,3.86142701036,1.20282194849,3.42177998328
CH02005,test,-0.236008963132,1.53277300553,0.356204033409,1.73232943874
CH02006,test,-2.18129979131,0.171935841252,1.23158490609,1.63868463749
CH02007,test,-1.78179087677,0.0180191420404,1.05180589455,0.549017172283
CH02008,test,-2.35871954613,0.273710092456,1.31142379576,-0.936536147087
CH02009,test,1.33379155847,3.92037743488,0.850206201311,4.31413505016
CH02010,test,-2.29776679716,0.237681300635,1.28399505872,-0.215474204072
CH02011,test,-1.46610699319,0.0293617412767,0.909748146934,-1.33856219665
CH02012,test,1.38789339784,3.94439596702,0.874552029027,3.69832953424
CH02013,test,0.567621429019,3.07007645608,0.505429643059,3.27087976013
CH02014,test,-0.106669378238,1.78710524103,0.298001220207,1.73483632549
CH02015,test,-2.19403123817,0.178846868061,1.23731405718,1.12318486495
CH02016,test,-1.93965684721,0.0611735072585,1.12284558125,-1.39654195617
CH02017,test,1.19822484374,3.83867153405,0.789201179683,4.38151885216
CH02018,test,-0.347044779573,1.32106050222,0.406170150808,1.76930603179
CH02019,test,0.490924462564,2.93939927289,0.470916008154,3.25745524288
CH02020,test,-2.27680944757,0.225491831504,1.27456425141,3.51632612705
CH02021,test,-1.05963772235,0.276871656021,0.726836975056,0.416139169242
CH02022,test,-2.02663786831,0.0958286462538,1.16198704074,-0.207042869893
CH02023,test,-2.27672570941,0.225443382529,1.27452656924,1.69408530716
CH02024,test,1.04144711734,3.70557900889,0.718651202803,2.07790383898
CH02025,test,0.312409042509,2.61374503654,0.390584069129,2.8849432431
CH02026,test,-0.828091154999,0.54002465532,0.62264101975,0.0939721569691
CH02027,test,-1.72419289329,0.00964987127939,1.02588680198,0.744188167133
CH02028,test,1.71652093799,3.99113923827,1.02243442209,3.01313464198
CH02029,test,-0.602607048235,0.872490289076,0.521173171706,-0.204674535003
CH02030,test,0.231293710263,2.45807710582,0.354082169619,2.39337310124
CH02031,test,1.3308603182,3.91893728316,0.848887143191,3.69952132956
CH02032,test,0.753722925563,3.35801417452,0.589175316503,2.83799621092
CH02033,test,2.3152860271,3.75204046672,1.2918787122,4.62575617111
CH02034,test,-0.925499792939,0.418974354761,0.666474906822,0.177294592622
CH02035,test,1.32192974605,3.91446117575,0.844868385721,2.63559452535
CH02036,test,-0.63299062874,0.823793651336,0.534845782933,1.25482502225
CH02037,test,1.05948077026,3.7229792683,0.726766346615,5.04868089207
CH02038,test,2.35938454898,3.72589332481,1.31172304704,4.10067828075
CH02039,test,1.75129836389,3.98694235174,1.03808426375,4.58368081924
CH02040,test,-1.74885506838,0.012711302024,1.03698478077,-0.00756362924681
CH02041,test,-1.25261437174,0.124828496848,0.813676467281,0.955371010241
CH02042,test,0.0921660316908,2.18404559299,0.291474714261,2.62185214711
CH02043,test,-0.378556216409,1.262512558,0.420350297384,1.32052243602
CH02044,test,1.41662290179,3.95518963729,0.887480305804,3.96782757726
CH02045,test,0.168503928072,2.33526015628,0.325826767632,1.98070178898
CH02046,test,-1.51739706693,0.0174712709292,0.932828680119,1.53045237328
CH02047,test,-0.780373688137,0.604529283858,0.601168159662,0.449415867527
CH02048,test,0.0593588507534,2.1186411408,0.276711482839,2.57399691296
CH02049,test,-0.195128843956,1.61245403826,0.33780797978,1.89162847682
CH02050,test,-1.55079005681,0.0119356457542,0.947855525567,0.134097183331
CH02051,test,-0.499848892508,1.04507576368,0.474932001629,1.10427429383
CH02052,test,0.690391172383,3.26504957441,0.560676027573,3.17916176573
CH02053,test,0.495577311395,2.94750346626,0.473009790128,2.3841173505
CH02054,test,-1.79617985915,0.0207638846059,1.05828093662,-1.3154195859
CH02055,test,-1.52109784649,0.0167729271077,0.93449403092,-1.00986402548
CH02056,test,1.50725361736,3.98050530284,0.928264127813,4.9722659815
CH02057,test,0.0792641193499,2.15834598424,0.285668853707,2.19947612421
CH02058,test,2.04170891926,3.89750090658,1.16876901367,5.61103237652
CH02059,test,1.89351079876,3.95427283329,1.10207985944,3.84863702706
CH02060,test,-0.307323007738,1.39589778925,0.388295353482,1.18493194676
CH02061,test,1.17584030557,3.82219776025,0.779128137506,5.1378941176
CH02062,test,-1.60050142619,0.00683397482153,0.970225641784,-1.32945947276
CH02063,test,-0.339375605558,1.33542280717,0.402719022501,1.4354875652
CH02064,test,-1.08957282268,0.2491876098,0.740307770207,0.861403491011
CH02065,test,0.00310041745731,2.006200824,0.251395187856,1.98896743944
CH02066,test,-0.460906233672,1.1134016939,0.457407805152,2.01120888606
CH02067,test,0.314707733507,2.61809757002,0.391618480078,2.70171861879
CH02068,test,-0.67299669082,0.761425675577,0.552848510869,1.23330169718
CH02069,test,1.04037456044,3.70452718623,0.7181685522,4.68836014018
CH02070,test,0.803718427874,3.42744408786,0.611673292543,3.51073388883
CH02071,test,0.032521231323,2.06502986931,0.264634554095,2.65543257433
CH02072,test,0.475629060097,2.91260555698,0.464033077044,2.85875572775
CH02073,test,0.0780444470525,2.15591492133,0.285120001174,1.91472484462
CH02074,test,-0.731295551895,0.674279801589,0.579082998353,0.595135098935
CH02075,test,1.7367266932,3.98889357932,1.03152701194,4.04365501181
CH02076,test,-0.568042597154,0.929223730326,0.505619168719,0.729952856628
CH02077,test,-2.40298406321,0.30019871062,1.33134282844,1.33915964305
CH02078,test,-1.91756738235,0.0535079746697,1.11290532206,1.61924771256
CH02079,test,-0.294556338835,1.42017697203,0.382550352476,0.888713411126
CH02080,test,0.222574763367,2.44112894967,0.350158643515,2.4965617071
CH02081,test,1.01363189052,3.67768943103,0.706134350733,4.19384148094
CH02082,test,0.728393911993,3.3214911804,0.577777260397,2.75595243502
CH02083,test,-0.928527097394,0.415447974819,0.667837193827,0.211553874391
CH02084,test,0.615497189889,3.14830607698,0.52697373545,3.51457129014
CH02085,test,-0.260099666063,1.48620708444,0.367044849728,1.4155807595
CH02086,test,1.03210597364,3.69635477196,0.714447688139,4.78075119485
CH02087,test,0.167046074227,2.33238934886,0.325170733402,2.3460323883
CH02088,test,2.23972379104,3.79573717348,1.25787570597,4.59044867408
CH02089,test,-1.03107287027,0.304674229058,0.713982791619,0.551171059207
CH02090,test,-1.57378611269,0.00911445722993,0.95820375071,0.0453928412223
CH02091,test,-0.96309422123,0.37621363154,0.683392399554,2.87728467345
CH02092,test,1.36241025554,3.93368674843,0.863084614991,2.73012147985
CH02093,test,0.888375554702,3.53661269244,0.649768999616,4.60063128507
CH02094,test,-1.57385584297,0.00910711725328,0.958235129336,0.446644556766
CH02095,test,-0.871437774615,0.484360959885,0.642146998577,0.444646790008
CH02096,test,-0.526179820059,0.999749679615,0.486780919026,0.316032331408
CH02097,test,-2.01174216603,0.0894189115047,1.15528397471,-0.645837003197
CH02098,test,-2.4992043783,0.357723775545,1.37464197024,-1.26565318806
CH02099,test,-0.190664826527,1.62120055583,0.335799171937,1.40998324559
CH02100,test,-0.858885440228,0.500187737332,0.636498448103,1.09763411442
CH02101,test,2.17451068404,3.83171604878,1.22852980782,2.15024409395
CH02102,test,-1.94062580974,0.0615208688954,1.12328161438,1.51437865871
CH02103,test,-2.0549394756,0.108503331221,1.17472276402,-1.16899030182
CH02104,test,-0.381076925987,1.25786254774,0.421484616694,1.26694416156
CH02105,test,-0.667244575292,0.77026738206,0.550260058882,1.63549004383
CH02106,test,0.460522718377,2.8859180566,0.457235223269,2.50092175921
CH02107,test,-0.993454227034,0.343334996988,0.697054402165,-0.258924651346
CH02108,test,2.44970353158,3.67178380487,1.35236658921,5.83983332522
CH02109,test,1.57382941357,3.99089010158,0.958223236108,5.34778158637
CH02110,test,0.945235711921,3.6037541914,0.675356070365,4.22026014892
CH02111,test,1.66925655129,3.99424567564,1.00116544808,3.67900278598
CH02112,test,0.712686548971,3.29839870399,0.570708947037,4.10367191005
CH02113,test,-1.45089991174,0.0336894837722,0.902904960281,-0.674323298835
CH02114,test,0.27772152192,2.54765054945,0.374974684864,1.73696059149
CH02115,test,-0.375427230281,1.26829172442,0.418942253627,0.661004114988
CH02116,test,-2.03533991623,0.0996578573639,1.1659029623,-1.41464755307
CH02117,test,1.61085376672,3.99376560809,0.974884195023,5.23549505267
CH02118,test,1.62382752362,3.99429567037,0.980722385629,2.32803216879
CH02119,test,-1.057291383,0.279104506779,0.725781122349,-0.629152723707
CH02120,test,1.88727651454,3.9561898602,1.09927443154,3.63237481688
CH02121,test,1.21271068765,3.84888107889,0.795719809443,2.86534570619
CH02122,test,1.79607831476,3.97925637561,1.05823524164,4.31467518339
CH02123,test,-2.44986147835,0.328310772291,1.35243766526,-2.31708348217
CH02124,test,2.49887373797,3.64247214316,1.37449318209,2.94427956924
CH02125,test,-0.458712637461,1.11729441275,0.456420686858,1.14515226239
CH02126,test,1.60381818902,3.9933752773,0.971718185061,4.20032526367
CH02127,test,-0.451295314623,1.1304907857,0.45308289158,0.880544282919
CH02128,test,0.332086661348,2.65088760228,0.399438997606,2.8169862251
CH02129,test,-1.35266731081,0.0706914917294,0.858700289866,1.74691300591
CH02130,test,-0.644600758829,0.805485482141,0.540070341473,0.750980462748
CH02131,test,2.40748298509,3.69710258416,1.33336734329,4.61411066645
CH02132,test,-0.329434777952,1.35410234298,0.398245650078,1.92554773982
CH02133,test,-0.753637893137,0.642106942431,0.589137051912,0.754430655216
CH02134,test,-1.84532559076,0.0320153222009,1.08039651584,-0.0909781143586
CH02135,test,-0.0828660541701,1.83447612813,0.287289724377,2.03684397527
CH02136,test,1.44360868121,3.96410389744,0.899623906543,4.55405791195
CH02137,test,-0.981337568824,0.356278274939,0.691601905971,1.3797656144
CH02138,test,-2.49844855041,0.357275885841,1.37430184768,1.45722893926
CH02139,test,0.303333573976,2.59652656291,0.386500108289,2.31504776605
CH02140,test,1.09874228462,3.75899338986,0.74443402808,2.27290768023
CH02141,test,1.9885961178,3.92016495695,1.14486825301,4.03592724772
CH02142,test,-1.75424828321,0.0134860393917,1.03941172744,-1.50490288354
CH02143,test,-0.48035491259,1.07909116889,0.466159710666,1.47497981143
CH02144,test,1.89813214505,3.95282510136,1.10415946527,3.75465800863
CH02145,test,-2.4346652598,0.319204347043,1.34559936691,0.857910096263
CH02146,test,-0.9299486833,0.4137970223,0.668476907485,-0.0279506353601
CH02147,test,0.733627468746,3.32911047804,0.580132360936,2.51173479017
CH02148,test,0.0917485270851,2.1832144574,0.291286837188,2.31443968262
CH02149,test,-2.14506337803,0.152731627686,1.21527852011,-0.128329892262
CH02150,test,2.25531385574,3.78687115778,1.26489123508,5.88512381563
CH02151,test,-0.663959318302,0.775336375685,0.548781693236,0.70787790685
CH02152,test,2.27414544399,3.77604844313,1.2733654498,0.566301659013
CH02153,test,1.86483500262,3.96274228559,1.08917575118,3.50030114952
CH02154,test,-0.272785705849,1.46181464203,0.372753567632,0.803965957844
CH02155,test,-1.02872573804,0.307018567115,0.712926582116,0.424761635901
CH02156,test,-0.471835418398,1.09407567218,0.462325938279,0.9582059645
CH02157,test,-1.55704339672,0.0110891231818,0.950669528526,0.42237421761
CH02158,test,2.25760506165,3.78556075594,1.26592227774,5.24557228774
CH02159,test,1.20044102895,3.84025646596,0.790198463026,4.00529794064
CH02160,test,0.461018556487,2.88679750901,0.457458350419,3.06096825043
CH02161,test,0.409112686129,2.7935045251,0.434100708758,3.1205535018
CH02162,test,-2.00271519287,0.0856258019418,1.15122183679,-2.04574040722
CH02163,test,-0.910634962216,0.436499073758,0.659785732997,0.777538201308
CH02164,test,0.886164210597,3.53389951567,0.648773894769,3.62872878969
CH02165,test,-1.65379380183,0.00540829799817,0.994207210823,1.20813254178
CH02166,test,1.00475877439,3.66852573507,0.702141448474,3.65612425067
CH02167,test,1.80389233058,3.97766067064,1.06175154876,5.1401908579
CH02168,test,1.81382503707,3.97552591317,1.06622126668,5.13566220029
CH02169,test,0.448736570681,2.86494490042,0.451931456807,2.28423109513
CH02170,test,-1.965435865,0.0707238867388,1.13444613925,-0.62388326864
CH02171,test,-0.41279573168,1.19979656294,0.435758079256,1.29321501324
CH02172,test,-1.09420819595,0.245034362522,0.742393688178,0.253195133382
CH02173,test,1.04087636248,3.70501952394,0.718394363118,3.72756441302
CH02174,test,0.450843766246,2.86870418187,0.452879694811,3.27450799469
CH02175,test,-0.948737686477,0.392277434619,0.676931958915,-0.18292269347
CH02176,test,-0.891579265421,0.459469972982,0.651210669439,1.54174331638
CH02177,test,-1.03637388469,0.299412888697,0.716368248109,0.417997164824
CH02178,test,-1.54930961487,0.0121447779814,0.947189326692,0.710575055968
CH02179,test,-1.29310724793,0.100895544476,0.831898261567,-0.29800635384
CH02180,test,1.89128670225,3.95496149801,1.10107901601,3.46415736508
CH02181,test,0.160020683209,2.31854420919,0.322009307444,3.25350732953
CH02182,test,2.47829195256,3.6547033872,1.36523137865,3.79831492975
CH02183,test,-1.3365976608,0.0782573187297,0.85146894736,0.629466276561
CH02184,test,0.737216907092,3.3343143641,0.581747608191,2.82364720718
CH02185,test,-0.0834273802963,1.83335773464,0.287542321133,1.78953138156
CH02186,test,-0.823071077942,0.5466533895,0.620381985074,0.219608715631
CH02187,test,-1.98750474708,0.0793947722406,1.14437713619,1.97792541271
CH02188,test,0.456884622011,2.8794581323,0.455598079905,1.7294554547
CH02189,test,-0.0587319286745,1.88261030355,0.276429367904,1.87568022291
CH02190,test,1.95983721701,3.93140416516,1.13192674765,5.00214980664
CH02191,test,1.04497400002,3.70902432208,0.720238300009,3.75383120781
CH02192,test,0.15947698012,2.31747199016,0.321764641054,2.23763150453
CH02193,test,1.25479092008,3.87652819429,0.814655914035,2.96855370581
CH02194,test,-2.20468030728,0.184687726467,1.24210613828,1.73592131764
CH02195,test,-1.89598291479,0.046498795595,1.10319231165,-0.420100759959
CH02196,test,-2.42158896451,0.311360679915,1.33971503403,2.18923607726
CH02197,test,0.643710398308,3.19311646183,0.539669679239,3.88157342441
CH02198,test,-1.1518126277,0.196426659034,0.768315682465,0.459002862319
CH02199,test,0.822859192532,3.45306600489,0.620286636639,4.39595079656
CH02200,test,-1.69255254109,0.00690418028812,1.01164864349,0.202040887074
CH02201,test,0.884778467992,3.5321954501,0.648150310596,4.26036401079
CH02202,test,0.00754745585068,2.01509475427,0.253396355133,2.33436237411
CH02203,test,0.2447226537,2.48410577463,0.360125194165,2.49253517421
CH02204,test,-0.124338044493,1.75202685956,0.305952120022,1.91868012855
CH02205,test,0.118168402691,2.23573331487,0.303175781211,2.08770835334
CH02206,test,1.65632430809,3.99455809881,0.995345938642,3.62220818881
CH02207,test,-1.07705285818,0.260584607197,0.734673786181,-0.308545520182
CH02208,test,1.25259994857,3.87516248621,0.813669976855,5.19144655481
CH02209,test,-1.51270647637,0.0183870098889,0.930717914366,-1.14427530642
CH02210,test,-2.44015546083,0.322495843271,1.34806995737,-0.484169704914
CH02211,test,-2.18847050484,0.175818458878,1.23481172718,0.686392311297
CH02212,test,-1.35207311967,0.070963601794,0.858432903851,0.756679447552
CH02213,test,2.11013399867,3.86505495585,1.1995602994,4.78570664972
CH02214,test,-1.56706132425,0.00985670825016,0.955177595912,0.108903277379
CH02215,test,2.34468992846,3.73464254124,1.30511046781,4.89527302935
CH02216,test,0.60016020905,3.1235396135,0.520072094072,2.8488499716
CH02217,test,0.582392779303,3.09449918611,0.512076750686,3.96713756686
CH02218,test,-1.46275910246,0.0302827384038,0.908241596105,-0.0915985596192
CH02219,test,2.49517967637,3.64466235726,1.37283085437,7.30598490741
CH02220,test,-0.0402518261106,1.91952022458,0.26811332175,1.2212246706
CH02221,test,2.32631844629,3.74553223571,1.29684330083,1.80797830345
CH02222,test,0.56365983696,3.06348401543,0.503646926632,2.66834141474
CH02223,test,-1.44542836927,0.0353373793664,0.900442766172,1.35527474057
CH02224,test,2.11237987686,3.86393445802,1.20057094459,2.62730635919
CH02225,test,-1.46434243953,0.0298449347788,0.908954097789,0.620206633077
CH02226,test,-1.45859882436,0.0314521879408,0.906369470962,0.0191623457592
CH02227,test,1.51409106913,3.98188686776,0.931340981107,4.02914322993
CH02228,test,1.35143842846,3.92874509353,0.858147292806,4.60358196383
CH02229,test,-2.44401199239,0.324807008112,1.34980539658,1.9553560808
CH02230,test,-2.40641245638,0.302255208503,1.33288560537,0.271676957032
CH02231,test,-1.05100676629,0.285130085713,0.722953044828,1.05582419733
CH02232,test,1.07153958911,3.73431379791,0.732192815101,4.16901657437
CH02233,test,-2.2713033038,0.222310723215,1.27208648671,0.0624591698548
CH02234,test,-0.774040759746,0.613338452373,0.598318341886,0.906674470941
CH02235,test,-0.295127316949,1.41908887678,0.382807292627,1.53071762207
CH02236,test,1.64755769855,3.99463580939,0.991400964348,3.83982835164
CH02237,test,-0.325429246862,1.36164873999,0.396443161088,1.98184026382
CH02238,test,-1.27536979835,0.111039295157,0.823916409255,-0.634068345257
CH02239,test,2.01760865425,3.90807882985,1.15792389441,2.07781114972
CH02240,test,0.233298903518,2.46196953077,0.354984506583,3.21040835973
CH02241,test,-0.447982498024,1.1364013863,0.451592124111,1.35712795087
CH02242,test,1.33790348894,3.92237352804,0.852056570025,3.40711468945
CH02243,test,2.38646192003,3.70970546898,1.32390786401,4.6627655913
CH02244,test,-2.43795060044,0.32117414792,1.3470777702,-0.827200115987
CH02245,test,-1.26013795045,0.12017281076,0.817062077701,-0.435861011105
CH02246,test,-1.10938821441,0.231684769125,0.749224696483,1.82112631409
CH02247,test,1.81100470571,3.97614409483,1.06495211757,4.33896167255
CH02248,test,-0.184172390518,1.63393612568,0.332877575733,1.69153503091
CH02249,test,-0.607169654007,0.865106361261,0.523226344303,1.15389372571
CH02250,test,0.520112322782,2.9898702376,0.484050545252,3.51816945069
CH02251,test,-0.837501482408,0.527699953697,0.626875667084,0.863194530546
CH02252,test,0.594640738146,3.11455794422,0.517588332166,2.17080856303
CH02253,test,-0.543832511534,0.969774970645,0.49472463019,1.33410611208
CH02254,test,2.20636271311,3.81438466409,1.2428632209,3.80866969529
CH02255,test,-0.752890589985,0.643171808928,0.588800765493,0.371788449053
CH02256,test,0.442049307754,2.85298739081,0.448922188489,3.30274660769
CH02257,test,-0.782618606729,0.601420381891,0.602178373028,0.543996573798
CH02258,test,-1.89942855444,0.0475850789453,1.1047428495,-0.579156877789
CH02259,test,-0.134761482301,1.73137180179,0.310642667036,1.80429296568
CH02260,test,2.10861284842,3.86581200036,1.19887578179,4.49122001847
CH02261,test,1.57864328025,3.99137936646,0.960389476115,4.46259355235
CH02262,test,-1.73358250848,0.0107216405375,1.03011212882,-0.141410116766
CH02263,test,-1.42240830582,0.0427998023969,0.890083737617,0.67931989657
CH02264,test,2.21590003273,3.80910206732,1.24715501473,4.10336603435
CH02265,test,-0.119096922392,1.76242397226,0.303593615076,1.23062518742
CH02266,test,-0.15253066083,1.69623554828,0.318638797374,2.26954288027
CH02267,test,-1.39984872431,0.0509482805283,0.879931925939,-0.475418773503
CH02268,test,-1.42449430116,0.0420882180086,0.89102243552,-0.287819310403
CH02269,test,-1.692631838,0.00690936948749,1.0116843271,1.55776391664
CH02270,test,-1.39545987651,0.0526301821771,0.877956944431,0.53140599177
CH02271,test,1.07063516957,3.73347208209,0.731785826305,3.7367657905
CH02272,test,2.28532157047,3.76957229714,1.27839470671,4.6737671064
CH02273,test,-0.129259327541,1.74227102524,0.308166697394,1.74583666153
CH02274,test,2.18660446865,3.82519439129,1.23397201089,3.66155267329
CH02275,test,0.39124752183,2.76084721355,0.426061384824,2.89443285854
CH02276,test,0.106667130293,2.21289029114,0.298000208632,2.05710758787
CH02277,test,0.947482571679,3.60630253902,0.676367157256,4.29684188085
CH02278,test,0.563085884384,3.0625274336,0.503388647973,2.56197140074
CH02279,test,0.796684306324,3.4178932242,0.608507937846,1.96997598454
CH02280,test,1.669336414,3.99424301843,1.0012013863,3.7936280606
CH02281,test,-0.746586778581,0.652185514868,0.585964050362,0.398509639841
CH02282,test,-0.031153008127,1.93770505363,0.264018853657,1.61726894428
CH02283,test,-2.24410234452,0.206743789777,1.25984605503,3.14026870028
CH02284,test,-2.07287055832,0.116853781937,1.18279175124,-0.596680544909
CH02285,test,-1.60378030204,0.00662702149058,0.971701135918,-0.189534940212
CH02286,test,-0.476469947871,1.0859154063,0.464411476542,0.63022399633
CH02287,test,-0.322838485924,1.366535655,0.395277318666,1.5364343032
CH02288,test,1.72098452984,3.99068964489,1.02444303843,3.23864484144
CH02289,test,-2.40496848099,0.301389012663,1.33223581644,-1.60525094092
CH02290,test,1.35072509205,3.92841689448,0.857826291424,4.25967281236
CH02291,test,-0.0267725069508,1.94646201228,0.262047628128,2.18462382948
CH02292,test,1.12847887459,3.78455554289,0.757815493565,5.76916602837
CH02293,test,0.821780109639,3.45163591384,0.619801049337,3.41196095589
CH02294,test,2.05347932021,3.8921659722,1.17406569409,4.23026695631
CH02295,test,-0.611675714925,0.85783845459,0.525254071716,1.31429738517
CH02296,test,-0.33342090121,1.34660368887,0.400039405544,0.984327468659
CH02297,test,-1.58405793518,0.00811178048521,0.962826070833,-0.00488904354968
CH02298,test,0.4203984427,2.8139944649,0.439179299215,2.81979050043
CH02299,test,1.90056230833,3.95205475436,1.10525303875,4.73447023122
CH02300,test,1.25284876766,3.87531799137,0.813781945445,4.82108440232
CH02301,test,1.00678898611,3.67063377781,0.703055043748,2.83786125035
CH02302,test,2.16340834572,3.8376357879,1.22353375557,6.25321543974
CH02303,test,-0.801901258928,0.575016334469,0.610855566518,0.231530788372
CH02304,test,1.93236345579,3.94141138613,1.1195635551,2.37045698434
CH02305,test,-1.90380508236,0.0489828445204,1.10671228706,0.754607482241
CH02306,test,-1.74278037099,0.0118836006395,1.03425116695,-1.12106432027
CH02307,test,1.58395449839,3.99187890928,0.962779524273,3.17618522982
CH02308,test,-2.3307824792,0.257108191723,1.29885211564,1.12484348516
CH02309,test,-1.23336933246,0.137172272501,0.805016199606,-0.28429839618
CH02310,test,2.27129018225,3.77769684625,1.27208058201,2.91575311572
CH02311,test,1.03776708916,3.70196220689,0.71699519012,3.96613652103
CH02312,test,-1.25344735542,0.124308335481,0.814051309938,1.29798591949
CH02313,test,-1.40241943142,0.0499777843283,0.881088744137,1.19760256586
CH02314,test,1.59682983419,3.99291546176,0.968573425388,2.46402471388
CH02315,test,1.1869679161,3.83049286662,0.784135562246,4.33872087683
CH02316,test,0.62409231542,3.16206130875,0.530841541939,2.78071336258
CH02317,test,2.14708043348,3.84621864628,1.21618619507,4.60209014741
CH02318,test,1.81089508232,3.97616793086,1.06490278704,5.87618139234
CH02319,test,1.65263281573,3.99460408924,0.993684767077,4.29407314118
CH02320,test,2.06985468857,3.88456743523,1.18143460986,2.74911067582
CH02321,test,-0.828880417658,0.538985884922,0.622996187946,-0.627633957792
CH02322,test,0.460927479001,2.88663598531,0.45741736555,3.12947868969
CH02323,test,-2.47867087678,0.345522374751,1.36540189455,-1.41084830834
CH02324,test,-0.875836935827,0.478871190897,0.644126621122,1.46071751238
CH02325,test,1.94647511529,3.93636273459,1.12591380188,4.39734159255
CH02326,test,2.15050861392,3.84442913005,1.21772887626,4.22719336755
CH02327,test,1.65548832938,3.9945702006,0.994969748223,3.35308860105
CH02328,test,0.473512301622,2.90887932831,0.46308053573,2.46166996234
CH02329,test,0.643393913895,3.19261927406,0.539527261253,3.10962527322
CH02330,test,1.56728735062,3.99016934646,0.955279307781,4.32870261423
CH02331,test,1.47679702079,3.9734594447,0.914558659356,4.87307414813
CH02332,test,0.898005312748,3.5483395224,0.654102390737,3.53271565347
CH02333,test,-1.1142125318,0.22752300013,0.75139563931,0.251169355825
CH02334,test,-0.861165529028,0.49729501747,0.637524488062,1.51814425892
CH02335,test,1.90652409912,3.95013867217,1.1079358446,3.49812599944
CH02336,test,1.56784450497,3.99023324197,0.955530027235,4.07428791619
CH02337,test,-0.438587993103,1.15321796241,0.447364596897,0.810611821721
CH02338,test,0.124947557176,2.24918178651,0.306226400729,2.79795439841
CH02339,test,-0.376810275023,1.26573631184,0.41956462376,1.4027586348
CH02340,test,-1.010681033,0.325343784715,0.704806464851,0.484641785623
CH02341,test,2.30977457619,3.75528183839,1.28939855929,3.45937321862
CH02342,test,2.45411782768,3.66914127676,1.35435302245,3.65865828845
CH02343,test,-2.02288381515,0.0941958394091,1.16029771682,-0.314993517359
CH02344,test,1.17922371334,3.82474205656,0.780650671004,4.02725155175
CH02345,test,-1.43866779828,0.0374400948164,0.897400509225,0.358727893587
CH02346,test,-1.65432825357,0.00541464131602,0.994447714108,-0.533907083712
CH02347,test,-1.69670304815,0.00718731596091,1.01351637167,-0.356820809085
CH02348,test,-1.63636779125,0.00542386419462,0.986365506063,-0.105042289199
CH02349,test,-2.08584418896,0.123042621119,1.18862988503,-0.305484331735
CH02350,test,0.597097407183,3.11856006355,0.518693833233,3.82529599576
CH02351,test,2.41729461645,3.69121588384,1.3377825774,4.13149513189
CH02352,test,1.58883467999,3.99230079339,0.964975605994,4.4544008937
CH02353,test,0.707314114463,3.29042355181,0.568291351508,3.67415716885
CH02354,test,-2.214011831,0.189848875675,1.24630532395,0.613133553379
CH02355,test,0.0187879683808,2.03757350845,0.258454585771,1.67459691361
CH02356,test,-0.357622598101,1.30132238204,0.410930169145,1.54176531923
CH02357,test,-1.21030249013,0.15279162888,0.794636120558,0.818982030843
CH02358,test,2.18068251227,3.82839717513,1.23130713052,3.32273525453
CH02359,test,-0.814445486692,0.558130174892,0.616500469011,1.27907615391
CH02360,test,0.0138857207881,2.02777046124,0.256248574355,1.93663158567
CH02361,test,0.183226480153,2.36420695168,0.332451916069,2.27168891085
CH02362,test,-0.305192991224,1.39994124384,0.387336846051,1.69367208107
CH02363,test,-0.130993560169,1.73883474168,0.308947102076,1.84147310309
CH02364,test,0.683988999292,3.25535125866,0.557795049681,2.52832564891
CH02365,test,0.38138493201,2.74270528861,0.421623219405,2.91142749458
CH02366,test,-2.0327946057,0.0985314754991,1.16475757256,0.0954578542479
CH02367,test,1.37683921063,3.93988207163,0.869577644785,4.56192270429
CH02368,test,0.244326148885,2.48333858955,0.359946766998,2.29022048807
CH02369,test,0.378799551179,2.73793654894,0.42045979803,3.16877269891
CH02370,test,-1.21430210248,0.150018920083,0.796435946118,0.608182080408
CH02371,test,1.93558785834,3.94027509312,1.12101453625,3.33698852806
CH02372,test,-0.229588508642,1.54523456785,0.353314828889,0.543577006295
CH02373,test,1.64320589946,3.99463384917,0.989442654756,3.62551957896
CH02374,test,-0.681204531942,0.748883591284,0.556542039374,1.63650392489
CH02375,test,-0.761022722075,0.631626179143,0.592460224934,0.591343947484
CH02376,test,1.15564423351,3.80660857325,0.77003990508,4.45603881132
CH02377,test,-0.0225534111824,1.9548973781,0.260149035032,2.25419041529
CH02378,test,-0.116341119472,1.76789370709,0.302353503762,1.7741234321
CH02379,test,0.954548575396,3.61426419495,0.679546858928,4.52575443372
CH02380,test,-0.112163528733,1.77618908798,0.30047358793,1.87403182472
CH02381,test,-0.678653140286,0.752772868044,0.555393913128,0.38888254847
CH02382,test,0.536727759025,3.01820159571,0.491527491561,2.83393830623
CH02383,test,-1.17560439458,0.177980363869,0.779021977563,1.02041361701
CH02384,test,-1.75072162038,0.0129751996683,1.03782472917,-0.959851741929
CH02385,test,-0.441551569567,1.14790426531,0.448698206305,0.635131993693
CH02386,test,1.57630120335,3.99114566856,0.959335541507,4.09128909655
CH02387,test,-0.634538329779,0.821343362518,0.5355422484,0.962655428622
CH02388,test,1.50264686238,3.97953325875,0.926191088073,3.79144470958
CH02389,test,-2.32901223495,0.25606065182,1.29805550573,0.760628261149
CH02390,test,-0.509953831473,1.02759555699,0.479479224163,1.8353284462
CH02391,test,0.437702310346,2.84519244991,0.446966039656,3.17911506802
CH02392,test,1.55313928194,3.98838935383,0.948912676872,3.37638190546
CH02393,test,-1.44943844017,0.034124930925,0.902247298077,-0.622699631864
CH02394,test,0.764621485457,3.37345340894,0.594079668456,3.22194764348
CH02395,test,1.03533111462,3.69955580206,0.715899001581,4.3248032698
CH02396,test,-1.03183483732,0.303915117717,0.714325676793,-0.478560137215
CH02397,test,2.45368249377,3.66940181224,1.3541571222,4.53152609869
CH02398,test,0.848459866522,3.48648506243,0.631806939935,3.06431640053
CH02399,test,-0.831808928265,0.535139698526,0.624314017719,0.902815270273
CH02400,test,-1.19915825002,0.160659917356,0.789621212511,0.4231193539
CH02401,test,1.35122435312,3.92864668834,0.858050958902,3.84163390358
CH02402,test,-0.584606953502,0.901861632006,0.513073129076,0.57251619462
CH02403,test,0.939186732585,3.59685362459,0.672634029663,3.46026115934
CH02404,test,-1.93805823324,0.0606024391247,1.12212620496,-1.05213856582
CH02405,test,1.40226839611,3.94996549578,0.881020778251,4.31535259565
CH02406,test,-0.144700258009,1.71170691913,0.315115116104,1.2475587208
CH02407,test,-0.998460153387,0.338057116757,0.699307069024,-0.14106062302
CH02408,test,-1.07168872144,0.265547539821,0.732259924648,-1.4770343943
CH02409,test,-0.391772106396,1.23819005548,0.426297447878,0.993550957236
CH02410,test,1.74358019362,3.98801015211,1.03461108713,2.66359725309
CH02411,test,0.0278252724642,2.0556426569,0.262521372609,1.72457296078
CH02412,test,-0.619646541228,0.845042254337,0.528840943553,0.271609605368
CH02413,test,1.26384366969,3.88208524881,0.818729651359,3.22494732272
CH02414,test,2.36937033331,3.71993186047,1.31621664999,7.04935296387
CH02415,test,-1.92945151496,0.0575713216798,1.11825318173,0.495957013813
CH02416,test,-2.42000743673,0.310411794085,1.33900334653,1.34795959918
CH02417,test,-0.647095629913,0.801573310045,0.541193033461,0.798263639757
CH02418,test,1.28747749713,3.89594220415,0.829364873709,5.69202637507
CH02419,test,0.747205038643,3.34870098014,0.586242267389,2.59008548711
CH02420,test,-1.29238155888,0.101300176793,0.831571701494,-0.73285089378
CH02421,test,2.21737263813,3.80828282994,1.24781768716,4.22592940626
CH02422,test,1.42844530813,3.95924020796,0.89280038866,2.4740151163
CH02423,test,1.22647739278,3.85825513453,0.801914826752,4.11126774293
CH02424,test,-0.892937948656,0.457813442778,0.651822076895,2.09142097124
CH02425,test,-0.270432082712,1.46633312796,0.37169443722,1.54186585002
CH02426,test,0.667739534663,3.2304951119,0.550482790598,4.2527889632
CH02427,test,0.438536006489,2.84668875386,0.44734120292,2.75342285142
CH02428,test,2.18656889044,3.8252136857,1.2339560007,3.05844899174
CH02429,test,-0.629257997444,0.82971527624,0.53316609885,0.932801790006
CH02430,test,1.85528054564,3.9653632633,1.08487624554,4.17656142894
CH02431,test,-0.826166020244,0.542562264458,0.62177470911,1.02692755167
CH02432,test,-1.9026393999,0.048608589874,1.10618772996,-0.0122554941112
CH02433,test,-2.01544376139,0.0909943916034,1.15694969262,0.763833695694
CH02434,test,0.0332502794665,2.06648709958,0.26496262576,2.27480820024
CH02435,test,1.43539279717,3.96151477005,0.895926758726,3.17270666262
CH02436,test,1.90802756502,3.94964961511,1.10861240426,2.92254277199
CH02437,test,-0.630699449175,0.827426447287,0.533814752129,0.397696223123
CH02438,test,0.968816879837,3.63009747298,0.685967595927,2.44078921418
CH02439,test,-2.34464898692,0.265333126433,1.30509204411,1.94821069668
CH02440,test,-2.44509724097,0.325457226279,1.35029375844,1.25254490987
CH02441,test,-1.99665913425,0.0831205324045,1.14849661041,1.56308135975
CH02442,test,-0.590666974676,0.891930716739,0.515800138604,0.709414569324
CH02443,test,-0.610457097412,0.859801573592,0.524705693835,0.330122956645
CH02444,test,0.566099554974,3.06754602781,0.504744799739,2.97374668232
CH02445,test,-0.989681977806,0.347339079461,0.695356890013,0.706172269431
CH02446,test,-0.241944949058,1.52127046232,0.358875227076,1.25057526326
CH02447,test,-0.630198050411,0.82822230926,0.533589122685,1.18948031328
CH02448,test,-1.44831403282,0.0344622864673,0.901741314771,-0.129358810701
CH02449,test,-0.508021057814,1.0309308405,0.478609476016,1.45401032573
CH02450,test,-0.207723091061,1.58782383123,0.343475390977,1.81115066497
CH02451,test,1.76105102554,3.98548359388,1.04247296149,3.88956400368
CH02452,test,2.30100654766,3.76042366083,1.28545294645,2.75756499196
CH02453,test,1.05314610075,3.71692841315,0.723915745339,3.30579370389
CH02454,test,0.16213317374,2.32270920008,0.322959928183,2.35759185829
CH02455,test,1.99268660448,3.91850537036,1.14670897202,3.24029511242
CH02456,test,-0.836263149938,0.529314238888,0.626318417472,-0.00559502487812
CH02457,test,-1.2875973216,0.103989935224,0.829418794718,0.468551021622
CH02458,test,0.473751795027,2.9093011394,0.463188307762,3.32615394962
CH02459,test,-2.39606955241,0.296052250902,1.32823129859,2.02710024558
CH02460,test,-1.20261595356,0.158196179742,0.7911771791,0.156292726117
CH02461,test,1.82608780594,3.97272820302,1.07173951267,5.7179528084
CH02462,test,1.98199791589,3.92281044071,1.14189906215,2.87467112712
CH02463,test,-0.742848611717,0.657556847433,0.584281875273,0.141506544791
CH02464,test,-0.288862752713,1.43103826106,0.379988238721,1.67634254836
CH02465,test,1.63382184705,3.99453752594,0.985219831172,3.97547868029
CH02466,test,-1.90031264514,0.0478658175337,1.10514069031,-0.667647876373
CH02467,test,1.71558514833,3.9912301282,1.02201331675,3.46057764023
CH02468,test,0.959684116238,3.62000061257,0.681857852307,3.66785188824
CH02469,test,-1.9322687746,0.0585554038744,1.11952094857,-0.840762588682
CH02470,test,0.737455824638,3.33466010954,0.581855121087,2.1779467759
CH02471,test,0.0429003308851,2.08577175542,0.269305148898,1.92418168855
CH02472,test,1.88300214065,3.95748013906,1.09735096329,3.81878907216
CH02473,test,-2.21171032734,0.188572316919,1.24526964731,2.20394483168
CH02474,test,-0.342673187738,1.32924206679,0.404202934482,1.71991643687
CH02475,test,-1.6274390237,0.00560028814349,0.982347560665,1.42474073217
CH02476,test,-1.63337779557,0.0054701622662,0.985020008009,-0.0512325597938
CH02477,test,-1.2025183823,0.158265425732,0.791133272034,0.0711489367662
CH02478,test,-1.37293658167,0.0617596484311,0.86782146175,-1.55412798651
CH02479,test,-0.25255395243,1.5007588818,0.363649278593,1.64263927505
CH02480,test,-1.96559894778,0.0707863156801,1.1345195265,-1.57159170132
CH02481,test,-1.29088462361,0.102137638099,0.830898080625,1.31051414202
CH02482,test,1.26599638523,3.88338636465,0.819698373355,4.15717551323
CH02483,test,-2.44736324666,0.326814644928,1.351313461,-0.0527603729462
CH02484,test,-0.498916463998,1.04669403058,0.474512408799,1.65953004433
CH02485,test,-0.760702694425,0.632078778663,0.592316212491,-0.415486770918
CH02486,test,-1.03623051774,0.299554573696,0.716303732984,-0.636123888795
CH02487,test,-1.79159605368,0.0198618776125,1.05621822416,-0.605822366962
CH02488,test,-0.329020468878,1.3548823789,0.398059210995,0.817551789758
CH02489,test,-1.4213340195,0.0431690259794,0.889600308774,-1.8565705275
CH02490,test,-0.163315343383,1.67496071896,0.323491904522,1.67029763555
CH02491,test,-1.36496979256,0.0651891504211,0.864236406654,1.88665512351
CH02492,test,-1.88826353918,0.0441108785832,1.09971859263,2.81479429366
CH02493,test,-1.20649038815,0.155459510314,0.792920674668,0.520195395706
CH02494,test,-2.10280137815,0.131309850004,1.19626062017,-0.501262471789
CH02495,test,0.380581042297,2.74122308671,0.421261469034,3.15549564794
CH02496,test,1.44033567244,3.9630855081,0.898151052597,4.48814555512
CH02497,test,0.35221998942,2.68860684165,0.408498995239,3.03221948499
CH02498,test,-2.05712738764,0.109509276054,1.17570732444,2.20145883712
CH02499,test,-2.36183830249,0.275570477259,1.31282723612,1.35007019169
CH02500,test,2.19176687533,3.82238813785,1.2362950939,4.9176488774
CH02501,test,-2.4248295214,0.313304855892,1.34117328463,-1.67777824152
CH02502,test,-0.35409080849,1.30790335912,0.409340863821,1.8066034237
CH02503,test,-0.0132080682277,1.97358470725,0.255943630702,1.95284177192
CH02504,test,-0.503507729842,1.03873430712,0.476578478429,1.81270411982
CH02505,test,0.5986693305,3.12111711065,0.519401198725,3.25796580272
CH02506,test,-1.51535580378,0.0178655735879,0.931910111701,-1.01796917822
CH02507,test,0.436113257017,2.84233869155,0.446250965657,2.98821147368
CH02508,test,-0.472067611396,1.09366633876,0.462430425128,0.844066106482
CH02509,test,-1.28408058489,0.105991624007,0.827836263201,0.0660661546197
CH02510,test,-1.81045961038,0.0237375241372,1.06470682467,-0.135358148013
CH02511,test,-0.169981285265,1.66183142657,0.326491578369,2.36531618997
CH02512,test,1.88592789163,3.95659908444,1.09866755123,5.23293972827
CH02513,test,-0.867788244414,0.488937736897,0.640504709986,-0.978698896067
CH02514,test,-0.266319131677,1.47423689499,0.369843609255,1.90778624436
CH02515,test,1.267281941,3.88415963868,0.820276873448,5.39024856598
CH02516,test,-1.32701056889,0.0829759232959,0.847154756,0.220258557768
CH02517,test,-2.28792488289,0.231941484039,1.2795661973,-0.0420538927018
CH02518,test,-0.819308848314,0.551645704,0.618688981741,0.412120342373
CH02519,test,1.18539771057,3.82933502672,0.783428969757,3.87914935395
CH02520,test,-2.32116951328,0.251427136181,1.29452628098,-0.606676620928
CH02521,test,-0.495343523095,1.05290321639,0.472904585393,1.41738597898
CH02522,test,-0.384138815457,1.25222107997,0.422862466956,1.73327106157
CH02523,test,-1.4895921029,0.0234023507346,0.920316446303,0.498843312313
CH02524,test,-2.07248317731,0.116670857152,1.18261742979,0.719717576044
CH02525,test,1.43805661455,3.96236617628,0.897125476547,3.42607688208
CH02526,test,0.862771696002,3.50473796052,0.638247263201,3.27014398049
CH02527,test,2.0533401894,3.89222966133,1.17400308523,3.61236717589
CH02528,test,2.20665650274,3.81422254784,1.24299542623,7.28764479395
CH02529,test,1.0913535089,3.75241211307,0.741109079003,2.51760418573
CH02530,test,1.8390926763,3.96956842157,1.07759170434,3.35795349773
CH02531,test,-0.902528720089,0.446201715867,0.65613792404,0.756828377692
CH02532,test,-0.0664139660341,1.86727929272,0.279886284715,2.51493417452
CH02533,test,1.41010482429,3.95285915573,0.884547170931,3.36025274919
CH02534,test,0.173254595946,2.34460972615,0.327964568176,2.44998661112
CH02535,test,-0.0447873450007,1.91045820055,0.27015430525,2.09034001336
CH02536,test,-0.0272124167809,1.94558254468,0.262245587551,1.71232303419
CH02537,test,2.47673598045,3.65563063332,1.3645311912,4.23682359462
CH02538,test,-2.02092098845,0.0933467553497,1.1594144448,-0.846943812208
CH02539,test,-1.75696036418,0.0138897347421,1.04063216388,-0.781217906797
CH02540,test,0.576578306885,3.08491556267,0.509460238098,3.19737143502
CH02541,test,-0.378887084973,1.26190190728,0.420499188238,1.1118424671
CH02542,test,0.294057795638,2.57887280134,0.382326008037,2.18712151664
CH02543,test,-0.984592732349,0.352777670656,0.693066729557,1.03557756985
CH02544,test,1.82963507662,3.97188586616,1.07333578448,4.07926389565
CH02545,test,1.4116637207,3.95342282858,0.885248674314,5.83558344964
CH02546,test,-2.21560115093,0.190731774446,1.24702051792,0.266104972946
CH02547,test,-1.55720479034,0.011068062581,0.950742155655,-1.11153963257
CH02548,test,-0.704995339778,0.713030568489,0.5672479029,1.08516421449
CH02549,test,1.56608029959,3.99002931234,0.954736134817,1.96964494466
CH02550,test,-0.993852599945,0.34291349001,0.697233669975,-1.08476445761
CH02551,test,2.15268725443,3.84328837075,1.21870926449,4.84088955516
CH02552,test,-0.279062146507,1.4497810966,0.375577965928,1.22787858503
CH02553,test,-0.549211852995,0.960708292019,0.497145333848,1.05174708817
CH02554,test,1.74832174784,3.98736327523,1.03674478653,5.62124925847
CH02555,test,-2.27679051882,0.225480879577,1.27455573347,-0.930881228374
CH02556,test,-0.948142262758,0.392950778917,0.676664018241,-0.737468773235
CH02557,test,1.0747166503,3.73725980595,0.733622492633,3.73508062161
CH02558,test,1.46756104773,3.97103269246,0.910402471478,3.70339724536
CH02559,test,2.29197538223,3.76569944259,1.281388922,1.39156870195
CH02560,test,0.56792830317,3.07058637857,0.505567736427,3.90389743206
CH02561,test,-1.78638135417,0.0188670774309,1.05387160938,-0.978982337807
CH02562,test,-0.886464905944,0.465731106777,0.648909207675,0.672288814855
CH02563,test,-0.105416936903,1.78959467685,0.297437621606,1.65330138088
CH02564,test,-0.178139517824,1.64578536977,0.330162783021,1.23589813604
CH02565,test,-0.315931524956,1.37958664855,0.39216918623,1.44439619302
CH02566,test,-1.39407231831,0.0531684957192,0.877332543241,0.510296301344
CH02567,test,-2.21627427916,0.191106043489,1.24732342562,-0.0709043987085
CH02568,test,1.3475806519,3.92696009147,0.856411293357,4.04265117249
CH02569,test,-1.73255433565,0.0105986244865,1.02964945104,0.67352336123
CH02570,test,0.639585476609,3.18662649089,0.537813464474,3.28110441145
CH02571,test,0.983314362825,3.6458496147,0.692491463271,4.07088873441
CH02572,test,-0.588703622686,0.895143473979,0.514916630209,1.15641410083
CH02573,test,0.171946325477,2.34203581966,0.327375846465,2.58609903729
CH02574,test,2.24569732456,3.79235066741,1.26056379605,4.00472776704
CH02575,test,-0.435667753016,1.15846179443,0.446050488857,1.17542373295
CH02576,test,-2.18255626901,0.172614298045,1.23215032105,-0.391748473874
CH02577,test,-1.45085531983,0.033702719218,0.902884893922,-1.28061280181
CH02578,test,1.31359902709,3.91016554077,0.841119562191,4.05732417902
CH02579,test,2.0866036848,3.87659135853,1.18897165816,4.80997708543
CH02580,test,0.0712543469084,2.14237628205,0.282064456109,2.28503366109
CH02581,test,-1.21655493656,0.148469057642,0.797449721452,1.13100045446
CH02582,test,-1.70576939137,0.00788718977004,1.01759622612,-1.19992003725
CH02583,test,0.0173722851155,2.03474265051,0.257817528302,2.24401618352
CH02584,test,-2.09891240483,0.129396445542,1.19451058217,1.18073408594
CH02585,test,1.48105293824,3.97453205724,0.916473822208,3.30914239873
CH02586,test,-0.276063680198,1.45552700888,0.374228656089,1.5665855409
CH02587,test,-0.496879919653,1.05023161894,0.473595963844,1.50060997678
CH02588,test,0.189067504073,2.37566773312,0.335080376833,2.8625974878
CH02589,test,-1.22485564589,0.142832508351,0.801185040651,0.530859333804
CH02590,test,1.12678912415,3.78314276963,0.757055105865,4.14591565403
CH02591,test,-0.109714478565,1.7810541338,0.299371515354,2.10214831994
CH02592,test,0.592834603499,3.11161105544,0.516775571574,3.55116022671
CH02593,test,1.96287543632,3.93025299236,1.13329394635,4.90120182503
CH02594,test,0.354336323238,2.69255442582,0.409451345457,3.33352208506
CH02595,test,1.88371342438,3.95726679392,1.09767104097,5.31122296896
CH02596,test,-1.02193409309,0.313853127431,0.709870341888,-0.0439831345543
CH02597,test,-0.1512918821,1.69868180431,0.318081346945,1.6539420549
CH02598,test,1.20463761811,3.84323496854,0.792086928149,2.61124910506
CH02599,test,0.271265895125,2.53526799533,0.372069652806,1.97676084856
CH02600,test,-0.624779720402,0.836842498251,0.531150874181,-0.296298938052
CH02601,test,-0.33807686374,1.33785922918,0.402134588683,1.40234100135
CH02602,test,-0.392023956591,1.23772793413,0.426410780466,1.97057206531
CH02603,test,-1.50965469989,0.0190012220886,0.929344614948,-0.776838841855
CH02604,test,-2.47325403871,0.342293237751,1.36296431742,1.71166140343
CH02605,test,0.965808268933,3.62678605464,0.68461372102,2.53651995998
CH02606,test,0.128400889892,2.25602771402,0.307780400451,2.66456314158
CH02607,test,0.829983928629,3.46246492169,0.623492767883,4.54392187417
CH02608,test,-0.821784288107,0.548358545181,0.619802929648,0.704080870881
CH02609,test,-0.0421607520851,1.91570593296,0.268972338438,1.69979158198
CH02610,test,1.56434468497,3.98982410004,0.953955108237,2.89850860451
CH02611,test,-1.97676769272,0.0751205160338,1.13954546172,0.945033119656
CH02612,test,-1.82040147932,0.0259523595404,1.06918066569,-0.451768246784
CH02613,test,0.302680929815,2.59528625161,0.386206418417,3.04211236403
CH02614,test,-2.46259398019,0.335928136292,1.35816729109,1.12726802307
CH02615,test,0.246938322138,2.48839127047,0.361122244962,2.13527149392
CH02616,test,-2.30994041628,0.244815592919,1.28947318733,1.47866005984
CH02617,test,2.11096536296,3.86464056169,1.19993441333,3.42345675808
CH02618,test,-0.0910108060449,1.81825422567,0.29095486272,1.73018048984
CH02619,test,0.681277695255,3.25122781149,0.556574962865,2.45592197873
CH02620,test,1.24401215258,3.86973131658,0.809805468659,4.62379965944
CH02621,test,-0.476672950889,1.0855584484,0.4645028279,1.03797251111
CH02622,test,-0.758297178087,0.635485408882,0.591233730139,1.06304056239
CH02623,test,1.59054781633,3.9924404849,0.965746517348,4.78945943912
CH02624,test,-1.64357505974,0.00536493688752,0.989608776882,-0.066172734284
CH02625,test,-2.26129208514,0.216551762839,1.26758143831,1.10319757614
CH02626,test,-0.0950183495385,1.81027718546,0.292758257292,1.72636353743
CH02627,test,-1.3320243643,0.0804890919996,0.849410963933,0.427800968794
CH02628,test,0.306728797318,2.60297450788,0.388027958793,2.84190978887
CH02629,test,2.20947909118,3.81266301775,1.24426559103,4.16749955692
CH02630,test,-0.603835590103,0.870499620357,0.521726015546,1.13553461894
CH02631,test,0.575143254736,3.08254425636,0.508814464631,2.55022353404
CH02632,test,-1.05424433847,0.282017789806,0.724409952311,-0.801123244393
CH02633,test,2.3033567143,3.75904730342,1.28651052144,3.47447069568
CH02634,test,-0.954677766074,0.385590981138,0.679604994733,0.464316629381
CH02635,test,0.352717542219,2.68953522531,0.408722893998,2.37643814792
CH02636,test,-0.953699146696,0.386688686723,0.679164616013,0.489703921118
CH02637,test,-2.05108393888,0.106739588705,1.17298777249,-0.150265767585
CH02638,test,1.82995031756,3.97181029672,1.0734776429,4.23847910963
CH02639,test,-0.673629722065,0.760455245415,0.553133374929,1.92104193618
CH02640,test,0.543903802576,3.03034539601,0.494756711159,2.95142923515
CH02641,test,-1.31023569866,0.0916016328112,0.839606064396,0.870521379391
CH02642,test,-1.24802251309,0.12771692498,0.811610130892,-0.00672809041625
CH02643,test,-0.413701178134,1.19815148172,0.43616553016,1.14561122696
CH02644,test,1.39417089078,3.94686985044,0.877376900853,4.81382593562
CH02645,test,0.327076340651,2.64145572996,0.397184353293,2.19236342101
CH02646,test,-1.31684338763,0.0881477397699,0.842579524432,-0.599218126287
CH02647,test,-1.92887919069,0.0573723749342,1.11799563581,1.06487787146
CH02648,test,1.64659496647,3.99463769878,0.990967734914,4.46741783553
CH02649,test,-0.877117467601,0.477278776155,0.64470286042,0.229161079035
CH02650,test,1.89349583921,3.95427748292,1.10207312765,4.94266323138
CH02651,test,-0.830835848743,0.536416283679,0.623876131934,0.189859131403
CH02652,test,-1.18139664963,0.173634106936,0.781628492336,0.984751996847
CH02653,test,-2.16688807391,0.164212483605,1.22509963326,0.407396346012
CH02654,test,-0.209178124902,1.58498279102,0.344130156206,1.49535796531
CH02655,test,1.38113974792,3.94166208378,0.871512886564,4.07735032157
CH02656,test,1.31727491598,3.9120752814,0.842773712192,4.19506628896
CH02657,test,1.87165638074,3.9608089133,1.09224537133,1.49521113793
CH02658,test,1.36802415693,3.93613808069,0.86561087062,5.37932213534
CH02659,test,0.769489538609,3.38029537202,0.596270292374,4.02797819493
CH02660,test,0.78608537942,3.40336637983,0.603738420739,3.80606241784
CH02661,test,-2.4212673642,0.311167727935,1.33957031389,0.185787128176
CH02662,test,-0.428341650663,1.17165110087,0.442753742798,1.23602453208
CH02663,test,0.730250105127,3.32419783659,0.578612547307,2.43006514544
CH02664,test,-1.39700486891,0.0520345065428,0.878652191009,-1.21383877382
CH02665,test,-0.841177201986,0.522921831732,0.628529740893,0.273176157264
CH02666,test,0.83496470746,3.46899065272,0.625734118357,3.0855302601
CH02667,test,-0.851574722755,0.509515934844,0.63320862524,-0.219826545167
CH02668,test,0.145623898213,2.2901190445,0.315530754196,1.89108179178
CH02669,test,-0.262222362538,1.48211920988,0.368000063142,1.13062801935
CH02670,test,0.0680659217341,2.13601641898,0.28062966478,2.20333087245
CH02671,test,1.5931515737,3.99264445143,0.966918208166,3.73693955854
CH02672,test,-1.03302972393,0.302726633427,0.71486337577,-1.36254877677
CH02673,test,-1.54432253852,0.0128739070828,0.944945142333,0.0146855336751
CH02674,test,-1.99918334405,0.0841608597403,1.14963250482,0.573750498539
CH02675,test,1.42588635112,3.95838271353,0.891648858002,3.85386216015
CH02676,test,0.703475334854,3.28470127069,0.566563900684,2.43175736741
CH02677,test,1.28896426422,3.89678250228,0.8300339189,5.72936882924
CH02678,test,2.30615038372,3.75740943294,1.28776767267,3.97858805788
CH02679,test,0.19483506242,2.38697060224,0.337675778089,2.31932222868
CH02680,test,-1.16700016318,0.184541175788,0.77515007343,0.562469664236
CH02681,test,0.0653234735479,2.13054491659,0.279395563097,1.85469472661
CH02682,test,0.803814033581,3.42757340312,0.611716315112,3.28194342981
CH02683,test,-1.58674773677,0.00787527730356,0.964036481548,-0.412268524682
CH02684,test,-2.19257093272,0.178050118378,1.23665691972,1.18273563636
CH02685,test,0.66579900732,3.2275038869,0.549609553294,3.37649693028
CH02686,test,-1.81524016294,0.0247878419423,1.06685807332,-0.766154005844
CH02687,test,-0.728958132769,0.677685586124,0.578031159746,0.0117315597346
CH02688,test,-0.528979586646,0.994973160891,0.488040813991,1.33433984667
CH02689,test,2.31759346919,3.75068140016,1.29291706113,2.81356689232
CH02690,test,1.69847006448,3.99268502412,1.01431152902,3.38743804622
CH02691,test,2.4289306786,3.68423493129,1.34301880537,4.34050300523
CH02692,test,-1.57520247906,0.00896679980336,0.958841115577,0.973857466457
CH02693,test,-1.77655807398,0.0170844803062,1.04945113329,1.08631414343
CH02694,test,0.81850701817,3.44728759516,0.618328158177,3.56742334752
CH02695,test,-1.38609016539,0.0563266381386,0.873740574426,-0.0167410983525
CH02696,test,-0.413543065809,1.19843870063,0.436094379614,1.16350624664
CH02697,test,-0.595303885168,0.88436103103,0.517886748326,0.265954000403
CH02698,test,-2.46101452658,0.334984007342,1.35745653696,2.2548636001
CH02699,test,1.35501049817,3.93037585879,0.859754724178,4.93211690902
CH02700,test,0.656731551443,3.21346280796,0.545529198149,2.07261095557
CH02701,test,-0.227410369693,1.54946683387,0.352334666362,1.48822713512
CH02702,test,2.30943083509,3.75548376631,1.28924387579,4.41071646508
CH02703,test,0.264232722008,2.52174997984,0.368904724904,2.01704622938
CH02704,test,1.89066140624,3.95515416411,1.10079763281,4.71227670357
CH02705,test,1.37346271972,3.9384631485,0.868058223876,2.04285251092
CH02706,test,1.2677555197,3.88444379886,0.820489983867,3.25308455676
CH02707,test,1.34549577839,3.92598511904,0.855473100277,4.87457193383
CH02708,test,-2.02166699785,0.0936690891866,1.15975014903,0.746634911798
CH02709,test,-1.61800954325,0.00591171554572,0.978104294461,-0.611953038359
CH02710,test,-1.73482534825,0.0108721905634,1.03067140671,0.200030982466
CH02711,test,-1.74078296718,0.011621896729,1.03335233523,-0.664442815132
CH02712,test,-1.23701305168,0.134787198098,0.806655873254,0.378819836547
CH02713,test,0.713845067021,3.30011337046,0.57123028016,3.13901542593
CH02714,test,-2.24585627983,0.207739630794,1.26063532592,-0.130021762402
CH02715,test,1.17797449759,3.82380490707,0.780088523915,1.94508870081
CH02716,test,0.632196653404,3.17494819095,0.534488494032,2.99063294539
CH02717,test,2.31225544202,3.75382365958,1.29051494891,1.98453799454
CH02718,test,-1.5326011409,0.0147377720367,0.939670513406,-0.357603929634
CH02719,test,2.21765449893,3.80812591837,1.24794452452,4.52005492192
CH02720,test,-1.8675799486,0.038029524211,1.09041097687,-0.560524638347
CH02721,test,-1.68766621108,0.00660101594563,1.00944979499,1.04777622145
CH02722,test,1.54891042774,3.98779825889,0.947009692483,2.41161566932
CH02723,test,0.0507613101188,2.10147473709,0.272842589553,1.85328545866
CH02724,test,-1.77741749222,0.0172356436299,1.0498378715,-0.0339748454058
CH02725,test,-2.30272892114,0.240584899039,1.28622801451,0.460692436174
CH02726,test,0.434069639371,2.8386652196,0.445331337717,3.11759883909
CH02727,test,0.541814603163,3.02681571354,0.493816571423,3.48399108431
CH02728,test,-1.94170996754,0.0619106175946,1.12376948539,-2.13092747446
CH02729,test,0.676975458408,3.2446650854,0.554638956284,2.52739710613
CH02730,test,2.01858418185,3.90765992741,1.15836288183,3.34542289916
CH02731,test,-0.747222361903,0.651274188509,0.586250062856,-0.226278405617
CH02732,test,-2.29998963516,0.238981223548,1.28499533582,1.58230373001
CH02733,test,1.69419122917,3.99298683934,1.01238605313,2.11040600479
CH02734,test,-1.20794021278,0.154441963413,0.793573095753,-0.0308338239665
CH02735,test,-1.78713525747,0.019008827063,1.05421086586,0.339152174352
CH02736,test,1.58951061044,3.9923564308,0.965279774697,4.5361037035
CH02737,test,-0.628836565476,0.830384937132,0.532976454464,0.587562026504
CH02738,test,0.847475985218,3.48521886522,0.631364193348,3.03679454258
CH02739,test,-1.98845802549,0.0797792763113,1.14480611147,1.21910410541
CH02740,test,2.13536765458,3.85228079355,1.21091544456,3.00801251575
CH02741,test,-0.631819550132,0.825649651842,0.534318797559,0.003161042102
CH02742,test,1.32422906768,3.91562635701,0.845903080454,4.69324108208
CH02743,test,-2.06201390995,0.111769100566,1.17790625948,-3.96592904024
CH02744,test,-0.301159204997,1.40760676664,0.385521642249,1.70504026447
CH02745,test,-0.860477295543,0.498167338043,0.637214782994,1.13214312904
CH02746,test,-2.20098848942,0.182656784603,1.24044482024,-0.359909053048
CH02747,test,-1.88248864381,0.0423661805115,1.09711988972,-1.33412425393
CH02748,test,-1.708550994,0.00812418511141,1.0188479473,0.633139567217
CH02749,test,-0.956288922322,0.383787102738,0.680330015045,0.500686936257
CH02750,test,0.757254063469,3.36303482385,0.590764328561,3.21470458818
CH02751,test,1.0075519198,3.67142422065,0.703398363909,5.36907994366
CH02752,test,1.56714605859,3.99015306836,0.955215726367,3.97970616206
CH02753,test,1.81982028315,3.97418035036,1.06891912742,4.9532680164
CH02754,test,-1.14006702177,0.205885166126,0.763030159797,-1.43483236012
CH02755,test,-0.955159063352,0.385051677489,0.679821578508,0.0669458878899
CH02756,test,-0.34231200956,1.32991864718,0.404040404302,1.32711240703
CH02757,test,1.07271706967,3.73540760451,0.732722681352,4.60765050535
CH02758,test,2.14443064569,3.84759717303,1.21499379056,3.13148238483
CH02759,test,-2.37274246488,0.282083730424,1.3177341092,1.57468283989
CH02760,test,0.274050047726,2.54061130117,0.373322521477,2.03327751723
CH02761,test,0.602664276098,3.12760248013,0.521198924244,3.00383189282
CH02762,test,-2.43647095748,0.320287052219,1.34641193087,-0.773579163028
CH02763,test,-1.2729842065,0.112443960605,0.822842892926,0.466225607902
CH02764,test,1.75000322541,3.98712690002,1.03750145144,4.02334988806
CH02765,test,-0.850108463722,0.511396563897,0.632548808675,-0.12372079086
CH02766,test,-1.17383291654,0.179320916863,0.778224812442,-0.644989054384
CH02767,test,-1.22616162644,0.141956289359,0.801772731898,-0.100220024003
CH02768,test,-0.39612192092,1.23021592633,0.428254864414,1.08378810233
CH02769,test,-1.53685877017,0.0140363254461,0.941586446576,-0.993442147801
CH02770,test,0.751966865819,3.35551085192,0.588385089618,3.79611920488
CH02771,test,0.44354190547,2.85565988877,0.449593857462,2.81266726955
CH02772,test,-0.267183347971,1.47257533978,0.370232506587,1.89665207957
CH02773,test,0.261257266969,2.51602253,0.367565770136,2.20521999247
CH02774,test,-1.69651814468,0.00717420283584,1.01343316511,-2.1816860603
CH02775,test,-1.60815006704,0.00637579898591,0.973667530166,-0.289111838201
CH02776,test,0.0261882209703,2.05236986579,0.261784699437,1.78987931859
CH02777,test,1.4080087414,3.952094992,0.883603933629,4.46063391192
CH02778,test,-0.669303511342,0.767097630594,0.551186580104,0.899595946357
CH02779,test,1.85765709675,3.96472088204,1.08594569354,4.28074703701
CH02780,test,-0.720690626947,0.689791975128,0.574310782126,0.278427314157
CH02781,test,-0.362823834545,1.29164786625,0.413270725545,1.08123503176
CH02782,test,-1.77466204519,0.0167542524278,1.04859792034,-0.255220116097
CH02783,test,1.84303998616,3.96857061152,1.07936799377,5.48175314145
CH02784,test,-0.0222188842758,1.95556624776,0.259998497924,1.54097339108
CH02785,test,-2.22085382122,0.193657536006,1.24938421955,0.981025916252
CH02786,test,1.24378713072,3.86958733268,0.809704208825,4.19749895041
CH02787,test,-0.529239255856,0.994530579906,0.488157665135,1.3393625396
CH02788,test,-1.13523367086,0.209844831426,0.760855151888,-0.490150364275
CH02789,test,0.307316610508,2.60409007121,0.388292474729,2.3699959214
CH02790,test,0.295655852675,2.58191815351,0.383045133704,2.2963990272
CH02791,test,-0.4779335884,1.08334266566,0.46507011478,0.853562441921
CH02792,test,-0.758010076696,0.635892539404,0.591104534513,1.40549712206
CH02793,test,1.680642416,3.99377732517,1.0062890872,1.63992774405
CH02794,test,0.407254742606,2.79012078474,0.433264634173,2.28093094632
CH02795,test,-0.142067617404,1.71691291507,0.313930427832,1.37267648198
CH02796,test,0.444931280517,2.85814572192,0.450219076233,3.42414511273
CH02797,test,0.303613115264,2.59705772988,0.386625901869,2.96386362717
CH02798,test,1.50790663442,3.98064040432,0.928557985488,4.37602711614
CH02799,test,1.25258971989,3.87515609133,0.813665373949,3.15119688938
CH02800,test,-1.31714335565,0.0879926781998,0.842714510041,0.0576118933424
